open,high,low,close,volume,log_return,next_log_return,label,body,body_abs,wick_upper,wick_lower,range,body_to_range,upper_wick_pct,lower_wick_pct,gap,gap_pct,is_bullish,sma_5,close_to_sma_5,sma_10,close_to_sma_10,sma_20,close_to_sma_20,sma_50,close_to_sma_50,sma_100,close_to_sma_100,sma_200,close_to_sma_200,ema_5,close_to_ema_5,ema_12,close_to_ema_12,ema_26,close_to_ema_26,ema_50,close_to_ema_50,macd_line,macd_signal,macd_hist,macd_cross,adx,plus_di,minus_di,di_diff,sma5_above_sma20,sma20_above_sma50,sma50_above_sma200,golden_cross,death_cross,rsi,rsi_overbought,rsi_oversold,stoch_k,stoch_d,stoch_kd_diff,cci,williams_r,mfi,roc_5,roc_10,roc_21,atr,atr_pct,bb_upper,bb_lower,bb_mid,bb_width,bb_pct_b,bb_squeeze,hvol_5d,hvol_10d,hvol_21d,hvol_63d,kc_upper,kc_lower,kc_pct,volume_sma20,volume_ratio,obv,obv_ema,obv_diff,vwap_proxy,close_to_vwap,day_of_week,day_of_month,month,quarter,week_of_year,is_month_start,is_month_end,is_quarter_end,dow_sin,dow_cos,month_sin,month_cos,return_lag_1,close_lag_1,rsi_lag_1,return_lag_2,close_lag_2,rsi_lag_2,return_lag_3,close_lag_3,rsi_lag_3,return_lag_5,close_lag_5,rsi_lag_5,return_lag_10,close_lag_10,rsi_lag_10,return_lag_21,close_lag_21,rsi_lag_21,ret_mean_15d,ret_std_15d,ret_skew_15d,ret_kurt_15d,ret_min_15d,ret_max_15d,pos_days_15d,ret_mean_30d,ret_std_30d,ret_skew_30d,ret_kurt_30d,ret_min_30d,ret_max_30d,pos_days_30d,ret_mean_63d,ret_std_63d,ret_skew_63d,ret_kurt_63d,ret_min_63d,ret_max_63d,pos_days_63d
1.1131023168563843,1.118956208229065,1.112681269645691,1.1131023168563843,0,,0.004138093124158529,3,0.0,0.0,0.005853891372680664,0.0004210472106933594,0.0062749385833740234,0.0,0.932900171310206,0.06709981275338345,,,0,,,,,,,,,,,,,1.1131023168563843,-8.983902510806274e-11,1.1131023168563843,-8.983902510806274e-11,1.1131023168563843,-8.983902510806274e-11,1.1131023168563843,-8.983902510806274e-11,0.0,0.0,0.0,1,0.0,0.0,0.0,0.0,0,0,0,0,0,,0,0,,,,,,,,,,0.0062749385833740234,0.005637342127300504,,,,,,0,,,,,1.1256521940231323,1.1005524396896362,0.4999999980079486,,,,,,,,3,26,9,3,39,0,0,0,-0.587785252292473,-0.8090169943749475,-1.0,-1.8369701987210297e-16,,,,,,,,,,,,,,,,,,,,,,,,,,,,,,,,,,,,,,,
1.117717981338501,1.1199839115142822,1.1126564741134644,1.117717981338501,0,0.004138093124158529,-0.0006591266714528767,2,0.0,0.0,0.00226593017578125,0.005061507225036621,0.007327437400817871,0.0,0.30923909968912494,0.6907608866635393,0.004615664482116699,0.004146666853355907,0,,,,,,,,,,,,,1.1146408716837566,0.0027606286765888832,1.1138124190844023,0.0035064810616480813,1.1134442179291337,0.0038383272733071294,1.1132833233066635,0.0039834046182130045,0.0003682011552685882,7.364023105371764e-05,0.00029456092421487057,1,13.333333332709099,2.135951643307106,0.0,2.135951643307106,0,0,0,0,0,,0,0,,,,,,,,,,0.006415271759033203,0.005739615775686779,,,,,,0,,,,,1.1263724474679857,1.1007113604318528,0.6627396889472178,,,0.0,0.0,0.0,,,4,27,9,3,39,0,0,0,-0.9510565162951536,0.30901699437494723,-1.0,-1.8369701987210297e-16,,1.1131023168563843,,,,,,,,,,,,,,,,,,,,,,,,,,,,,,,,,,,,,
1.1169815063476562,1.1208375692367554,1.1136106252670288,1.1169815063476562,0,-0.0006591266714528767,-0.0029778807029176247,1,0.0,0.0,0.003856062889099121,0.0033708810806274414,0.0072269439697265625,0.0,0.5335675566180241,0.4664324295448687,-0.0007364749908447266,-0.0006589094951276391,0,,,,,,,,,,,,,1.11542108323839,0.0013989541999654964,1.1142999709710568,0.0024064752276911072,1.1137062392934687,0.002940871513812615,1.1134283500925848,0.0031911852742538827,0.0005937316775881385,0.00017765852036060183,0.00041607315722753664,0,24.888888887973906,3.56523397555599,0.0,3.56523397555599,0,0,0,0,0,,0,0,,,,,,,,,,0.006523494720458984,0.005840288924035723,,,,,,0,,,,,1.126916474571574,1.1008224956897381,0.6192620400731694,,,0.0,0.0,0.0,,,0,30,9,3,40,0,1,1,0.0,1.0,-1.0,-1.8369701987210297e-16,0.004138093124158529,1.117717981338501,,,1.1131023168563843,,,,,,,,,,,,,,,,,,,,,,,,,,,,,,,,,,
1.113660216331482,1.1145787239074707,1.1061090230941772,1.113660216331482,0,-0.0029778807029176247,-0.006549189271602771,0,0.0,0.0,0.0009185075759887695,0.0075511932373046875,0.008469700813293457,0.0,0.10844628227038615,0.8915537059228216,-0.0033212900161743164,-0.002973451213831675,0,,,,,,,,,,,,,1.114834127602754,-0.0010529919582665803,1.114201547180353,-0.0004858465240803467,1.1137028301851735,-3.8263307349795106e-05,1.113437442886267,0.00020007710951186475,0.00049871699517956,0.00024187021532439347,0.0002568467798551666,0,30.4310650199661,2.837635631887271,14.080852285867213,-11.243216653979943,0,0,0,0,0,,0,0,,,,,,,,,,0.0071033598581949865,0.006378390601898655,,,,,,0,,,,,1.12805627448522,1.09964283505244,0.49333630526745254,,,0.0,0.0,0.0,,,1,1,10,4,40,1,0,0,0.9510565162951535,0.30901699437494745,-0.8660254037844386,0.5000000000000001,-0.0006591266714528767,1.1169815063476562,,0.004138093124158529,1.117717981338501,,,1.1131023168563843,,,,,,,,,,,,,,,,,,,,,,,,,,,,,,,
1.1063904762268066,1.108217477798462,1.1034117937088013,1.1063904762268066,0,-0.006549189271602771,-0.0013930498135304333,1,0.0,0.0,0.0018270015716552734,0.002978682518005371,0.0048056840896606445,0.0,0.3801751216998486,0.61982485749146,-0.007269740104675293,-0.006527790072244683,0,1.113570499420166,-0.006447749196349273,,,,,,,,,,,1.112019577144105,-0.005062052082975832,1.1129998439567306,-0.005938336707967284,1.1131611743364056,-0.006082406002910545,1.1131610912525627,-0.006082331819134423,-0.00016133037967502872,0.00016123009632450905,-0.0003225604759995378,1,36.38224842264906,2.322195110606372,16.303748929168783,-13.98155381856241,0,0,0,0,0,,0,0,,,,,,,,,,0.00752270156012641,0.006799318794845037,,,,,,0,,,,,1.1281845694565091,1.0980937632160037,0.2757225219197489,,,0.0,0.0,0.0,,,2,2,10,4,40,0,0,0,0.5877852522924732,-0.8090169943749473,-0.8660254037844386,0.5000000000000001,-0.0029778807029176247,1.113660216331482,,-0.0006591266714528767,1.1169815063476562,,0.004138093124158529,1.117717981338501,,,,,,,,,,,,,,,,,,,,,,,,,,,,,,,
1.1048502922058105,1.1048502922058105,1.1009578704833984,1.1048502922058105,0,-0.0013930498135304333,-0.0011704967526170221,1,0.0,0.0,0.0,0.0038924217224121094,0.0038924217224121094,0.0,0.0,0.9999999743090537,-0.0015401840209960938,-0.001392079969912135,0,1.1119200944900514,-0.00635819284014949,,,,,,,,,,,1.1096298154980069,-0.004307313416610503,1.1117460667642813,-0.006202652623652272,1.112545553437843,-0.00691680561534036,1.1128351775644547,-0.007175263344390559,-0.0007994866735616668,-3.091325765272612e-05,-0.0007685734159089407,0,42.24559801725011,2.0899931589292002,19.190183677178894,-17.100190518249693,0,0,0,0,0,,0,0,,,,,,,-0.7413536496697848,,,0.007244022117897316,0.006556564421754481,,,,,,0,0.06157608417232205,,,,1.126837793988199,1.0978617055166098,0.2411846123376707,,,0.0,0.0,0.0,,,3,3,10,4,40,0,0,0,-0.587785252292473,-0.8090169943749475,-0.8660254037844386,0.5000000000000001,-0.006549189271602771,1.1063904762268066,,-0.0029778807029176247,1.113660216331482,,-0.0006591266714528767,1.1169815063476562,,,1.1131023168563843,,,,,,,,,,,,,,,,,,,,,,,,,,,,
1.103557825088501,1.1039965152740479,1.0956143140792847,1.103557825088501,0,-0.0011704967526170221,-0.005546439110082104,0,0.0,0.0,0.000438690185546875,0.007943511009216309,0.008382201194763184,0.0,0.052335916320805684,0.947664071749154,-0.0012924671173095703,-0.001169811988384603,0,1.1090880632400513,-0.0049862931847772796,,,,,,,,,,,1.1076058186948383,-0.003654724124455999,1.1104863372756997,-0.006239169320688909,1.111879795782336,-0.007484595749157608,1.1124713598202995,-0.008012372410591495,-0.0013934585066364136,-0.00030342230744946364,-0.0010900361991869499,0,48.23808000446823,1.7472658183447496,25.53077428436195,-23.7835084660172,0,0,0,0,0,,0,0,,,,,,,-1.2668809562357386,,,0.007509616252381125,0.006804914143124663,,,,,,0,0.038060404370696334,,,,1.1265316560986995,1.096493191089175,0.23518625114722877,,,0.0,0.0,0.0,,,4,4,10,4,40,0,0,0,-0.9510565162951536,0.30901699437494723,-0.8660254037844386,0.5000000000000001,-0.0013930498135304333,1.1048502922058105,,-0.006549189271602771,1.1063904762268066,,-0.0029778807029176247,1.113660216331482,,0.004138093124158529,1.117717981338501,,,,,,,,,,,,,,,,,,,,,,,,,,,,
1.0974539518356323,1.0985027551651,1.095554232597351,1.0974539518356323,0,-0.005546439110082104,0.00010970371752365722,2,0.0,0.0,0.0010488033294677734,0.00189971923828125,0.0029485225677490234,0.0,0.35570468592274934,0.6442952801619611,-0.006103873252868652,-0.005531086014297472,0,1.1051825523376464,-0.006993053396443405,,,,,,,,,,,1.104221863075103,-0.006129122747135396,1.1084813549003047,-0.009948208073079723,1.1108112147492468,-0.012024782280783186,1.1118824418601165,-0.012976632762586426,-0.002329859848942073,-0.0007087098157479855,-0.0016211500331940875,0,53.4392372249269,1.501131288981705,22.040042403447565,-20.53891111446586,0,0,0,0,0,,0,0,,,,,,,-1.7482433147774978,,,0.007575479750883629,0.0069027768659654385,,,,,,0,0.038575498683308104,,,,1.125324481023485,1.0950225620199503,0.08023880624110057,,,0.0,0.0,0.0,,,0,7,10,4,41,0,0,0,0.0,1.0,-0.8660254037844386,0.5000000000000001,-0.0011704967526170221,1.103557825088501,,-0.0013930498135304333,1.1048502922058105,,-0.006549189271602771,1.1063904762268066,,-0.0006591266714528767,1.1169815063476562,,,,,,,,,,,,,,,,,,,,,,,,,,,,
1.0975743532180786,1.0997470617294312,1.096166729927063,1.0975743532180786,0,0.00010970371752365722,0.0,2,0.0,0.0,0.002172708511352539,0.001407623291015625,0.003580331802368164,0.0,0.6068455580655607,0.39315441400406786,0.00012040138244628906,0.00010970973518654824,0,1.1019653797149658,-0.003984722820987829,,,,,,,,,,,1.102006026456095,-0.004021460165572588,1.1068033546415008,-0.00833842930081985,1.1098307064876787,-0.011043444100842903,1.1113213403447424,-0.01236994803065905,-0.0030273518461778615,-0.0011724382218339607,-0.0018549136243439007,0,55.52673354751646,3.755087457629339,20.546114983501326,-16.791027525871986,0,0,0,0,0,,0,0,,,,,,,-1.4444139134638267,,,0.007042793357748234,0.006416689071184248,,,,,,0,0.04671539539756301,,,,1.1230591874463913,1.0948880140153983,0.09535773153805345,,,0.0,0.0,0.0,,,1,8,10,4,41,0,0,0,0.9510565162951535,0.30901699437494745,-0.8660254037844386,0.5000000000000001,-0.005546439110082104,1.0974539518356323,,-0.0011704967526170221,1.103557825088501,,-0.0013930498135304333,1.1048502922058105,,-0.0029778807029176247,1.113660216331482,,,,,,,,,,,,,,,,,,,,,,,,,,,,
1.0975743532180786,1.098056435585022,1.094067931175232,1.0975743532180786,0,0.0,-0.0029590431965937944,1,0.0,0.0,0.0004820823669433594,0.0035064220428466797,0.003988504409790039,0.0,0.12086795082218346,0.8791320241057627,0.0,0.0,0,1.1002021551132202,-0.0023884719573489255,1.1068863272666931,-0.008412764633896841,,,,,,,,,1.100528802043423,-0.0026845721071453443,1.1053835082686665,-0.007064656828572269,1.1089228284677082,-0.010233782782060108,1.1107822428103633,-0.01189062012521791,-0.0035393201990416845,-0.0016458146172755057,-0.0018935055817661788,0,57.989911448908536,3.4541393397129987,23.116743549084255,-19.662604209371256,0,0,0,0,0,,0,0,,,,,,,-0.7968364874934797,,,0.006635554831353808,0.006045654047303358,,,,,,0,0.03661885444466139,,,,1.121159067773334,1.0946168484479188,0.11142643057678292,,,0.0,0.0,0.0,,,2,9,10,4,41,0,0,0,0.5877852522924732,-0.8090169943749473,-0.8660254037844386,0.5000000000000001,0.00010970371752365722,1.0975743532180786,,-0.005546439110082104,1.0974539518356323,,-0.0011704967526170221,1.103557825088501,,-0.006549189271602771,1.1063904762268066,,,,,,,,,,,,,,,,,,,,,,,,,,,,
1.0943313837051392,1.095446228981018,1.0914051532745361,1.0943313837051392,0,-0.0029590431965937944,-0.0008642155597103411,2,0.0,0.0,0.0011148452758789062,0.0029262304306030273,0.004041075706481934,0.0,0.2758783376670839,0.7241216375870305,-0.003242969512939453,-0.0029546695430114848,0,1.098098373413086,-0.0034304666128366357,1.1050092339515687,-0.009663132232188398,,,,,,,,,1.0984629959306618,-0.003761266734020441,1.1036831814127392,-0.008473262947417792,1.107841980707518,-0.012195418964472515,1.1101371110807468,-0.014237635438379859,-0.004158799294778692,-0.0021484115527761432,-0.002010387742002549,0,60.77825909183723,3.0219051850071343,25.62516554564168,-22.603260360634543,0,0,0,0,0,,0,0,,,,,,,-0.9520664088951469,-1.6863618794953017,,0.006573374179645631,0.006006749214108357,,,,,,0,0.0377318520794,0.04827586702209798,,,1.1197436041455857,1.093450107427003,0.03351689142819622,,,0.0,0.0,0.0,,,3,10,10,4,41,0,0,0,-0.587785252292473,-0.8090169943749475,-0.8660254037844386,0.5000000000000001,0.0,1.0975743532180786,,0.00010970371752365722,1.0975743532180786,,-0.005546439110082104,1.0974539518356323,,-0.0013930498135304333,1.1048502922058105,,,1.1131023168563843,,,,,,,,,,,,,,,,,,,,,,,,,
1.0933860540390015,1.0954222679138184,1.0927408933639526,1.0933860540390015,0,-0.0008642155597103411,-0.000775923506742071,2,0.0,0.0,0.0020362138748168945,0.0006451606750488281,0.0026813745498657227,0.0,0.759391782464589,0.24060818024110742,-0.0009453296661376953,-0.0008638422329172863,0,1.096064019203186,-0.0024432562487427534,1.1025760412216186,-0.008335014491700155,,,,,,,,,1.096770681966775,-0.0030859942585222955,1.1020990079706259,-0.007905781574813031,1.1067711713246648,-0.012093843543497518,1.1094802068830312,-0.01450602979912008,-0.004672163354038972,-0.0026531619130287093,-0.0020190014410102625,0,63.19482704903979,2.843460745888495,24.111991566589943,-21.268530820701447,0,0,0,0,0,,0,0,,,,,,,-0.9217252434129408,-2.1769290380710626,,0.006054440895674976,0.005537331368692653,,,,,,0,0.03817177882732123,0.03640758575051371,,,1.117447565982664,1.093229802399964,0.006451943337321833,,,0.0,0.0,0.0,,,4,11,10,4,41,0,0,0,-0.9510565162951536,0.30901699437494723,-0.8660254037844386,0.5000000000000001,-0.0029590431965937944,1.0943313837051392,,0.0,1.0975743532180786,,0.00010970371752365722,1.0975743532180786,,-0.0011704967526170221,1.103557825088501,,0.004138093124158529,1.117717981338501,,,,,,,,,,,,,,,,,,,,,,,,,
1.0925379991531372,1.0939722061157227,1.0905719995498657,1.0925379991531372,0,-0.000775923506742071,-0.001484810288522294,1,0.0,0.0,0.0014342069625854492,0.0019659996032714844,0.0034002065658569336,0.0,0.42179993851167713,0.5782000320783458,-0.0008480548858642578,-0.0007756225558703212,0,1.095080828666687,-0.002322047420384221,1.1001316905021667,-0.006902529500693699,,,,,,,,,1.0953597876955625,-0.0025761294817150393,1.100628083537166,-0.007350425274715966,1.105716862274922,-0.0119188407722014,1.108815806579898,-0.014680353065583684,-0.005088778737756039,-0.0031402852779741754,-0.0019484934597818636,0,65.76669533765553,2.617321960207812,27.26733132854095,-24.65000936833314,0,0,0,0,0,,0,0,,,,,,,-0.44794159010248524,-2.188353795976916,,0.0057005429850325706,0.00521770683393116,,,,,,0,0.01958076280996793,0.03627356373408967,,,1.1155206573006002,1.0927184853604701,-0.007915307673991146,,,0.0,0.0,0.0,,,0,14,10,4,42,0,0,0,0.0,1.0,-0.8660254037844386,0.5000000000000001,-0.0008642155597103411,1.0933860540390015,,-0.0029590431965937944,1.0943313837051392,,0.0,1.0975743532180786,,-0.005546439110082104,1.0974539518356323,,-0.0006591266714528767,1.1169815063476562,,,,,,,,,,,,,,,,,,,,,,,,,
1.0909169912338257,1.0918222665786743,1.0885775089263916,1.0909169912338257,0,-0.001484810288522294,-0.002299151620178001,1,0.0,0.0,0.0009052753448486328,0.002339482307434082,0.003244757652282715,0.0,0.278996280758329,0.7210036884227293,-0.0016210079193115234,-0.0014837085029716587,0,1.0937493562698364,-0.0025895925053719404,1.097857367992401,-0.006321747305512715,,,,,,,,,1.0938788555416503,-0.0027076713226047433,1.099134069336652,-0.007475956238020998,1.1046205755311371,-0.012405693592554834,1.1081138922526013,-0.015519073659716831,-0.005486506194485097,-0.00360952946127636,-0.0018769767332087366,0,68.35210461844036,2.364582087123489,29.497228801122464,-27.132646713998977,0,0,0,0,0,,0,0,7.251946455383905,,,,-92.74805323463526,0.0,-0.6065522544995372,-2.042205042806944,,0.005468535950594308,0.005012788318484363,,,,,,0,0.01758156568061265,0.0361658211469315,,,1.1137992546510846,1.0919251108487076,-0.046087271775346814,,,0.0,0.0,0.0,,,1,15,10,4,42,0,0,0,0.9510565162951535,0.30901699437494745,-0.8660254037844386,0.5000000000000001,-0.000775923506742071,1.0925379991531372,,-0.0008642155597103411,1.0933860540390015,,-0.0029590431965937944,1.0943313837051392,,0.00010970371752365722,1.0975743532180786,,-0.0029778807029176247,1.113660216331482,,,,,,,,,,,,,,,,,,,,,,,,,
1.0884116888046265,1.0901559591293335,1.0868147611618042,1.0884116888046265,0,-0.002299151620178001,-0.0019897641570457317,1,0.0,0.0,0.0017442703247070312,0.0015969276428222656,0.003341197967529297,0.0,0.52204936356762,0.477950606502996,-0.0025053024291992188,-0.002296510595307599,0,1.091916823387146,-0.0032100748034318283,1.0960594892501831,-0.006977541474588067,,,,,,,,,1.092056466629309,-0.0033375361400483916,1.097484472331725,-0.008266890197540344,1.1034199172550994,-0.013601556682471094,1.107341256823269,-0.017094611078826816,-0.005935444923374389,-0.004074712553695966,-0.0018607323696784228,0,70.85933333713237,2.1199258666040666,30.891265132738038,-28.77133926613397,0,0,0,0,0,13.863240853064056,0,1,4.693697341532149,,,,-95.30630236454738,0.0,-0.8348103603721513,-1.6249947743128046,,0.0052863618334512644,0.004856950625706197,,,,,,0,0.014934278091371593,0.026372516324023692,,,1.1120586688982015,1.0909132215643966,-0.11830124510730416,,,0.0,0.0,0.0,,,2,16,10,4,42,0,0,0,0.5877852522924732,-0.8090169943749473,-0.8660254037844386,0.5000000000000001,-0.001484810288522294,1.0909169912338257,,-0.000775923506742071,1.0925379991531372,,-0.0008642155597103411,1.0933860540390015,,0.0,1.0975743532180786,,-0.006549189271602771,1.1063904762268066,,,,,,,,,,,0.13333333333333333,,,,,,,,,,,,,,
1.0862481594085693,1.0869920253753662,1.0813850164413452,1.0862481594085693,0,-0.0019897641570457317,-0.0030369451370040068,1,0.0,0.0,0.000743865966796875,0.004863142967224121,0.005607008934020996,0.0,0.13266716038504772,0.8673328217801318,-0.002163529396057129,-0.0019877858884761674,0,1.0903001785278321,-0.0037164253466072106,1.094199275970459,-0.007266607496254407,,,,,,,,,1.090120364222396,-0.0035520893293591316,1.0957558088050856,-0.00867679588759529,1.1021479351923935,-0.014426172181328911,1.1065140765324966,-0.018315101137803325,-0.006392126387307906,-0.004538195320418354,-0.0018539310668895517,0,73.58663667055067,1.760014401874596,38.76580540712673,-37.00579100525213,0,0,0,0,0,0.37968781217453795,0,1,12.326560920193053,8.090734905703036,4.2358260144900175,,-87.67343882633793,0.0,-0.7386450226074981,-1.68367904036143,,0.005518403237428596,0.005080241737693883,,,,,,0,0.010665991193961917,0.026387228465183786,,,1.1110715340087534,1.088997921059039,-0.12457234093379571,,,0.0,0.0,0.0,,,3,17,10,4,42,0,0,0,-0.587785252292473,-0.8090169943749475,-0.8660254037844386,0.5000000000000001,-0.002299151620178001,1.0884116888046265,13.863240853064056,-0.001484810288522294,1.0909169912338257,,-0.000775923506742071,1.0925379991531372,,-0.0029590431965937944,1.0943313837051392,,-0.0013930498135304333,1.1048502922058105,,,,,-0.001628086253954192,0.0024669008793618513,0.10357098979277372,2.0237280608228185,-0.006549189271602771,0.004138093124158529,0.13333333333333333,,,,,,,,,,,,,,
1.0829542875289917,1.0863661766052246,1.0828253030776978,1.0829542875289917,0,-0.0030369451370040068,0.0036018577389630843,3,0.0,0.0,0.00341188907623291,0.0001289844512939453,0.0035408735275268555,0.0,0.9635726758811115,0.03642729587727063,-0.0032938718795776367,-0.0030323382836089873,0,1.08821382522583,-0.004833184135722091,1.0921389222145081,-0.008409767839838489,,,,,,,,,1.0877316719912613,-0.004392061649804324,1.0937863439933788,-0.009903265498679814,1.1007261835136228,-0.01614561036995321,1.1055901632382414,-0.02047402062704906,-0.006939839520244018,-0.005018524160383488,-0.00192131535986053,0,75.95029955951026,1.6018842254092907,35.28285456120211,-33.680970335792814,0,0,0,0,0,0.35135199513570115,0,1,4.7276161740002225,7.249291478575142,-2.521675304574919,,-95.27238352473786,0.0,-0.9540789798328286,-1.8670102364465535,,0.0052547326094416974,0.004852220143978885,,,,,,0,0.013503726873455045,0.026998825869531465,,,1.1089174841808838,1.0878985537431172,-0.23522919994628957,,,0.0,0.0,0.0,,,4,18,10,4,42,0,0,0,-0.9510565162951536,0.30901699437494723,-0.8660254037844386,0.5000000000000001,-0.0019897641570457317,1.0862481594085693,0.37968781217453795,-0.002299151620178001,1.0884116888046265,13.863240853064056,-0.001484810288522294,1.0909169912338257,,-0.0008642155597103411,1.0933860540390015,,-0.0011704967526170221,1.103557825088501,,,,,-0.0021064221380316943,0.001899292720653453,-1.2214225281618292,1.1826008291288144,-0.006549189271602771,0.00010970371752365722,0.06666666666666667,,,,,,,,,,,,,,
1.0868619680404663,1.08695650100708,1.0821105241775513,1.0868619680404663,0,0.0036018577389630843,-0.004684178358743221,1,0.0,0.0,9.453296661376953e-05,0.004751443862915039,0.004845976829528809,0.0,0.0195075147877275,0.9804924645765986,0.003907680511474609,0.0036083522232780874,0,1.087078619003296,-0.00019929659090189844,1.0910797238349914,-0.0038656715930104335,,,,,,,,,1.0874417706743298,-0.0005331804878624391,1.0927210553852384,-0.005361924175763533,1.0996992045896854,-0.011673407232154487,1.1048557242108776,-0.016286068736833914,-0.006978149204446948,-0.00541044916919618,-0.0015677000352507684,0,78.06098694207924,1.4028496671694188,32.731634785671,-31.328785118501578,0,0,0,0,0,11.556877571227304,0,1,20.41166296977371,12.488613354655664,7.923049615118048,,-79.58833665754337,0.0,-0.5195271118323186,-0.9651415239290473,,0.005200231838786646,0.004784629503306501,,,,,,0,0.04216466861561276,0.031016307114877194,,,1.1077088587422848,1.0869079313871384,-0.0022096777545700394,,,0.0,0.0,0.0,,,0,21,10,4,43,0,0,0,0.0,1.0,-0.8660254037844386,0.5000000000000001,-0.0030369451370040068,1.0829542875289917,0.35135199513570115,-0.0019897641570457317,1.0862481594085693,0.37968781217453795,-0.002299151620178001,1.0884116888046265,13.863240853064056,-0.000775923506742071,1.0925379991531372,,-0.005546439110082104,1.0974539518356323,,,,,-0.0018223565106706304,0.0023871946404422097,0.07936233226046219,1.6114637390463793,-0.006549189271602771,0.0036018577389630843,0.13333333333333333,,,,,,,,,,,,,,
1.0817828178405762,1.0837758779525757,1.0801936388015747,1.0817828178405762,0,-0.004684178358743221,-0.0019021563077478245,1,0.0,0.0,0.0019930601119995117,0.0015891790390014648,0.0035822391510009766,0.0,0.5563726966150001,0.4436272754694998,-0.005079150199890137,-0.0046732247044950475,0,1.085251784324646,-0.0031964624558613597,1.0895005702972411,-0.007083752653613606,,,,,,,,,1.0855554530630787,-0.0034753041049260247,1.0910382496091364,-0.008483141513166648,1.098372064830492,-0.015103485985839993,1.103950904353219,-0.020080681598447114,-0.007333815221355566,-0.005795122379628057,-0.0015386928417275092,0,80.0463855442747,1.1716981651933425,32.07492882976954,-30.9032306645762,0,0,0,0,0,12.33193623148972,0,1,6.445234097678563,10.528171080484166,-4.082936982805602,,-93.55476549675139,0.0,-0.8372931640672987,-1.4387667980034102,,0.00539597815880064,0.004988042025915269,,,,,,0,0.04972276116717246,0.035374165794663404,,,1.1066217249800143,1.0850378123448117,-0.1508065077990567,,,0.0,0.0,0.0,,,1,22,10,4,43,0,0,0,0.9510565162951535,0.30901699437494745,-0.8660254037844386,0.5000000000000001,0.0036018577389630843,1.0868619680404663,11.556877571227304,-0.0030369451370040068,1.0829542875289917,0.35135199513570115,-0.0019897641570457317,1.0862481594085693,0.37968781217453795,-0.001484810288522294,1.0909169912338257,,0.00010970371752365722,1.0975743532180786,,,,,-0.0019361096877256701,0.0024848464579019475,0.11133360249679905,1.0102433220316966,-0.006549189271602771,0.0036018577389630843,0.13333333333333333,,,,,,,,,,,,,,
1.079727053642273,1.0808473825454712,1.0762641429901123,1.079727053642273,0,-0.0019021563077478245,-0.0015536373352375663,1,0.0,0.0,0.0011203289031982422,0.0034629106521606445,0.004583239555358887,0.0,0.24444039313726784,0.7555595850441045,-0.0020557641983032227,-0.001900348354780533,0,1.0835148572921753,-0.003495848463969331,1.0877158403396607,-0.007344553145570365,1.097301083803177,-0.01601568659568975,,,,,,,1.0836126532561434,-0.0035857828919181323,1.0892980656142344,-0.008786403256564879,1.0969909528906239,-0.015737503852047308,1.1030009494233781,-0.02110052207222679,-0.007692887276389504,-0.0061746753589803464,-0.0015182119174091575,0,82.00393826930919,1.0124023357614715,37.39458876599232,-36.382186430230846,0,0,0,0,0,12.140308259015768,0,1,12.486889344406016,13.11459547061943,-0.6277061262134129,-126.06528188564849,-87.51311029500457,0.0,-0.7979182189683742,-1.6260674753812876,,0.00541233771768907,0.005012690660042474,1.1209371113489552,1.0736650562573986,1.097301083803177,0.04308029563172089,0.1282363832143496,0,0.04949148712478931,0.03446938469004876,,,1.1051208521911113,1.0834715013203549,-0.17295888838145007,0.0,0.0,0.0,0.0,0.0,0.0,10797270535.42273,2,23,10,4,43,0,0,0,0.5877852522924732,-0.8090169943749473,-0.8660254037844386,0.5000000000000001,-0.004684178358743221,1.0817828178405762,12.33193623148972,0.0036018577389630843,1.0868619680404663,11.556877571227304,-0.0030369451370040068,1.0829542875289917,0.35135199513570115,-0.002299151620178001,1.0884116888046265,13.863240853064056,0.0,1.0975743532180786,,,,,-0.00162630749013534,0.0021334655816170017,0.5026373087133365,2.0390844971398154,-0.005546439110082104,0.0036018577389630843,0.13333333333333333,,,,,,,,,,,,,,
1.0780508518218994,1.0810226202011108,1.0771567821502686,1.0780508518218994,0,-0.0015536373352375663,0.004040108121261029,3,0.0,0.0,0.0029717683792114258,0.0008940696716308594,0.003865838050842285,0.0,0.7687255035661386,0.23127447056624972,-0.0016762018203735352,-0.001552431065391864,0,1.0818753957748413,-0.003535105861104504,1.0860877871513366,-0.0073998948554397925,1.0955485105514526,-0.015971596565037993,,,,,,,1.081758719444729,-0.0034276291522660207,1.0875677250307982,-0.008750602917859007,1.0955879824410888,-0.016007049181494315,1.1020225142233202,-0.021752425372307593,-0.008020257410290554,-0.006543791769242389,-0.0014764656410481657,0,83.36806193787795,1.3609648044180767,33.69225556582217,-32.3312907614041,0,0,0,0,0,12.001505459295402,0,1,7.608546637718291,8.846890026600958,-1.238343388882667,-117.3100434660853,-92.39145293644026,0.0,-0.7546440945071953,-1.4877149760722186,,0.005206137762109499,0.004829213531836867,1.1194478862159065,1.0716491348869988,1.0955485105514526,0.043629972442283636,0.13393063089570628,0,0.04937305276886885,0.033675744020461015,,,1.10316127847673,1.0823367274282918,-0.2058087867461102,0.0,0.0,0.0,0.0,0.0,0.0,10780508517.218994,3,24,10,4,43,0,0,0,-0.587785252292473,-0.8090169943749475,-0.8660254037844386,0.5000000000000001,-0.0019021563077478245,1.079727053642273,12.140308259015768,-0.004684178358743221,1.0817828178405762,12.33193623148972,0.0036018577389630843,1.0868619680404663,11.556877571227304,-0.0019897641570457317,1.0862481594085693,0.37968781217453795,-0.0029590431965937944,1.0943313837051392,,,,,-0.0016370133249158157,0.002132614224297489,0.5205121985722864,2.062052750934491,-0.005546439110082104,0.0036018577389630843,0.13333333333333333,,,,,,,,,,,,,,
1.0824151039123535,1.0842459201812744,1.081186294555664,1.0824151039123535,0,0.004040108121261029,-0.0025512817216714694,1,0.0,0.0,0.0018308162689208984,0.0012288093566894531,0.0030596256256103516,0.0,0.5983791591226985,0.4016208081935653,0.0043642520904541016,0.0040482803595708996,0,1.0817675590515137,0.0005985987982000118,1.0849906921386718,-0.002373834489772575,1.0937833666801453,-0.010393523263438786,,,,,,,1.0819775142672705,0.00040443497140407736,1.086775014089499,-0.004011787371093534,1.0946122136611827,-0.011142859266039862,1.1012535961719099,-0.01710640711942335,-0.007837199571683717,-0.006802473329730655,-0.0010347262419530623,0,79.07360894231377,9.201579409872483,28.4786670923737,-19.277087682501218,0,0,0,0,0,26.37148467079446,0,1,26.19334063337259,15.429592205165632,10.763748428206958,-83.51261993865067,-73.80665894078597,0.0,-0.049788215702850636,-1.0033921766352316,-2.7569085500331547,0.005337995175078233,0.00493156013371494,1.1159397107815185,1.071627022578772,1.0937833666801453,0.040513221857810075,0.24345355126903473,0,0.06004036318750424,0.04375482823773934,0.044083429794754776,,1.1024408124417,1.081088831741387,0.062114713542040303,0.0,0.0,0.0,0.0,0.0,0.0,10824151038.123535,4,25,10,4,43,0,0,0,-0.9510565162951536,0.30901699437494723,-0.8660254037844386,0.5000000000000001,-0.0015536373352375663,1.0780508518218994,12.001505459295402,-0.0019021563077478245,1.079727053642273,12.140308259015768,-0.004684178358743221,1.0817828178405762,12.33193623148972,-0.0030369451370040068,1.0829542875289917,0.35135199513570115,-0.0008642155597103411,1.0933860540390015,,,1.1131023168563843,,-0.0012896396666572793,0.0025894656280108755,0.6914425097805932,0.7908213168133325,-0.005546439110082104,0.004040108121261029,0.2,,,,,,,,,,,,,,
1.0796570777893066,1.0827198028564453,1.078271746635437,1.0796570777893066,0,-0.0025512817216714694,0.0018695482944515605,3,0.0,0.0,0.003062725067138672,0.001385331153869629,0.004448056221008301,0.0,0.6885535717417361,0.3114464057765342,-0.002758026123046875,-0.0025480299681917575,0,1.0803265810012816,-0.0006197230760466299,1.083702600002289,-0.0037330558333996677,1.0919171452522278,-0.011228020015169204,,,,,,,1.0812040354412826,-0.0014307731946279212,1.0856799469663925,-0.0055475550537340546,1.0935044258188216,-0.012663275795961826,1.100406673882396,-0.0188562980247986,-0.007824478852429095,-0.007006874434270343,-0.000817604418158752,0,76.5388356504305,8.156002281729915,32.688143885016935,-24.53214160328702,0,0,0,0,0,24.00365198024042,0,1,15.569425607003119,16.457104292698,-0.8876786856948797,-94.86123494862886,-84.43057393411904,0.0,-0.6629075690402164,-1.1789906963249774,-3.4052331790900614,0.0052193366478689085,0.004834254093042706,1.1120406310292803,1.0717936594751754,1.0919171452522278,0.03685899770455769,0.19537913017933278,0,0.05141323930146572,0.04439362558604985,0.03947584320345876,,1.1010503768823063,1.0801730302908308,-0.024713509295451356,0.0,0.0,0.0,0.0,0.0,0.0,10796570776.893066,0,28,10,4,44,0,0,0,0.0,1.0,-0.8660254037844386,0.5000000000000001,0.004040108121261029,1.0824151039123535,26.37148467079446,-0.0015536373352375663,1.0780508518218994,12.001505459295402,-0.0019021563077478245,1.079727053642273,12.140308259015768,0.0036018577389630843,1.0868619680404663,11.556877571227304,-0.000775923506742071,1.0925379991531372,,0.004138093124158529,1.117717981338501,,-0.0010899625074299035,0.0023413669083888707,1.1217804263649802,1.2842658766683683,-0.004684178358743221,0.004040108121261029,0.2,,,,,,,,,,,,,,
1.0816774368286133,1.0826259851455688,1.077040672302246,1.0816774368286133,0,0.0018695482944515605,0.0003570095333019306,2,0.0,0.0,0.0009485483169555664,0.0046367645263671875,0.005585312843322754,0.0,0.1698290367220259,0.8301709453738745,0.0020203590393066406,0.0018712969892777202,0,1.0803055047988892,0.0012699481058855433,1.0827786445617675,-0.0010170202733341682,1.0903180062770843,-0.00792481596922534,,,,,,,1.0813618359037263,0.0002918549687802585,1.085064176175965,-0.003121234228721126,1.0926283525602876,-0.010022544083733043,1.099672193997934,-0.016363746729162187,-0.007564176384322607,-0.007118334824280797,-0.00044584156004181044,0,74.77651890063397,7.003062011185785,31.183092706882515,-24.18003069569673,0,0,0,0,0,28.212357876778427,0,1,28.2205689873711,23.327778409248936,4.892790578122163,-85.80865791301026,-71.77943049130916,0.0,-0.009741420387254784,-0.8469530202075637,-3.160667326935551,0.005268133473929421,0.00487033684356781,1.108114991879608,1.0725210206745606,1.0903180062770843,0.032645495164589054,0.25724626441878007,0,0.04514952026140052,0.04688503878314197,0.041209225963714194,,1.1002970879860507,1.0792245540903331,0.11640188782130456,0.0,0.0,0.0,0.0,0.0,0.0,10816774367.286133,1,29,10,4,44,0,0,0,0.9510565162951535,0.30901699437494745,-0.8660254037844386,0.5000000000000001,-0.0025512817216714694,1.0796570777893066,24.00365198024042,0.004040108121261029,1.0824151039123535,26.37148467079446,-0.0015536373352375663,1.0780508518218994,12.001505459295402,-0.004684178358743221,1.0817828178405762,12.33193623148972,-0.001484810288522294,1.0909169912338257,,-0.0006591266714528767,1.1169815063476562,,-0.00097263953563471,0.00244746254801747,0.9520754412307011,0.4273301992346246,-0.004684178358743221,0.004040108121261029,0.2,,,,,,,,,,,,,,
1.0820636749267578,1.0866730213165283,1.0809992551803589,1.0820636749267578,0,0.0003570095333019306,0.00355552811789075,3,0.0,0.0,0.004609346389770508,0.0010644197463989258,0.005673766136169434,0.0,0.8123962457928908,0.18760373658213217,0.00038623809814453125,0.0003570732687567574,0,1.080772829055786,0.0011943728933119235,1.0821438431739807,-7.408289362009768e-05,1.0891016662120818,-0.006462198712041345,,,,,,,1.0815957822447368,0.0004325946806178482,1.0846025605991638,-0.0023408443464943973,1.0918457838466928,-0.008959240548217062,1.0989816638382799,-0.01539424138424228,-0.007243223247529018,-0.007143312508930442,-9.991073859857633e-05,0,68.10237616203472,16.14636492695277,26.750715556268723,-10.604350629315952,0,0,0,0,0,31.757926814859275,0,0,30.271918204256576,24.687304266210266,5.58461393804631,-54.44789063031463,-69.72808127377166,0.0,0.21640851515229986,-0.5832364667858858,-2.8371796838362884,0.005322217828894756,0.004918580996412384,1.1055474325284493,1.0726558998957143,1.0891016662120818,0.0302006081251463,0.28602422111148673,0,0.04194997350502624,0.04648146848965874,0.0413512658758156,,1.0996721951615591,1.0783833238459801,0.1728767584215123,0.0,0.0,0.0,0.0,0.0,0.0,10820636748.267578,2,30,10,4,44,0,0,0,0.5877852522924732,-0.8090169943749473,-0.8660254037844386,0.5000000000000001,0.0018695482944515605,1.0816774368286133,28.212357876778427,-0.0025512817216714694,1.0796570777893066,24.00365198024042,0.004040108121261029,1.0824151039123535,26.37148467079446,-0.0019021563077478245,1.079727053642273,12.140308259015768,-0.002299151620178001,1.0884116888046265,13.863240853064056,-0.0029778807029176247,1.113660216331482,,-0.0009488389000812478,0.002459303950042536,0.9128148569725679,0.30580918977609994,-0.004684178358743221,0.004040108121261029,0.26666666666666666,,,,,,,,,,,,,,
1.0859178304672241,1.0888383388519287,1.0845046043395996,1.0859178304672241,0,0.00355552811789075,0.0024788833789448966,3,0.0,0.0,0.00292050838470459,0.0014132261276245117,0.0043337345123291016,0.0,0.6739010682370802,0.3260989086881336,0.0038541555404663086,0.0035618565056913134,0,1.082346224784851,0.0032998734603182367,1.0821108102798462,0.003518142551446779,1.0881550431251525,-0.002055968744396619,,,,,,,1.083036464985566,0.0026604509400618426,1.0848049098096346,0.0010259176995079944,1.0914066761889545,-0.0050291481085618095,1.098469356647258,-0.011426378171532248,-0.006601766379319862,-0.007035003283008327,0.0004332369036884644,1,60.2006680568814,18.73635615890668,22.369977385143443,-3.6336212262367624,0,0,0,0,0,39.77896253690076,0,0,54.51577258404033,37.66941992522266,16.846352658817665,-16.509582107176232,-45.48422685124517,0.0,0.7297409609230865,-0.03041008065091111,-1.850399673486136,0.0055158773083982425,0.005079461035755394,1.1028727090243038,1.0734373772260013,1.0881550431251525,0.027050678101035976,0.4239956690259898,0,0.0423902313500763,0.04999185791069562,0.040205897293703254,,1.0997633304027998,1.077699821169207,0.37247063346830106,0.0,0.0,0.0,0.0,0.0,0.0,10859178303.672241,3,31,10,4,44,0,1,0,-0.587785252292473,-0.8090169943749475,-0.8660254037844386,0.5000000000000001,0.0003570095333019306,1.0820636749267578,31.757926814859275,0.0018695482944515605,1.0816774368286133,28.212357876778427,-0.0025512817216714694,1.0796570777893066,24.00365198024042,-0.0015536373352375663,1.0780508518218994,12.001505459295402,-0.0019897641570457317,1.0862481594085693,0.37968781217453795,-0.006549189271602771,1.1063904762268066,,-0.0005145341457822783,0.002647013876677205,0.6008750010052417,-0.6234482981082681,-0.004684178358743221,0.004040108121261029,0.3333333333333333,,,,,,,,,,,,,,
1.0886130332946777,1.0904054641723633,1.084845781326294,1.0886130332946777,0,0.0024788833789448966,-0.0010661677399958194,1,0.0,0.0,0.0017924308776855469,0.003767251968383789,0.005559682846069336,0.0,0.32239803871420136,0.6776019432991615,0.0026952028274536133,0.0024819583504267413,0,1.0835858106613159,0.004639431859881693,1.0826766848564149,0.00548302962532321,1.0874078035354615,0.0011083511219864839,,,,,,,1.0848953210886032,0.0034267933813203477,1.0853907749611797,0.002968754026231979,1.0911997396782673,-0.0023705160378019174,1.098082834162843,-0.008623940446644496,-0.0058089647170875836,-0.006789795569824179,0.0009808308527365951,0,52.3900870725476,20.00514800566637,19.366806307671425,0.6383416979949459,0,0,0,0,0,44.88680142267885,0,0,79.37261942225116,54.72010340351602,24.65251601873514,8.7668503544394,-20.627379934997812,0.0,0.5726018936655697,0.5225285896967691,-1.4696343048174798,0.005521718046754389,0.005072250540245447,1.100227958291998,1.074587648778925,1.0874078035354615,0.023579295115734353,0.5470052712858707,0,0.03756446749162051,0.048344632416529365,0.04180040436862877,,1.0997637221184335,1.077676849931416,0.49514404851654464,0.0,0.0,0.0,0.0,0.0,0.0,10886130331.946777,4,1,11,4,44,1,0,0,-0.9510565162951536,0.30901699437494723,-0.5000000000000004,0.8660254037844384,0.00355552811789075,1.0859178304672241,39.77896253690076,0.0003570095333019306,1.0820636749267578,31.757926814859275,0.0018695482944515605,1.0816774368286133,28.212357876778427,0.004040108121261029,1.0824151039123535,26.37148467079446,-0.0030369451370040068,1.0829542875289917,0.35135199513570115,-0.0013930498135304333,1.1048502922058105,,-0.00029166088320526235,0.0027540455762519976,0.35872187709764103,-1.1467019870342692,-0.004684178358743221,0.004040108121261029,0.4,,,,,,,,,,,,,,
1.087453007698059,1.0915838479995728,1.0870392322540283,1.087453007698059,0,-0.0010661677399958194,-4.3521069384201406e-05,2,0.0,0.0,0.004130840301513672,0.0004137754440307617,0.004544615745544434,0.0,0.9089525807915252,0.09104739720441486,-0.0011600255966186523,-0.0010655995850070664,0,1.0851449966430664,0.002126914801173996,1.082735788822174,0.0043567588918260736,1.0869077563285827,0.0005016536741517807,,,,,,,1.0857478832917553,0.0015704606312261227,1.0857080415360842,0.0016072148266907949,1.0909222039760298,-0.003180058454222201,1.0976659782230476,-0.009304260883252757,-0.005214162439945547,-0.006474668943848453,0.0012605065039029062,0,46.63055861487166,20.67096099535551,17.19015269660342,3.480808298752091,0,0,0,0,0,45.43248054486605,0,0,73.03577078019123,68.97472092882758,4.061049851363649,25.6125438019455,-26.964228567054693,0.0,0.7220746354680729,0.05438037901521753,-1.4593541928036524,0.005391437739926395,0.004957858133882314,1.0988265053929107,1.0749890072642547,1.0869077563285827,0.021931482214261184,0.5228736805450873,0,0.028829816631059116,0.0456179988819535,0.041787326273823915,,1.0993824683307902,1.0778167173710849,0.4468330502515719,0.0,0.0,0.0,0.0,0.0,0.0,10874530075.98059,0,4,11,4,45,0,0,0,0.0,1.0,-0.5000000000000004,0.8660254037844384,0.0024788833789448966,1.0886130332946777,44.88680142267885,0.00355552811789075,1.0859178304672241,39.77896253690076,0.0003570095333019306,1.0820636749267578,31.757926814859275,-0.0025512817216714694,1.0796570777893066,24.00365198024042,0.0036018577389630843,1.0868619680404663,11.556877571227304,-0.0011704967526170221,1.103557825088501,,-0.0003110104987555122,0.0027587066453756454,0.3798083890793141,-1.150048906996201,-0.004684178358743221,0.004040108121261029,0.4,,,,,,,,,,,,,,
1.0874056816101074,1.0921800136566162,1.0873347520828247,1.0874056816101074,0,-4.3521069384201406e-05,0.005539332429711126,4,0.0,0.0,0.004774332046508789,7.092952728271484e-05,0.004845261573791504,0.0,0.9853610326834606,0.014638946677819203,-4.7326087951660156e-05,-4.352012235221906e-05,0,1.0862906455993653,0.0010264618545290372,1.0832980751991272,0.0037917600009083063,1.0863993227481843,0.0009263249164079834,,,,,,,1.0863004827312062,0.00101739693240388,1.0859692169320878,0.0013227488914882013,1.0906617208378133,-0.0029853796692398404,1.0972636136499911,-0.008984105566203326,-0.004692503905725509,-0.006118235936223865,0.0014257320304983554,0,42.15958946851357,19.65466497811834,15.102120425312853,4.552544552805488,0,0,0,0,0,48.58155955779705,0,0,70.00269594701211,74.13702871648483,-4.134332769472721,39.549830661365085,-29.997303424684205,0.0,0.5295705157989383,0.5197775077214972,-0.9155983454902983,0.00531861425110841,0.004891103973950271,1.09721909312951,1.0755795523668585,1.0863993227481843,0.019918588227687495,0.5465055528816714,0,0.030196393030942497,0.037313051133140165,0.03791437957546508,,1.0991231155206942,1.0778486585162608,0.449225239776156,0.0,0.0,0.0,0.0,0.0,0.0,10874056815.101074,1,5,11,4,45,0,0,0,0.9510565162951535,0.30901699437494745,-0.5000000000000004,0.8660254037844384,-0.0010661677399958194,1.087453007698059,45.43248054486605,0.0024788833789448966,1.0886130332946777,44.88680142267885,0.00355552811789075,1.0859178304672241,39.77896253690076,0.0018695482944515605,1.0816774368286133,28.212357876778427,-0.004684178358743221,1.0817828178405762,12.33193623148972,-0.005546439110082104,1.0974539518356323,,-0.00021492455081297275,0.0027399391283755227,0.27277856286428753,-1.143611292385163,-0.004684178358743221,0.004040108121261029,0.4,,,,,,,,,,,,,,
1.093445897102356,1.0933382511138916,1.068376064300537,1.093445897102356,0,0.005539332429711126,-0.01858962293453205,0,0.0,0.0,-0.00010764598846435547,0.025069832801818848,0.024962186813354492,0.0,-0.004312362087424562,1.0043123580813653,0.006040215492248535,0.005554702898691311,0,1.0885670900344848,0.0044818615334663026,1.0846699595451355,0.008090882741964789,1.086192899942398,0.006677448416091414,,,,,,,1.0886822875215896,0.0043755736039146065,1.0871194754198212,0.005819435420848951,1.0908679561166683,0.002363201587319841,1.097113899275574,-0.003343319481510232,-0.0037484806968470785,-0.005644284888348508,0.0018958041915014294,0,44.02182317297245,11.413488892924924,40.6154026050109,-29.201913712085975,1,0,0,0,0,59.148469841535,0,0,100.43123580813652,81.15656751177995,19.274668296356566,-13.170342748608068,0.4312362087424562,0.0,1.05189948053368,1.2705843957326879,-0.3761436392548778,0.007937757259407888,0.0072593964454181915,1.0962452994399545,1.0761405004448414,1.086192899942398,0.018509418533603304,0.8607594920817178,0,0.04252928837979986,0.04217839928951142,0.04319967683808662,,1.1048337834500437,1.073082754412412,0.6413380366877413,0.0,0.0,0.0,0.0,0.0,0.0,10934458970.02356,2,6,11,4,45,0,0,0,0.5877852522924732,-0.8090169943749473,-0.5000000000000004,0.8660254037844384,-4.3521069384201406e-05,1.0874056816101074,48.58155955779705,-0.0010661677399958194,1.087453007698059,45.43248054486605,0.0024788833789448966,1.0886130332946777,44.88680142267885,0.0003570095333019306,1.0820636749267578,31.757926814859275,-0.0019021563077478245,1.079727053642273,12.140308259015768,0.00010970371752365722,1.0975743532180786,,0.00030764105251296906,0.0030445862814814473,0.18129382889952447,-1.1083145383024187,-0.004684178358743221,0.005539332429711126,0.4666666666666667,,,,,,,0.3,,,,,,,
1.073306918144226,1.082602620124817,1.0714094638824463,1.073306918144226,0,-0.01858962293453205,0.005769485943921089,4,0.0,0.0,0.00929570198059082,0.0018974542617797852,0.011193156242370605,0.0,0.8304808488560858,0.1695191422098838,-0.020138978958129883,-0.01841790161694933,0,1.0860449075698853,-0.011728787120772521,1.0841955661773681,-0.010043066464963224,1.0851416766643525,-0.010906187526973365,,,,,,,1.0835571643958017,-0.009459811339390889,1.0849944666081912,-0.010771989095413992,1.08956713848908,-0.01492355988811278,1.096180292172384,-0.020866434371613618,-0.0045726718808887235,-0.0054299622868565515,0.0008572904059678281,0,45.63575905016399,7.997676769387051,28.46008481199427,-20.46240804260722,1,0,0,0,0,41.41442114318827,0,0,19.753292693481967,63.39574148287687,-43.642448789394905,-158.99075992621434,-80.2467069059121,0.0,-1.1613136803888868,-0.4400473010763961,-2.211006024575979,0.009817580720808124,0.009147039447829386,1.0959773215043491,1.0743060318243558,1.0851416766643525,0.0199709311180566,-0.04610310185839036,0,0.14981283571980214,0.1085329294686652,0.07700022352616223,,1.1071028255359867,1.0678325026527544,0.13940337322433347,0.0,0.0,0.0,0.0,0.0,0.0,10733069180.44226,3,7,11,4,45,0,0,0,-0.587785252292473,-0.8090169943749475,-0.5000000000000004,0.8660254037844384,0.005539332429711126,1.093445897102356,59.148469841535,-4.3521069384201406e-05,1.0874056816101074,48.58155955779705,-0.0010661677399958194,1.087453007698059,45.43248054486605,0.00355552811789075,1.0859178304672241,39.77896253690076,-0.0015536373352375663,1.0780508518218994,12.001505459295402,0.0,1.0975743532180786,,-0.0007990161993194522,0.005752212246227236,-2.21531849275548,6.6199586178524195,-0.01858962293453205,0.005539332429711126,0.4666666666666667,-0.001213551226636822,0.0043691110833685,-2.049632209619466,8.013830512333563,-0.01858962293453205,0.005539332429711126,0.3,,,,,,,
1.0795172452926636,1.0797386169433594,1.0710422992706299,1.0795172452926636,0,0.005769485943921089,-0.0074639193703969955,0,0.0,0.0,0.00022137165069580078,0.008474946022033691,0.008696317672729492,0.0,0.025455791345389098,0.9745441971554911,0.0062103271484375,0.0057861614817471705,0,1.0842257499694825,-0.0043427346901853126,1.083905780315399,-0.004048816052123705,1.0844482362270356,-0.004547004521924469,,,,,,,1.0822105246947558,-0.0024886835235713445,1.084151817175033,-0.004274836705082774,1.088822701956012,-0.008546347119486986,1.0955268393535713,-0.014613602866081377,-0.004670884780978879,-0.005278146785681018,0.0006072620047021388,0,47.12538909862549,7.038501900597983,25.553178784230862,-18.51467688363288,0,0,0,0,0,43.72097943112274,0,0,44.632231265627034,54.93891992241518,-10.306688656788147,-128.32107968479266,-55.36776833376703,0.0,-0.8355391423604197,-0.2677215616463391,-1.3537159431833645,0.009668078981064308,0.008955928237670387,1.0948278769557858,1.0740685954982854,1.0844482362270356,0.01914271309787076,0.2624681292214368,0,0.15806972648226048,0.11085458503024033,0.08016606274941933,,1.1060466393134794,1.0673743233892223,0.3139952077301151,0.0,0.0,0.0,0.0,0.0,0.0,10795172451.926636,4,8,11,4,45,0,0,0,-0.9510565162951536,0.30901699437494723,-0.5000000000000004,0.8660254037844384,-0.01858962293453205,1.073306918144226,41.41442114318827,0.005539332429711126,1.093445897102356,59.148469841535,-4.3521069384201406e-05,1.0874056816101074,48.58155955779705,0.0024788833789448966,1.0886130332946777,44.88680142267885,0.004040108121261029,1.0824151039123535,26.37148467079446,-0.0029590431965937944,1.0943313837051392,,-0.00021192079392444573,0.005953377909155818,-2.2257271789318356,6.526675329040113,-0.01858962293453205,0.005769485943921089,0.5333333333333333,-0.0011591714659780698,0.00444746659471669,-1.9038646201920917,7.509463798655117,-0.01858962293453205,0.005769485943921089,0.3,,,,,,,
1.0714898109436035,1.0728462934494019,1.0628799200057983,1.0714898109436035,0,-0.0074639193703969955,-0.004724823568674232,1,0.0,0.0,0.0013564825057983398,0.008609890937805176,0.009966373443603516,0.0,0.13610592658037982,0.8638940633858803,-0.008027434349060059,-0.007436133497006025,0,1.0810331106185913,-0.008827944010562416,1.0830890536308289,-0.010709408194340408,1.0833958268165589,-0.01098953464389918,,,,,,,1.0786369534443718,-0.0066260872829203565,1.0822038162163516,-0.009900173341854335,1.0875387841032411,-0.014757150266963115,1.0945842107884745,-0.021098787754416093,-0.0053349678868894745,-0.00528951100592271,-4.545688096676496e-05,1,50.057475872692834,5.5651490702447495,30.473940819808654,-24.908791749563903,0,0,0,0,0,41.622779685999696,0,0,28.267769757252463,30.88443123878716,-2.6166614815346954,-221.63933030945194,-71.73222991443014,0.0,-1.4679435930980422,-0.7564686059786996,-2.0026085950623385,0.010597311821837766,0.009890259069767782,1.0945603918436129,1.072231261789505,1.0833958268165589,0.020610315730732198,-0.033205540958565906,0,0.162959149691712,0.11629721525165014,0.08357666432389226,,1.1064555173371458,1.0640662700497947,0.17512792397498417,0.0,0.0,0.0,0.0,0.0,0.0,10714898108.436035,0,11,11,4,46,0,0,0,0.0,1.0,-0.5000000000000004,0.8660254037844384,0.005769485943921089,1.0795172452926636,43.72097943112274,-0.01858962293453205,1.073306918144226,41.41442114318827,0.005539332429711126,1.093445897102356,59.148469841535,-0.0010661677399958194,1.087453007698059,45.43248054486605,-0.0025512817216714694,1.0796570777893066,24.00365198024042,-0.0008642155597103411,1.0933860540390015,,-0.0009496392678817844,0.006130026030369574,-1.77637684690033,4.314812871749343,-0.01858962293453205,0.005769485943921089,0.4666666666666667,-0.0013859978892762073,0.004592254005857306,-1.6661612224533915,5.959602234732953,-0.01858962293453205,0.005769485943921089,0.3,,,,,,,
1.066439151763916,1.0663481950759888,1.0597037076950073,1.066439151763916,0,-0.004724823568674232,-0.004479643966715406,1,0.0,0.0,-9.09566879272461e-05,0.006735444068908691,0.006644487380981445,0.0,-0.013689044969622104,1.0136890299195525,-0.0050506591796875,-0.004713679148071682,0,1.076839804649353,-0.009658496035868436,1.081565225124359,-0.013985354842843911,1.0821719348430634,-0.014538154863510844,,,,,,,1.0745710195508866,-0.007567548108279087,1.0797784832236692,-0.012353766782510212,1.0859758483744022,-0.017989991893403223,1.09348048298359,-0.024729596675944432,-0.006197365150732992,-0.005471081834884766,-0.0007262833158482255,0,53.065717945506165,4.752052065761015,29.958898176475646,-25.20684611071463,0,0,0,0,0,39.688013154962306,0,0,20.025376783029756,30.975125935303087,-10.94974915227333,-239.22057482643257,-79.97462291965685,0.0,-1.9281239927996796,-1.4087642531746436,-2.388827428377893,0.010755817345405556,0.01008572999838444,1.0950933847091573,1.0692504849769695,1.0821719348430634,0.023880585790230703,-0.1087855167689783,0,0.16106302725928193,0.11683352590232343,0.08457859170257426,,1.1049799815338477,1.0619567121522255,0.10418640111963602,0.0,0.0,0.0,0.0,0.0,0.0,10664391516.63916,1,12,11,4,46,0,0,0,0.9510565162951535,0.30901699437494745,-0.5000000000000004,0.8660254037844384,-0.0074639193703969955,1.0714898109436035,41.622779685999696,0.005769485943921089,1.0795172452926636,43.72097943112274,-0.01858962293453205,1.073306918144226,41.41442114318827,-4.3521069384201406e-05,1.0874056816101074,48.58155955779705,0.0018695482944515605,1.0816774368286133,28.212357876778427,-0.000775923506742071,1.0925379991531372,,-0.0009523489485438519,0.006131803463502852,-1.7739174379075202,4.301930060487223,-0.01858962293453205,0.005769485943921089,0.4666666666666667,-0.001444229318134761,0.004624101209297215,-1.6038929535935835,5.623119818354007,-0.01858962293453205,0.005769485943921089,0.3,,,,,,,
1.061672568321228,1.0649060010910034,1.0559773445129395,1.061672568321228,0,-0.004479643966715406,-0.004966864548694718,1,0.0,0.0,0.0032334327697753906,0.005695223808288574,0.008928656578063965,0.0,0.36214101251303893,0.6378589762870681,-0.004766583442687988,-0.004469625326824303,0,1.0704851388931274,-0.008232314817736008,1.0795261144638062,-0.01653831806541528,1.0808349788188933,-0.017729265772683078,,,,,,,1.070271535807667,-0.00803437940554641,1.076992957854063,-0.014225153024155945,1.0841756054075002,-0.020755896989342992,1.0922331137811443,-0.027979874599591947,-0.007182647553437338,-0.005813394978595281,-0.0013692525748420573,0,56.15882864299941,4.133510382176071,30.695599594004133,-26.562089211828063,0,0,0,0,0,37.87149217816348,0,0,15.24380511927841,21.178983886520214,-5.935178767241805,-225.89160126282337,-84.75619461306214,0.0,-2.905797979152658,-1.8844645724670483,-2.680719353314154,0.010716615999481689,0.010094087686015992,1.0963175247582735,1.0653524328795132,1.0808349788188933,0.02864923182790879,-0.11883912893942901,0,0.13817382222791622,0.11729707680192984,0.08536002078924872,,1.1028257904113516,1.0599593264134248,0.03996695187849787,0.0,0.0,0.0,0.0,0.0,0.0,10616725682.21228,2,13,11,4,46,0,0,0,0.5877852522924732,-0.8090169943749473,-0.5000000000000004,0.8660254037844384,-0.004724823568674232,1.066439151763916,39.688013154962306,-0.0074639193703969955,1.0714898109436035,41.622779685999696,0.005769485943921089,1.0795172452926636,43.72097943112274,0.005539332429711126,1.093445897102356,59.148469841535,0.0003570095333019306,1.0820636749267578,31.757926814859275,-0.001484810288522294,1.0909169912338257,,-0.0011241814591416905,0.006196098841555194,-1.6381512079608718,3.7341868178650963,-0.01858962293453205,0.005769485943921089,0.4666666666666667,-0.0013752444746385152,0.004560313837219883,-1.6798370735188133,6.19180101050537,-0.01858962293453205,0.005769485943921089,0.3,,,,,,,
1.0564124584197998,1.0580891370773315,1.0499238967895508,1.0564124584197998,0,-0.004966864548694718,-0.003227449035962479,1,0.0,0.0,0.0016766786575317383,0.0064885616302490234,0.008165240287780762,0.0,0.20534345321184652,0.7946565345411166,-0.005260109901428223,-0.00495455007305155,0,1.0671062469482422,-0.010021296996454487,1.0765755772590637,-0.018728939577772996,1.0793431937694549,-0.021245082731701115,,,,,,,1.0656518433450448,-0.008670172235029305,1.0738267271718687,-0.016217019384785702,1.082119076001004,-0.02375581232134638,1.0908283821983464,-0.031550264401842165,-0.008292348829135321,-0.006309185748703289,-0.001983163080432032,0,59.47149209706413,3.536959111610863,33.701646067819865,-30.164686956209003,0,0,0,0,0,30.996563298859016,0,0,14.945659601035382,16.73828050111452,-1.7926209000791378,-225.069250226888,-85.05434016862606,0.0,-1.5740567249521886,-2.7170906692571273,-2.9399932685370667,0.01085422340377443,0.010274607532537913,1.09804454391777,1.0606418436211398,1.0793431937694549,0.034653204383066676,-0.11307700129911005,0,0.08160850767366204,0.11394766140780753,0.08625142988332393,,1.1007219480777857,1.057305054462688,-0.02055872648894466,0.0,0.0,0.0,0.0,0.0,0.0,10564124583.197998,3,14,11,4,46,0,0,0,-0.587785252292473,-0.8090169943749475,-0.5000000000000004,0.8660254037844384,-0.004479643966715406,1.061672568321228,37.87149217816348,-0.004724823568674232,1.066439151763916,39.688013154962306,-0.0074639193703969955,1.0714898109436035,41.622779685999696,-0.01858962293453205,1.073306918144226,41.41442114318827,0.00355552811789075,1.0859178304672241,39.77896253690076,-0.002299151620178001,1.0884116888046265,13.863240853064056,-0.001351729940038834,0.006275166920206455,-1.4703240279632293,3.082052432700152,-0.01858962293453205,0.005769485943921089,0.4666666666666667,-0.001494371632477325,0.004607232267591162,-1.563410947880033,5.634604282487792,-0.01858962293453205,0.005769485943921089,0.3,,,,,,,
1.0530084371566772,1.0591648817062378,1.052443265914917,1.0530084371566772,0,-0.003227449035962479,0.00034760225258057047,2,0.0,0.0,0.006156444549560547,0.0005651712417602539,0.006721615791320801,0.0,0.9159173402797348,0.08408264484289023,-0.0034040212631225586,-0.0032222464205809618,0,1.0618044853210449,-0.008284056420123087,1.0730151176452636,-0.01864529237074175,1.0778459012508392,-0.02304361334308902,,,,,,,1.061437374615589,-0.007941059698571729,1.0706239133233777,-0.01645346796932079,1.0799627323829057,-0.02495854210103976,1.089345247098673,-0.03335655994776543,-0.009338819059528047,-0.006915112410868241,-0.0024237066486598067,0,61.39316986627398,4.621415822198159,30.770138465280173,-26.148722643082014,0,0,0,0,0,30.706624778200762,0,0,7.104885948498816,12.43145022293754,-5.3265642744387245,-176.7235169871074,-92.89511382116262,0.0,-2.4556169205800504,-3.27063842238261,-3.0600486605187993,0.01030320905544728,0.009784545584733819,1.0998358945372362,1.0558559079644423,1.0778459012508392,0.0408035940181011,-0.06474469464827035,0,0.024537100769771725,0.11014638637547142,0.0864605772648242,,1.0971432466084114,1.0559304103866225,-0.07089959077629471,0.0,0.0,0.0,0.0,0.0,0.0,10530084370.566772,4,15,11,4,46,0,0,0,-0.9510565162951536,0.30901699437494723,-0.5000000000000004,0.8660254037844384,-0.004966864548694718,1.0564124584197998,30.996563298859016,-0.004479643966715406,1.061672568321228,37.87149217816348,-0.004724823568674232,1.066439151763916,39.688013154962306,0.005769485943921089,1.0795172452926636,43.72097943112274,0.0024788833789448966,1.0886130332946777,44.88680142267885,-0.0019897641570457317,1.0862481594085693,0.37968781217453795,-0.0018362337505204013,0.006107450506099149,-1.3786857085345667,3.1589505807100218,-0.01858962293453205,0.005769485943921089,0.4,-0.0015629367085888402,0.004617540445157386,-1.5071979656386696,5.45118724205145,-0.01858962293453205,0.005769485943921089,0.3,,,,,,,
1.0533745288848877,1.0586491823196411,1.0531193017959595,1.0533745288848877,0,0.00034760225258057047,0.005789229842806905,4,0.0,0.0,0.005274653434753418,0.00025522708892822266,0.005529880523681641,0.0,0.9538458049464549,0.0461541769699722,0.0003660917282104492,0.00034766267321105244,0,1.0581814289093017,-0.004542604881012102,1.0696072697639465,-0.015176356253752465,1.0761715292930603,-0.021183426512899506,,,,,,,1.0587497593720219,-0.0050769603856294365,1.0679701618713024,-0.013666704938154361,1.077993235827497,-0.022837533875087468,1.0879346306981326,-0.03176670815956184,-0.010023073956194617,-0.007536704719933516,-0.0024863692362611005,0,63.05862393292017,4.262406687382693,28.379797233592875,-24.11739054621018,0,0,0,0,0,29.006072393777742,0,1,7.948136373536105,9.99956064102344,-2.0514242674873344,-144.28444590383114,-92.05186339612533,0.0,-1.690663025788608,-3.133788639318713,-2.7313949429570994,0.009681547203116158,0.009190982823978133,1.1002695626199048,1.0520734959662157,1.0761715292930603,0.04478474419488757,0.026994587033856248,0,0.03500466283773961,0.11118207762774222,0.08648753848275406,,1.0936939896073086,1.0549678007948438,-0.041141975358262924,0.0,0.0,0.0,0.0,0.0,0.0,10533745287.848877,0,18,11,4,47,0,0,0,0.0,1.0,-0.5000000000000004,0.8660254037844384,-0.003227449035962479,1.0530084371566772,30.706624778200762,-0.004966864548694718,1.0564124584197998,30.996563298859016,-0.004479643966715406,1.061672568321228,37.87149217816348,-0.0074639193703969955,1.0714898109436035,41.622779685999696,-0.0010661677399958194,1.087453007698059,45.43248054486605,-0.0030369451370040068,1.0829542875289917,0.35135199513570115,-0.0016429748189035985,0.006129034732029637,-1.469499123001166,3.301566692834198,-0.01858962293453205,0.005769485943921089,0.4666666666666667,-0.001366468663166751,0.004567322425706742,-1.6685997608807175,6.136860382832012,-0.01858962293453205,0.005769485943921089,0.3333333333333333,,,,,,,
1.059490442276001,1.0601080656051636,1.0528532266616821,1.059490442276001,0,0.005789229842806905,0.0011979117760981743,3,0.0,0.0,0.0006176233291625977,0.006637215614318848,0.007254838943481445,0.0,0.08513260259268457,0.9148673836234121,0.006115913391113281,0.005806019818048043,0,1.0567916870117187,0.0025537248231561893,1.0668157458305358,-0.006866512499911881,1.0750569105148315,-0.014479669108799054,,,,,,,1.0589966536733484,0.000466279568394512,1.0666655896258714,-0.006726707525752662,1.0766226585273861,-0.015912925679297363,1.0868191723286371,-0.02514560917394071,-0.00995706890151471,-0.008020777556249754,-0.0019362913452649552,0,62.96462848468681,5.900440791699211,25.446247834171025,-19.545807042471814,0,0,0,0,0,34.567852278227164,0,0,22.035443376503572,12.362821899512836,9.672621476990736,-107.82693647800613,-77.96455639315786,0.0,-0.6515804934976055,-2.5671412064697585,-2.5183994443944147,0.00935798610183153,0.008832534704933646,1.1001055867191416,1.0500082343105215,1.0750569105148315,0.04659972129286546,0.18927563016125284,0,0.07110051386694866,0.11935054126133027,0.08836708966798172,,1.0916334909356846,1.0542015465283583,0.14129364149403248,0.0,0.0,0.0,0.0,0.0,0.0,10594904421.76001,1,19,11,4,47,0,0,0,0.9510565162951535,0.30901699437494745,-0.5000000000000004,0.8660254037844384,0.00034760225258057047,1.0533745288848877,29.006072393777742,-0.003227449035962479,1.0530084371566772,30.706624778200762,-0.004966864548694718,1.0564124584197998,30.996563298859016,-0.004724823568674232,1.066439151763916,39.688013154962306,-4.3521069384201406e-05,1.0874056816101074,48.58155955779705,0.0036018577389630843,1.0868619680404663,11.556877571227304,-0.001381662715679909,0.00636837342841442,-1.3349121563312267,2.767321732746607,-0.01858962293453205,0.005789229842806905,0.4666666666666667,-0.0011771511256573092,0.004744878518052364,-1.4909125874665086,5.276842229428779,-0.01858962293453205,0.005789229842806905,0.3333333333333333,,,,,,,
1.0607603788375854,1.0612331628799438,1.0508506298065186,1.0607603788375854,0,0.0011979117760981743,-0.005806694288349814,0,0.0,0.0,0.00047278404235839844,0.009909749031066895,0.010382533073425293,0.0,0.04553648271199529,0.9544635076564439,0.0012699365615844727,0.0011986295588816522,0,1.0566092491149903,0.0039287273187122995,1.0635471940040588,-0.0026203024011746123,1.0741085767745973,-0.01242723345143737,,,,,,,1.0595845620614275,0.0011096959300345155,1.0657570956584428,-0.004688420035619312,1.0754476748466602,-0.013656913721816544,1.0857972588584,-0.023058522126711112,-0.009690579188217363,-0.008354737882643275,-0.0013358413055740877,0,63.36024909452544,5.040140257679881,24.548377781664623,-19.508237523984743,0,0,0,0,0,32.17119427916303,0,0,24.960597000053635,18.314725583364442,6.645871416689193,-92.86637105162045,-75.0394027696078,0.0,-0.08592003889532629,-2.9892213552940805,-1.9433141898995143,0.009494592364710699,0.00895074189537518,1.099839638063713,1.0483775154854815,1.0741085767745973,0.04791147160185063,0.24062092093495957,0,0.0664122899183784,0.1128739407230988,0.08780454954550668,,1.0907488806143537,1.0527705111555108,0.21037942847165458,0.0,0.0,0.0,0.0,0.0,0.0,10607603787.375854,2,20,11,4,47,0,0,0,0.5877852522924732,-0.8090169943749473,-0.5000000000000004,0.8660254037844384,0.005789229842806905,1.059490442276001,34.567852278227164,0.00034760225258057047,1.0533745288848877,29.006072393777742,-0.003227449035962479,1.0530084371566772,30.706624778200762,-0.004479643966715406,1.061672568321228,37.87149217816348,0.005539332429711126,1.093445897102356,59.148469841535,-0.004684178358743221,1.0817828178405762,12.33193623148972,-0.0013256025661601593,0.006388441593982043,-1.3489836064676495,2.7503159577310567,-0.01858962293453205,0.005789229842806905,0.4666666666666667,-0.0011372207331207035,0.004760142341787923,-1.499549537188805,5.2266053687259255,-0.01858962293453205,0.005789229842806905,0.36666666666666664,,,,,,,
1.0546187162399292,1.0557432174682617,1.0469120740890503,1.0546187162399292,0,-0.005806694288349814,-0.0073132804671590685,0,0.0,0.0,0.0011245012283325195,0.007706642150878906,0.008831143379211426,0.0,0.12733359286706228,0.8726663958093759,-0.00614166259765625,-0.005789868022604209,0,1.0562505006790162,-0.001544884038287786,1.061678373813629,-0.0066495257388319295,1.0729369699954987,-0.017073000899520796,,,,,,,1.0579292801209281,-0.0031292866573345846,1.0640434988248253,-0.008857516346295502,1.0739047890239393,-0.01795882938537141,1.0845745709125776,-0.027619912519875056,-0.00986129019911397,-0.008656048345937415,-0.0012052418531765547,0,64.50903751986948,4.11644407314536,25.261716869601404,-21.145272796456045,0,0,0,0,0,27.03064462651004,0,1,16.599777599942218,21.198605992166478,-4.598828392224259,-106.96347304145705,-83.40022218466206,0.0,-0.16979562911949575,-1.7411796745528507,-2.325433758248907,0.010075087349220626,0.009553298451014007,1.1000110421865152,1.0458628978044822,1.0729369699954987,0.05046721838395924,0.1617011722045676,0,0.07038135253312726,0.07565361018334152,0.08937447111660206,,1.0902773963314683,1.049977046934586,0.11517689953786506,0.0,0.0,0.0,0.0,0.0,0.0,10546187161.399292,3,21,11,4,47,0,0,0,-0.587785252292473,-0.8090169943749475,-0.5000000000000004,0.8660254037844384,0.0011979117760981743,1.0607603788375854,32.17119427916303,0.005789229842806905,1.059490442276001,34.567852278227164,0.00034760225258057047,1.0533745288848877,29.006072393777742,-0.004966864548694718,1.0564124584197998,30.996563298859016,-0.01858962293453205,1.073306918144226,41.41442114318827,-0.0019021563077478245,1.079727053642273,12.140308259015768,-0.001949750726576197,0.006334609788251196,-1.108302485517623,2.2913747248993857,-0.01858962293453205,0.005789229842806905,0.4,-0.0012321424361792376,0.004825665366349645,-1.4075436060409705,4.677186332498406,-0.01858962293453205,0.005789229842806905,0.36666666666666664,,,,,,,
1.0469341278076172,1.0498688220977783,1.0339871644973755,1.0469341278076172,0,-0.0073132804671590685,0.0010054927377039545,3,0.0,0.0,0.002934694290161133,0.0129469633102417,0.015881657600402832,0.0,0.1847851367610508,0.8152148569423772,-0.007684588432312012,-0.007286603502526009,0,1.0550356388092041,-0.007678898041741156,1.0584200620651245,-0.010851962059384546,1.0711629211902618,-0.02261914877846971,,,,,,,1.0542642293498246,-0.006952812622726179,1.061411287899101,-0.013639538560754616,1.0719069622671746,-0.023297576596021052,1.08309847510454,-0.03338971314689865,-0.010495674368073526,-0.009023973550364639,-0.0014717008177088878,0,67.00614420947056,3.1302735693366603,34.217893587398095,-31.087620018061436,0,0,0,0,0,24.840447070129855,0,1,21.81419755982133,21.124857386605736,0.6893401732155944,-134.42870352528402,-78.18580227168975,0.0,-0.5768528660094918,-3.018304490004964,-2.8863874057235006,0.011482615934998372,0.01096784948442488,1.1002006221823588,1.0421252201981648,1.0711629211902618,0.05421715112603012,0.0828045512707903,0,0.08533156821200381,0.06725219494537578,0.09191711089668944,,1.0908835874244134,1.04495312368442,0.04313050549844862,0.0,0.0,0.0,0.0,0.0,0.0,10469341277.076172,4,22,11,4,47,0,0,0,-0.9510565162951536,0.30901699437494723,-0.5000000000000004,0.8660254037844384,-0.005806694288349814,1.0546187162399292,27.03064462651004,0.0011979117760981743,1.0607603788375854,32.17119427916303,0.005789229842806905,1.059490442276001,34.567852278227164,-0.003227449035962479,1.0530084371566772,30.706624778200762,0.005769485943921089,1.0795172452926636,43.72097943112274,-0.0015536373352375663,1.0780508518218994,12.001505459295402,-0.0026025616496497947,0.006350163980391033,-0.8205985371925059,1.71449016783676,-0.01858962293453205,0.005789229842806905,0.3333333333333333,-0.0014471112664275283,0.004950732659946818,-1.232368712968818,3.7343887607066826,-0.01858962293453205,0.005789229842806905,0.36666666666666664,,,,,,,
1.0479873418807983,1.0529640913009644,1.0449539422988892,1.0479873418807983,0,0.0010054927377039545,-0.0034002086829326983,1,0.0,0.0,0.004976749420166016,0.0030333995819091797,0.008010149002075195,0.0,0.621305465946531,0.37869452156930694,0.0010532140731811523,0.001005998414901314,0,1.0539582014083861,-0.0056651768723300355,1.056069815158844,-0.007653351380054851,1.0695794343948364,-0.02018746052670317,,,,,,,1.0521719335268158,-0.003977098810831525,1.0593460654347469,-0.010722391882594828,1.0701351385348505,-0.020696261578986852,1.0817215679192953,-0.03118568320706283,-0.010789073100103685,-0.009376993460312448,-0.0014120796397912375,0,66.72856906258606,6.572049248695444,30.90150072264889,-24.329451473953448,0,0,0,0,0,25.825789377282774,0,1,23.588746487984537,20.6675738825827,2.9211726054018357,-97.51947832648716,-76.41125334352655,0.0,-0.511421802631995,-2.193438409097681,-3.1806431661122625,0.011019620343941949,0.0105150319116582,1.1000837966236268,1.039075072166046,1.0695794343948364,0.057039919140176115,0.14608188876888967,0,0.0861859459861381,0.06514621034771098,0.0902421736308989,,1.0880594044638607,1.0439809230880928,0.09089284972097092,0.0,0.0,0.0,0.0,0.0,0.0,10479873417.807983,0,25,11,4,48,0,0,0,0.0,1.0,-0.5000000000000004,0.8660254037844384,-0.0073132804671590685,1.0469341278076172,24.840447070129855,-0.005806694288349814,1.0546187162399292,27.03064462651004,0.0011979117760981743,1.0607603788375854,32.17119427916303,0.00034760225258057047,1.0533745288848877,29.006072393777742,-0.0074639193703969955,1.0714898109436035,41.622779685999696,0.004040108121261029,1.0824151039123535,26.37148467079446,-0.002464450951136476,0.006408229016723078,-0.8595348470744719,1.6236139923726922,-0.01858962293453205,0.005789229842806905,0.4,-0.0013877307249459943,0.004969707735001885,-1.2523644999654795,3.6971740408766616,-0.01858962293453205,0.005789229842806905,0.4,,,,,,,
1.0444300174713135,1.0543851852416992,1.0427310466766357,1.0444300174713135,0,-0.0034002086829326983,0.00448025683300722,3,0.0,0.0,0.009955167770385742,0.0016989707946777344,0.011654138565063477,0.0,0.8542173777483125,0.14578261367104478,-0.0035573244094848633,-0.003394434519372317,0,1.0509461164474487,-0.0062002218510895935,1.0538689017295837,-0.008956412265210378,1.0677170634269715,-0.02181012821761441,,,,,,,1.0495912948416484,-0.004917416422191123,1.057051288824988,-0.011940074796663924,1.0682310554931072,-0.02228079589820464,1.0802591541762372,-0.03316716795510877,-0.011179766668119262,-0.009737548101873812,-0.0014422185662454502,0,66.84569186233234,5.652380228708153,29.246384901983888,-23.594004673275734,0,0,0,0,0,18.995675986496323,0,1,21.480520582764857,22.29448821019025,-0.8139676274253915,-94.33753497995461,-78.51947921153923,0.0,-1.4214781185127645,-2.06379653787081,-3.262800850629688,0.01110422277342482,0.010631849512757445,1.0996271824042905,1.0358069444496525,1.0677170634269715,0.05977261217856881,0.13511502439521733,0,0.0615918453781987,0.0640490556447612,0.09040989660112557,,1.0861724049128585,1.0417555138191592,0.06021366152103997,0.0,0.0,0.0,0.0,0.0,0.0,10444300173.713135,1,26,11,4,48,0,0,0,0.9510565162951535,0.30901699437494745,-0.5000000000000004,0.8660254037844384,0.0010054927377039545,1.0479873418807983,25.825789377282774,-0.0073132804671590685,1.0469341278076172,24.840447070129855,-0.005806694288349814,1.0546187162399292,27.03064462651004,0.005789229842806905,1.059490442276001,34.567852278227164,-0.004724823568674232,1.066439151763916,39.688013154962306,-0.0025512817216714694,1.0796570777893066,24.00365198024042,-0.0026882301253730425,0.006376178726258767,-0.7557932427474956,1.5777902373021944,-0.01858962293453205,0.005789229842806905,0.4,-0.0014515773380930077,0.004983283108201817,-1.2034061968108054,3.5499409266924453,-0.01858962293453205,0.005789229842806905,0.4,,,,,,,
1.0491198301315308,1.0583466291427612,1.0475481748580933,1.0491198301315308,0,0.00448025683300722,0.006768694192798784,4,0.0,0.0,0.009226799011230469,0.0015716552734375,0.010798454284667969,0.0,0.8544555250732001,0.14554446566621537,0.004689812660217285,0.004490308188501549,0,1.0486180067062378,0.00047855684532960296,1.052613627910614,-0.003319164588136969,1.06606987118721,-0.01589955931801479,,,,,,,1.0494341399382758,-0.0002995041753964811,1.05583106441061,-0.006356352455106018,1.0668154091700273,-0.01658729240760104,1.0790380042136998,-0.027726710331391735,-0.010984344759417342,-0.009986907433382519,-0.0009974373260348227,0,63.91024137364258,9.340002896566922,24.518874290009446,-15.178871393442524,0,0,0,0,0,30.98429910649527,0,0,33.07581462893605,26.048360566561815,7.027454062374236,-67.12367627056341,-66.92418515249165,0.0,-1.0973777809094587,-1.182354952388598,-3.009918261079636,0.011479207959827879,0.010941751007884892,1.098261669821322,1.0338780725530983,1.06606987118721,0.060393412291527025,0.2367335501814477,0,0.07756413511295239,0.07017125980081257,0.09210135584813725,,1.0855086486919048,1.039591816852593,0.2075058943859821,0.0,0.0,0.0,0.0,0.0,0.0,10491198300.315308,2,27,11,4,48,0,0,0,0.5877852522924732,-0.8090169943749473,-0.5000000000000004,0.8660254037844384,-0.0034002086829326983,1.0444300174713135,18.995675986496323,0.0010054927377039545,1.0479873418807983,25.825789377282774,-0.0073132804671590685,1.0469341278076172,24.840447070129855,0.0011979117760981743,1.0607603788375854,32.17119427916303,-0.004479643966715406,1.061672568321228,37.87149217816348,0.0018695482944515605,1.0816774368286133,28.212357876778427,-0.002758835165153303,0.006283759200673802,-0.8133781354972448,1.7126062773270223,-0.01858962293453205,0.005789229842806905,0.4,-0.001225597056320167,0.005095963471542178,-1.2095232009242125,3.2703500771122713,-0.01858962293453205,0.005789229842806905,0.43333333333333335,,,,,,,
1.0562450885772705,1.0565240383148193,1.0529197454452515,1.0562450885772705,0,0.006768694192798784,5.281773593705406e-05,2,0.0,0.0,0.0002789497375488281,0.003325343132019043,0.003604292869567871,0.0,0.07739374681916387,0.9226062254361437,0.007125258445739746,0.006791653575137617,0,1.048943281173706,0.006961107844361214,1.052596890926361,0.003465901887048428,1.0645862340927124,-0.007835105647187923,,,,,,,1.051704456151274,0.004317403334185066,1.05589476043625,0.00033178310387915744,1.0660324224594526,-0.009181084716620158,1.0781441643848202,-0.020311825291021157,-0.010137662023202543,-0.010017058351346524,-0.00012060367185601911,0,61.366184283443026,8.496841243093298,22.305451573055564,-13.808610329962265,0,0,0,0,0,31.963094150691347,0,0,57.278494456463754,37.27827655605489,20.000217900408863,-45.27423879288505,-42.721505286196454,0.0,0.15421424940569306,-0.015843228768774864,-2.386050557628683,0.010935874656289306,0.010353538940459582,1.0956415084370483,1.0335309597483764,1.0645862340927124,0.05834243079027888,0.36570484840148193,0,0.09100867960877909,0.07689029380651054,0.09627460893819392,,1.0838214921614964,1.0400779935363391,0.3695885219998088,0.0,0.0,0.0,0.0,0.0,0.0,10562450884.772705,3,28,11,4,48,0,0,0,-0.587785252292473,-0.8090169943749475,-0.5000000000000004,0.8660254037844384,0.00448025683300722,1.0491198301315308,30.98429910649527,-0.0034002086829326983,1.0444300174713135,18.995675986496323,0.0010054927377039545,1.0479873418807983,25.825789377282774,-0.005806694288349814,1.0546187162399292,27.03064462651004,-0.004966864548694718,1.0564124584197998,30.996563298859016,0.0003570095333019306,1.0820636749267578,31.757926814859275,-0.001068280689997914,0.005000636912678836,0.35299568687741895,-1.4036525881811264,-0.0074639193703969955,0.006768694192798784,0.4666666666666667,-0.0009336484446586832,0.005297573253331061,-1.1268708003871653,2.803194904669581,-0.01858962293453205,0.006768694192798784,0.4666666666666667,,,,,,,
1.0563008785247803,1.0595465898513794,1.0542962551116943,1.0563008785247803,0,5.281773593705406e-05,-0.0016992399754418089,1,0.0,0.0,0.003245711326599121,0.0020046234130859375,0.005250334739685059,0.0,0.6181913012606669,0.38180867969292887,5.5789947509765625e-05,5.281913081331441e-05,0,1.0508166313171388,0.0052190334104680325,1.0529261350631713,0.003205109312901522,1.0629706263542176,-0.006274630515130775,,,,,,,1.0532365969424429,0.0029093951833254472,1.0559572401421777,0.00032542821764613983,1.0653115673531806,-0.008458266298508321,1.0772875649393283,-0.01948104405510509,-0.009354327211002822,-0.009884512123277785,0.0005301849122749634,1,56.81893684800951,11.872080449930685,20.771248927222768,-8.899168477292083,0,0,0,0,0,36.56820487147613,0,0,68.9524207340882,53.102243273162664,15.85017746092553,-32.58358329921314,-31.047578956898164,0.0,0.8946838648557609,0.3126699893301277,-2.7273658385092436,0.010177802667408739,0.009635325382536298,1.092062853844196,1.033878398864239,1.0629706263542176,0.05473759437176985,0.38536890359681575,0,0.0627976895808515,0.07478848548432053,0.09487191388204955,,1.0817673611052459,1.0410561504356108,0.37446019906978334,0.0,0.0,0.0,0.0,0.0,0.0,10563008784.247803,4,29,11,4,48,0,0,0,-0.9510565162951536,0.30901699437494723,-0.5000000000000004,0.8660254037844384,0.006768694192798784,1.0562450885772705,31.963094150691347,0.00448025683300722,1.0491198301315308,30.98429910649527,-0.0034002086829326983,1.0444300174713135,18.995675986496323,-0.0073132804671590685,1.0469341278076172,24.840447070129855,-0.003227449035962479,1.0530084371566772,30.706624778200762,0.00355552811789075,1.0859178304672241,39.77896253690076,-0.0014493919038635165,0.00464767450479217,0.4629120989293162,-0.9731278571405755,-0.0074639193703969955,0.006768694192798784,0.4666666666666667,-0.0008306563488939811,0.005285292626399709,-1.1948189761134693,2.9635785928692955,-0.01858962293453205,0.006768694192798784,0.5,,,,,,,
1.0545742511749268,1.0545742511749268,1.0462220907211304,1.0545074939727783,0,-0.0016992399754418089,-0.004167117568172117,1,-6.67572021484375e-05,6.67572021484375e-05,0.0,0.00828540325164795,0.008352160453796387,0.007992806378475773,0.0,0.9920071816485744,-0.0017266273498535156,-0.0016345980437898026,0,1.0521206617355348,0.002268591639555284,1.0530394315719604,0.001394119020298179,1.0613233506679536,-0.006422036027232791,,,,,,,1.053660229285888,0.0008041155614120221,1.0557342022699623,-0.0011619481441732527,1.064511265621299,-0.00939752548484507,1.076394228822993,-0.02033338191724976,-0.008777063351336656,-0.00966302236888956,0.000885959017552904,0,55.51727905696181,10.302500121047357,28.616350297379086,-18.313850176331727,0,0,0,0,0,38.80364839339912,0,0,66.36837497716034,64.19976338923743,2.1686115879229106,-58.64573159752379,-33.631624699412214,0.0,0.6221594318380319,0.10755577022447671,-3.1329350539446743,0.010164600685574229,0.009639192459710205,1.0882273372489732,1.034419364086934,1.0613233506679536,0.05069894403350769,0.37332998565133213,0,0.06765120059406005,0.07546412784908607,0.09386436800720556,,1.0810834083989433,1.0404250056566464,0.3463610799163486,0.0,0.0,0.0,0.0,0.0,0.0,10545074938.727783,0,2,12,4,49,0,0,0,0.0,1.0,-2.4492935982947064e-16,1.0,5.281773593705406e-05,1.0563008785247803,36.56820487147613,0.006768694192798784,1.0562450885772705,31.963094150691347,0.00448025683300722,1.0491198301315308,30.98429910649527,0.0010054927377039545,1.0479873418807983,25.825789377282774,0.00034760225258057047,1.0533745288848877,29.006072393777742,0.0024788833789448966,1.0886130332946777,44.88680142267885,-0.0010650799441998375,0.004343178102438431,0.47896732695029604,-0.8051699230363665,-0.0073132804671590685,0.006768694192798784,0.4666666666666667,-0.001007359606040811,0.00522020531171823,-1.1540127586145137,3.0738730957804745,-0.01858962293453205,0.006768694192798784,0.4666666666666667,,,,,,,
1.0501223802566528,1.0530306100845337,1.048185110092163,1.0501223802566528,0,-0.004167117568172117,0.0009139811661724639,2,0.0,0.0,0.0029082298278808594,0.001937270164489746,0.0048454999923706055,0.0,0.6001918836943085,0.39980809566798686,-0.004385113716125488,-0.004158447181052317,0,1.0532591342926025,-0.0029781409280239535,1.0521026253700256,-0.0018821787584534233,1.0594591856002809,-0.008812803333671182,,,,,,,1.052480946276143,-0.0022409584967890694,1.0548708450371456,-0.004501465655613379,1.0634454222609548,-0.012528186049006185,1.0753639602517642,-0.023472592560061734,-0.008574577223809277,-0.009445333339873503,0.0008707561160642262,0,54.389175638052265,9.40273078722434,26.117139994928603,-16.714409207704264,0,0,0,0,0,39.08345548430266,0,0,59.22049716621854,64.84709762582236,-5.626600459603814,-66.00748990374153,-40.779502466755076,0.0,0.5450209865780486,-0.8842044860002396,-3.4328497118628065,0.009652305111579695,0.009191600228824268,1.0837981855756667,1.035120185624895,1.0594591856002809,0.0459460832543506,0.3081925020771263,0,0.07109682326089801,0.07088724220629275,0.09429092557667512,,1.0790462623203692,1.0404370418740505,0.25085557919987106,0.0,0.0,0.0,0.0,0.0,0.0,10501223801.566528,1,3,12,4,49,0,0,0,0.9510565162951535,0.30901699437494745,-2.4492935982947064e-16,1.0,-0.0016992399754418089,1.0545074939727783,38.80364839339912,5.281773593705406e-05,1.0563008785247803,36.56820487147613,0.006768694192798784,1.0562450885772705,31.963094150691347,-0.0034002086829326983,1.0444300174713135,18.995675986496323,0.005789229842806905,1.059490442276001,34.567852278227164,-0.0010661677399958194,1.087453007698059,45.43248054486605,-0.001027899544166363,0.004311884926774803,0.4793282050713891,-0.7685052610027827,-0.0073132804671590685,0.006768694192798784,0.4666666666666667,-0.0009901242463551073,0.005208487515943927,-1.1677071230632134,3.1446386893695024,-0.01858962293453205,0.006768694192798784,0.4666666666666667,,,,,,,
1.0510826110839844,1.0540074110031128,1.0473946332931519,1.0510826110839844,0,0.0009139811661724639,0.0003153593821823031,2,0.0,0.0,0.002924799919128418,0.0036879777908325195,0.0066127777099609375,0.0,0.4422952053103528,0.5577047795674093,0.000960230827331543,0.0009143989741513936,0,1.0536516904830933,-0.0024382625891172793,1.0511348485946654,-4.9696393137343975e-05,1.0573410212993621,-0.005919008331952247,1.0787908339500427,-0.025684518343592977,,,,,1.0520148345454237,-0.0008861315741365283,1.0542880398135823,-0.003040372941972014,1.0625296584700683,-0.010773391023728318,1.0744117504804787,-0.021713406879522834,-0.008241618656485983,-0.009204590403196,0.0009629717467100167,0,52.58813942573409,9.914634300400195,23.626873715382725,-13.71223941498253,0,0,0,0,0,44.516880980881986,0,0,62.74479754355978,62.77788989564622,-0.03309235208644168,-61.188124296194836,-37.25520208941385,0.0,0.18708834740142066,-0.9123424994631035,-3.3403421685584633,0.009247034791363861,0.008797628933226862,1.0759176104761035,1.0387644321226208,1.0573410212993621,0.03513831167196314,0.33155114781865674,1,0.06458355998887376,0.07066727839449634,0.09455615637431518,,1.0774110511072494,1.0404229119417938,0.28819235987212755,0.0,0.0,0.0,0.0,0.0,0.0,10510826109.839844,2,4,12,4,49,0,0,0,0.5877852522924732,-0.8090169943749473,-2.4492935982947064e-16,1.0,-0.004167117568172117,1.0501223802566528,39.08345548430266,-0.0016992399754418089,1.0545074939727783,38.80364839339912,5.281773593705406e-05,1.0563008785247803,36.56820487147613,0.00448025683300722,1.0491198301315308,30.98429910649527,0.0011979117760981743,1.0607603788375854,32.17119427916303,-4.3521069384201406e-05,1.0874056816101074,48.58155955779705,-0.0006683245353071716,0.004227544635517633,0.26625851073124346,-0.7533773613109244,-0.0073132804671590685,0.006768694192798784,0.5333333333333333,-0.0008962529972244312,0.0052168539353719765,-1.217948032218328,3.202130043814096,-0.01858962293453205,0.006768694192798784,0.5,,,,,,,
1.051414132118225,1.0588284730911255,1.050894856452942,1.051414132118225,0,0.0003153593821823031,0.006773005972460674,4,0.0,0.0,0.007414340972900391,0.0005192756652832031,0.007933616638183594,0.0,0.9345474097855033,0.06545257760990501,0.00033152103424072266,0.00031540911314980577,0,1.0526854991912842,-0.0012077369488940892,1.0508143901824951,0.0005707400291394826,1.056246381998062,-0.004574926893703091,1.0775570702552795,-0.02426130267832105,,,,,1.0518146004030242,-0.0003807404694777805,1.0538459001681428,-0.0023075177777880373,1.0617062861477096,-0.009693974937135419,1.0735098830937235,-0.020582717887759894,-0.00786038597956673,-0.008935749518470145,0.0010753635389034143,0,47.402159244807,15.844252065930348,20.871900621160886,-5.027648555230538,0,0,0,0,0,48.249163289170205,0,0,63.96156717104407,61.9756206269408,1.985946544103264,-24.230742487727127,-36.03843246192955,0.0,-0.45737078555816435,-0.30386186707642704,-3.8439729935898503,0.009071912370939827,0.008628296018620488,1.0733862362021487,1.0391065277939755,1.056246381998062,0.03245427296998841,0.35903468436189134,1,0.032713535873133484,0.06528268617238275,0.09124773645540717,,1.0763462491800875,1.040058599696328,0.31293105373733565,0.0,0.0,0.0,0.0,0.0,0.0,10514141320.182251,3,5,12,4,49,0,0,0,-0.587785252292473,-0.8090169943749475,-2.4492935982947064e-16,1.0,0.0009139811661724639,1.0510826110839844,44.516880980881986,-0.004167117568172117,1.0501223802566528,39.08345548430266,-0.0016992399754418089,1.0545074939727783,38.80364839339912,0.006768694192798784,1.0562450885772705,31.963094150691347,-0.005806694288349814,1.0546187162399292,27.03064462651004,0.005539332429711126,1.093445897102356,59.148469841535,-0.00031617627324870366,0.004060611608224681,0.09840602968916819,-0.47867049465953887,-0.0073132804671590685,0.006768694192798784,0.6,-0.0008339531066437688,0.005219891651029881,-1.253651768449256,3.254698321798896,-0.01858962293453205,0.006768694192798784,0.5333333333333333,,,,,,,
1.058559536933899,1.0626428127288818,1.0546075105667114,1.058559536933899,0,0.006773005972460674,-0.001903646640996115,1,0.0,0.0,0.00408327579498291,0.0039520263671875,0.00803530216217041,0.0,0.5081670435979317,0.49183294395698574,0.007145404815673828,0.006795994648273161,0,1.053137230873108,0.005148717376348699,1.0519769310951232,0.0062573670045191765,1.055198496580124,0.003185220851194881,1.0763739013671876,-0.016550349752076143,,,,,1.0540629125799825,0.004265992285492404,1.0545710750551822,0.003782070144612959,1.0614731936133532,-0.002744917909100919,1.0729235950090246,-0.013387773594135566,-0.006902118558171022,-0.00852902332641032,0.0016269047682392988,0,41.52675249712102,18.743613741258937,17.533198491026095,1.2104152502328418,0,0,0,0,0,54.95611758996114,0,0,85.75053738884202,70.81896736781529,14.93157002102673,60.854907943891284,-14.249462262186631,0.0,0.21382718267479728,1.1104241248326208,-1.3740134309229823,0.00935948146956875,0.00884171474737658,1.0684751931449288,1.0419218000153192,1.055198496580124,0.025164358377264686,0.6265766779677353,1,0.06455492056305201,0.06110001131240501,0.07319128289103037,,1.0769553980912208,1.0395174722129457,0.5086303320329019,0.0,0.0,0.0,0.0,0.0,0.0,10585595368.33899,4,6,12,4,49,0,0,0,-0.9510565162951536,0.30901699437494723,-2.4492935982947064e-16,1.0,0.0003153593821823031,1.051414132118225,48.249163289170205,0.0009139811661724639,1.0510826110839844,44.516880980881986,-0.004167117568172117,1.0501223802566528,39.08345548430266,5.281773593705406e-05,1.0563008785247803,36.56820487147613,-0.0073132804671590685,1.0469341278076172,24.840447070129855,-0.01858962293453205,1.073306918144226,41.41442114318827,0.0003505207273128399,0.004358519205577919,-0.07513601041346893,-0.6985659309086878,-0.0073132804671590685,0.006773005972460674,0.6666666666666666,-0.0007428565116037807,0.005330559886797234,-1.152990447489899,2.958689466364138,-0.01858962293453205,0.006773005972460674,0.5333333333333333,,,,,,,
1.0565463304519653,1.0592771768569946,1.0533078908920288,1.0565463304519653,0,-0.001903646640996115,-0.0009714799294297815,2,0.0,0.0,0.002730846405029297,0.0032384395599365234,0.00596928596496582,0.0,0.45748291760665244,0.5425170656409255,-0.0020132064819335938,-0.0019018358547641364,0,1.0535449981689453,0.0028487935379613027,1.05283282995224,0.0035271510288494845,1.054451322555542,0.00198682267394501,1.0751651978492738,-0.017317215561684196,,,,,1.0548907185373102,0.0015694628698541546,1.0548749605008412,0.0015844246129153028,1.0611082407865837,-0.0042991942375329995,1.0722813493401202,-0.014674338032989898,-0.0062332802857425484,-0.008069874718276767,0.001836594432534219,0,36.31121166826554,17.06882206763894,17.911926775214546,-0.8431047075756055,0,0,0,0,0,46.946349267800905,0,0,78.72502374963355,76.14570943650655,2.579314313127,41.39240676076585,-21.274975901395102,0.0,0.1933449018466371,0.8167072472274661,-2.127887714704424,0.00890745540228836,0.008430728634147913,1.0653337569044046,1.0435688882066796,1.054451322555542,0.020640942099548126,0.5962563967600042,1,0.06499392664563491,0.06294901785743559,0.06942974593411666,,1.0758903836042677,1.0402605619951144,0.45708251334491284,0.0,0.0,0.0,0.0,0.0,0.0,10565463303.519653,0,9,12,4,50,0,0,0,0.0,1.0,-2.4492935982947064e-16,1.0,0.006773005972460674,1.058559536933899,54.95611758996114,0.0003153593821823031,1.051414132118225,48.249163289170205,0.0009139811661724639,1.0510826110839844,44.516880980881986,-0.0016992399754418089,1.0545074939727783,38.80364839339912,0.0010054927377039545,1.0479873418807983,25.825789377282774,0.005769485943921089,1.0795172452926636,43.72097943112274,0.00020043746774106081,0.0043972153733136355,0.033923509228238675,-0.8022280477158662,-0.0073132804671590685,0.006773005972460674,0.6,-0.0007212686755812688,0.005324291254240204,-1.1690355615032098,3.0095712300388766,-0.01858962293453205,0.006773005972460674,0.5333333333333333,,,,,,,
1.0555204153060913,1.056747317314148,1.0500340461730957,1.0555204153060913,0,-0.0009714799294297815,-0.0021088709645177175,1,0.0,0.0,0.0012269020080566406,0.0054863691329956055,0.006713271141052246,0.0,0.18275769948844411,0.8172422856156882,-0.0010259151458740234,-0.0009710081954835436,0,1.054624605178833,0.0008494112718158142,1.0539418697357177,0.0014977538283205138,1.0539053857326508,0.0015324235886360338,1.074002401828766,-0.017208515166710514,,,,,1.0551006174602373,0.00039787460917684037,1.0549742612401103,0.0005176941144395819,1.0606943277880287,-0.004877854482581601,1.0716240578093739,-0.015027324633509198,-0.0057200665479184565,-0.007599913084205105,0.0018798465362866489,0,33.60171479856234,15.295341791722363,21.117797327987052,-5.822455536264689,1,0,0,0,0,44.53742742905262,0,0,75.14487391667357,79.8734783517164,-4.728604435042826,10.384944246964464,-24.85512573435508,0.0,0.5140386635812177,1.0618612687548934,-1.4903917400249322,0.008614897500790213,0.008161753553081014,1.0632412702348852,1.0445695012304164,1.0539053857326508,0.017716741232626888,0.5864957955726845,1,0.05390230574701086,0.05948226711788581,0.06536600324600497,,1.0750619289923573,1.0406023389891963,0.4329150832100746,0.0,0.0,0.0,0.0,0.0,0.0,10555204152.060913,1,10,12,4,50,0,0,0,0.9510565162951535,0.30901699437494745,-2.4492935982947064e-16,1.0,-0.001903646640996115,1.0565463304519653,46.946349267800905,0.006773005972460674,1.058559536933899,54.95611758996114,0.0003153593821823031,1.051414132118225,48.249163289170205,-0.004167117568172117,1.0501223802566528,39.08345548430266,-0.0034002086829326983,1.0444300174713135,18.995675986496323,-0.0074639193703969955,1.0714898109436035,41.622779685999696,-0.0002502765170747183,0.0041212748225592484,0.21395756848340539,-0.28092450057749757,-0.0073132804671590685,0.006773005972460674,0.5333333333333333,-0.0008159696163773136,0.005301839201027792,-1.1308458049262387,3.0202265246286286,-0.01858962293453205,0.006773005972460674,0.5,,,,,,,
1.0532968044281006,1.0540739297866821,1.0481630563735962,1.0532968044281006,0,-0.0021088709645177175,-0.0024826807922637144,1,0.0,0.0,0.000777125358581543,0.0051337480545043945,0.0059108734130859375,0.0,0.13147386031203076,0.8685261227699961,-0.0022236108779907227,-0.0021066488582650775,0,1.0550674438476562,-0.0016782240127991566,1.0543595671653747,-0.0010079700230070099,1.0534865975379943,-0.00018015721350350677,1.0729405283927917,-0.018308306511904848,,,,,1.0544993464495251,-0.0011403915283204613,1.0547161909613396,-0.001345752198807837,1.0601463630947008,-0.006460955774030497,1.0709053419905006,-0.01644266488392576,-0.005430172133361166,-0.007165964894036318,0.001735792760675152,0,32.19492438834013,13.519084925675903,21.61859705900594,-8.099512133330036,1,0,0,0,0,48.499339408021946,0,0,67.38510923689174,73.75166896773295,-6.366559730841217,-29.028361478042076,-32.614890414136916,0.0,0.21065835556282053,0.39814082020031005,-1.232357918787741,0.0084472256916842,0.008019796182205961,1.0620771380777647,1.044896056998224,1.0534865975379943,0.016308779929485748,0.48895336341697976,1,0.05838192579063666,0.05804149506247511,0.06395702234928173,,1.074294649225319,1.040505746458582,0.37855795495835837,0.0,0.0,0.0,0.0,0.0,0.0,10532968043.281006,2,11,12,4,50,0,0,0,0.5877852522924732,-0.8090169943749473,-2.4492935982947064e-16,1.0,-0.0009714799294297815,1.0555204153060913,44.53742742905262,-0.001903646640996115,1.0565463304519653,46.946349267800905,0.006773005972460674,1.058559536933899,54.95611758996114,0.0009139811661724639,1.0510826110839844,44.516880980881986,0.00448025683300722,1.0491198301315308,30.98429910649527,-0.004724823568674232,1.066439151763916,39.688013154962306,-0.0004707286997824444,0.004126714559666811,0.3871277271076677,-0.21248530335638038,-0.0073132804671590685,0.006773005972460674,0.4666666666666667,-0.0008981656329713018,0.005302141716745774,-1.0817546265135058,2.9400332770842805,-0.01858962293453205,0.006773005972460674,0.4666666666666667,,,,,,,
1.0506850481033325,1.052997350692749,1.0464848279953003,1.0506850481033325,0,-0.0024826807922637144,-0.0031261282522741423,1,0.0,0.0,0.002312302589416504,0.0042002201080322266,0.0065125226974487305,0.0,0.3550548169017304,0.6449451677432371,-0.0026117563247680664,-0.0024796014889062433,0,1.0549216270446777,-0.0040160130689634865,1.053803563117981,-0.0029592945246128544,1.053200227022171,-0.0023881299624394225,1.0718572235107422,-0.019752794533666962,,,,,1.053227913667461,-0.0024143546053887466,1.0540960151370309,-0.0032359169225503193,1.0594455249471921,-0.008268926279592748,1.070112389289043,-0.018154486835538886,-0.005349509810161246,-0.006802673877261304,0.001453164067100058,0,31.796755592556725,12.026971110638387,21.95167893953906,-9.924707828900674,1,0,0,0,0,54.81238160230451,0,0,39.94623764602392,60.825406933196405,-20.879169287172488,-62.088744110475695,-60.053761851760456,0.0,-0.06934318196996081,-0.5263968120720164,-1.03492550770804,0.008229192457166346,0.007832216201456597,1.0617618973341745,1.0446385567101675,1.053200227022171,0.016258390553898633,0.353114003314075,1,0.061969602704085434,0.04716762140882895,0.06279043693629131,,1.0732190446859387,1.0403022748572732,0.31542503315361764,0.0,0.0,0.0,0.0,0.0,0.0,10506850480.033325,3,12,12,4,50,0,0,0,-0.587785252292473,-0.8090169943749475,-2.4492935982947064e-16,1.0,-0.0021088709645177175,1.0532968044281006,48.499339408021946,-0.0009714799294297815,1.0555204153060913,44.53742742905262,-0.001903646640996115,1.0565463304519653,46.946349267800905,0.0003153593821823031,1.051414132118225,48.249163289170205,0.006768694192798784,1.0562450885772705,31.963094150691347,-0.004479643966715406,1.061672568321228,37.87149217816348,-0.0002491278000433711,0.0039028894138657226,0.4601859339409453,0.13100902939679207,-0.0073132804671590685,0.006773005972460674,0.4666666666666667,-0.001099439263309784,0.005241506971988408,-1.019927012017202,3.0230688582564182,-0.01858962293453205,0.006773005972460674,0.43333333333333335,,,,,,,
1.0474056005477905,1.0522992610931396,1.045434594154358,1.0474056005477905,0,-0.0031261282522741423,0.0034308317144111627,3,0.0,0.0,0.004893660545349121,0.001971006393432617,0.006864666938781738,0.0,0.7128766067898891,0.28712337864276205,-0.003279447555541992,-0.003121247000849432,0,1.0526908397674561,-0.005020694699244377,1.052914035320282,-0.00523160931204858,1.0529200851917266,-0.005237325055308717,1.070734179019928,-0.02178746044262081,,,,,1.051287142627571,-0.003692180777280063,1.05306672058484,-0.005375841839696527,1.0585536786953846,-0.010531424594622751,1.0692219269854646,-0.020403927365333807,-0.00548695811054456,-0.006539530723917955,0.0010525726133733954,0,31.96729756569661,10.659032292037846,21.1950221150417,-10.535989823003852,0,0,0,0,0,49.29396346295392,0,0,23.476339745118413,43.60256220934469,-20.126222464226277,-88.70159004380629,-76.52365975266596,0.0,-1.0536900379184755,-0.842115930965881,-0.852589137909443,0.008047255721381732,0.007683036749473874,1.061866201864647,1.0439739685188063,1.0529200851917266,0.016992964229458465,0.19179450342919366,1,0.012574604537376636,0.04874513553856084,0.06144820887156194,,1.0719642131930538,1.0397751903075267,0.23705007274357467,0.0,0.0,0.0,0.0,0.0,0.0,10474056004.477905,4,13,12,4,50,0,0,0,-0.9510565162951536,0.30901699437494723,-2.4492935982947064e-16,1.0,-0.0024826807922637144,1.0506850481033325,54.81238160230451,-0.0021088709645177175,1.0532968044281006,48.499339408021946,-0.0009714799294297815,1.0555204153060913,44.53742742905262,0.006773005972460674,1.058559536933899,54.95611758996114,5.281773593705406e-05,1.0563008785247803,36.56820487147613,-0.004966864548694718,1.0564124584197998,30.996563298859016,3.001568094895731e-05,0.0034893890514081836,1.0040306601464433,0.052505700743874936,-0.004167117568172117,0.006773005972460674,0.4666666666666667,-0.0012862729843504186,0.00520935608877835,-0.9377463524985767,3.009119473579649,-0.01858962293453205,0.006773005972460674,0.4,,,,,,,
1.051005244255066,1.0524100065231323,1.0475043058395386,1.051005244255066,0,0.0034308317144111627,0.0006939144774902469,2,0.0,0.0,0.0014047622680664062,0.0035009384155273438,0.00490570068359375,0.0,0.2863530268222607,0.7136469527932919,0.0035996437072753906,0.0034367237534810905,0,1.0515826225280762,-0.0005490565939244574,1.0525638103485107,-0.001480733213486185,1.0528016209602356,-0.0017062823320509457,1.0698052048683167,-0.01757325597776238,,,,,1.0511931765034026,-0.00017878003065430192,1.0527495703802594,-0.0016569241860604489,1.0579945354035092,-0.006606169515910643,1.068507547270547,-0.016380139905002866,-0.005244965023249781,-0.006280617583784321,0.0010356525605345395,0,31.997945620220577,9.92152704203399,19.344287622009695,-9.422760579975705,0,0,0,0,0,57.97188389890713,0,0,32.372032260114935,31.931536550419093,0.44049570969584195,-43.74690489916554,-67.62796715876739,0.0,-0.5244527416539357,-0.33212184244588716,-0.19023521853446246,0.007641542421909741,0.007270698660118354,1.0617850699287348,1.0438181719917363,1.0528016209602356,0.017065796231302055,0.4000174236270261,1,0.04167481226217327,0.05285904864418671,0.06192542934823603,,1.070689504927898,1.040123335240259,0.35601153466102864,0.0,0.0,0.0,0.0,0.0,0.0,10510052441.55066,0,16,12,4,51,0,0,0,0.0,1.0,-2.4492935982947064e-16,1.0,-0.0031261282522741423,1.0474056005477905,49.29396346295392,-0.0024826807922637144,1.0506850481033325,54.81238160230451,-0.0021088709645177175,1.0532968044281006,48.499339408021946,-0.001903646640996115,1.0565463304519653,46.946349267800905,-0.0016992399754418089,1.0545074939727783,38.80364839339912,-0.003227449035962479,1.0530084371566772,30.706624778200762,0.00019170494606277118,0.003592487660358813,0.8324043254068376,-0.4985428291795051,-0.004167117568172117,0.006773005972460674,0.4666666666666667,-0.0011363730025368524,0.005280128215577283,-0.9654795756214776,2.8225936247513754,-0.01858962293453205,0.006773005972460674,0.43333333333333335,,,,,,,
1.0517348051071167,1.0532857179641724,1.047998309135437,1.0517348051071167,0,0.0006939144774902469,-0.0021222625439105583,1,0.0,0.0,0.001550912857055664,0.0037364959716796875,0.0052874088287353516,0.0,0.29332190453947227,0.7066780765476725,0.0007295608520507812,0.0006941552917735112,0,1.0508255004882812,0.0008653239936853296,1.0527250528335572,-0.0009406519049595108,1.0524138391017914,-0.0006452158546201847,1.0688884139060975,-0.016048081983310647,,,,,1.0513737193713073,0.0003434417554120106,1.0525934526459297,-0.0008157448030605696,1.0575308516778505,-0.00548073530052573,1.0678497926759027,-0.015091062224111829,-0.004937399031920808,-0.006011973873411619,0.001074574841490811,0,31.02298297183735,10.560421001151337,17.48318987436281,-6.922768873211474,0,0,0,0,0,53.50722156651015,0,0,36.61163930980257,30.820003771678643,5.791635538123927,-23.761981039216927,-63.38836010907975,0.0,-0.35864869538092536,0.15354637523958825,-0.15566389093409905,0.007327657942819823,0.006967210656660542,1.0608334460194968,1.043994232184086,1.0524138391017914,0.01600056290421128,0.459675430974435,1,0.04351324470906777,0.048432862327840394,0.06196791796304581,,1.0697120583528648,1.0404014265815853,0.3866644218146867,0.0,0.0,0.0,0.0,0.0,0.0,10517348050.071167,1,17,12,4,51,0,0,0,0.9510565162951535,0.30901699437494745,-2.4492935982947064e-16,1.0,0.0034308317144111627,1.051005244255066,57.97188389890713,-0.0031261282522741423,1.0474056005477905,49.29396346295392,-0.0024826807922637144,1.0506850481033325,54.81238160230451,-0.0009714799294297815,1.0555204153060913,44.53742742905262,-0.004167117568172117,1.0501223802566528,39.08345548430266,0.00034760225258057047,1.0533745288848877,29.006072393777742,0.0004646464900909675,0.003452912444134977,0.7562798590927536,-0.44197740581337797,-0.004167117568172117,0.006773005972460674,0.5333333333333333,-0.0011117918176410378,0.005287103258409176,-0.9754012119748432,2.8113511876871558,-0.01858962293453205,0.006773005972460674,0.4666666666666667,,,,,,,
1.0495051145553589,1.0515247583389282,1.0467805862426758,1.0495051145553589,0,-0.0021222625439105583,-0.013892921674058333,0,0.0,0.0,0.002019643783569336,0.0027245283126831055,0.004744172096252441,0.0,0.4257104717161639,0.5742895072053433,-0.0022296905517578125,-0.0021200121368225733,0,1.050067162513733,-0.0005352496282000629,1.0525673031806946,-0.0029092569337764163,1.05185107588768,-0.0022303170913413606,1.067927029132843,-0.017250162392385415,,,,,1.0507508510993246,-0.0011855680559705872,1.052118323708919,-0.0024837598532639893,1.0569363526317401,-0.007030923060953098,1.0671303935339207,-0.01651651867823023,-0.004818028922821238,-0.005773184883293544,0.0009551559604723059,0,31.01701336438661,9.56546737011045,18.151772351041114,-8.586304980930663,0,0,0,0,0,39.59375369492242,0,0,23.65451345075721,30.879395006891574,-7.224881556134363,-59.09511596221962,-76.3454859681251,0.0,-0.35998304151321214,-0.15008302030594667,-0.942465106074164,0.007011199399035968,0.0066804814013110714,1.0593791057872781,1.044323045988082,1.05185107588768,0.014313870226408901,0.3441849064079266,1,0.04354029609825071,0.04948473322600623,0.058499034131737446,,1.0685504147975002,1.0405056172013565,0.3208972106523651,0.0,0.0,0.0,0.0,0.0,0.0,10495051144.553589,2,18,12,4,51,0,0,0,0.5877852522924732,-0.8090169943749473,-2.4492935982947064e-16,1.0,0.0006939144774902469,1.0517348051071167,53.50722156651015,0.0034308317144111627,1.051005244255066,57.97188389890713,-0.0031261282522741423,1.0474056005477905,49.29396346295392,-0.0021088709645177175,1.0532968044281006,48.499339408021946,0.0009139811661724639,1.0510826110839844,44.516880980881986,0.005789229842806905,1.059490442276001,34.567852278227164,2.4478531629782326e-05,0.0033228345828018465,1.1256834958312139,0.5492119633356273,-0.004167117568172117,0.006773005972460674,0.4666666666666667,-0.0013671783167617604,0.005137681264540435,-0.9835306859108008,3.1966062490018126,-0.01858962293453205,0.006773005972460674,0.43333333333333335,,,,,,,
1.0350252389907837,1.0422203540802002,1.0352503061294556,1.0350252389907837,0,-0.013892921674058333,0.0014189884036627928,3,0.0,0.0,0.007195115089416504,-0.000225067138671875,0.006970047950744629,0.0,1.0322906007294785,-0.03229061507658193,-0.014479875564575195,-0.013796860408184062,0,1.0469352006912231,-0.011376025747762086,1.0509284138679504,-0.015132500716315889,1.0508714020252228,-0.015079069715278837,1.066740906238556,-0.02973136884441041,,,,,1.0455089803964777,-0.010027404547702345,1.0494886183676673,-0.013781359056567188,1.0553133071768546,-0.01922468725275772,1.0658713678655625,-0.028939823229941042,-0.005824688809187295,-0.0057834856684722945,-4.120314071500049e-05,1,35.40356832751217,7.286353820317394,33.099353288331216,-25.81299946801382,0,0,0,0,0,27.273675700921046,0,1,-0.821637614773638,19.81483838192872,-20.63647599670236,-274.82942510880133,-100.82163724971029,0.0,-1.4904379900349318,-1.5587476548773016,-2.4261030445917653,0.007977013935951616,0.007707071899965465,1.0613889772804033,1.0403538267700423,1.0508714020252228,0.020016864544815553,-0.2533182613217883,1,0.10483265257993603,0.08464968867943286,0.07434986897162464,,1.068624636537175,1.0367165807933685,-0.05300673318562861,0.0,0.0,0.0,0.0,0.0,0.0,10350252388.907837,3,19,12,4,51,0,0,0,-0.587785252292473,-0.8090169943749475,-2.4492935982947064e-16,1.0,-0.0021222625439105583,1.0495051145553589,39.59375369492242,0.0006939144774902469,1.0517348051071167,53.50722156651015,0.0034308317144111627,1.051005244255066,57.97188389890713,-0.0024826807922637144,1.0506850481033325,54.81238160230451,0.0003153593821823031,1.051414132118225,48.249163289170205,0.0011979117760981743,1.0607603788375854,32.17119427916303,-0.001352962526160692,0.004426596894188268,-1.2623903384279709,4.743177825969142,-0.013892921674058333,0.006773005972460674,0.4,-0.0012106216080793033,0.004642471259465655,-0.2808622130115291,0.7118877699492371,-0.013892921674058333,0.006773005972460674,0.43333333333333335,,,,,,,
1.0364949703216553,1.0433076620101929,1.0344257354736328,1.0364949703216553,0,0.0014189884036627928,0.006551310157174737,4,0.0,0.0,0.006812691688537598,0.002069234848022461,0.008881926536560059,0.0,0.7670285927036357,0.23297139603754585,0.001469731330871582,0.0014199956439348912,0,1.044753074645996,-0.007904360009994282,1.0487219572067261,-0.011658940579895472,1.0503494441509247,-0.01319034727452062,1.065603084564209,-0.02731609429577264,,,,,1.042504310371537,-0.005764331225799557,1.0474895955913577,-0.010496166658768402,1.0539193562986917,-0.016532940562527187,1.0647193522756053,-0.02650875274406883,-0.006429760707334031,-0.0059127406762446415,-0.0005170200310893897,0,38.126433768978586,8.011071557415413,28.25868410592321,-20.247612548507796,0,0,0,0,0,30.62532284374251,0,0,7.333271344764328,10.055382393582638,-2.7221110488183102,-235.46003790756805,-92.66672830084035,0.0,-1.0416814861815782,-2.0843954300533096,-1.7185116895034103,0.008097668949366076,0.00781255016227611,1.0625854820265197,1.0381134062753297,1.0503494441509247,0.023298984814185082,-0.0661339873051958,1,0.10936506884099283,0.07339067983572117,0.07287016559557832,,1.0673254095788975,1.0349347337814334,0.04816931098199192,0.0,0.0,0.0,0.0,0.0,0.0,10364949702.216553,4,20,12,4,51,0,0,0,-0.9510565162951536,0.30901699437494723,-2.4492935982947064e-16,1.0,-0.013892921674058333,1.0350252389907837,27.273675700921046,-0.0021222625439105583,1.0495051145553589,39.59375369492242,0.0006939144774902469,1.0517348051071167,53.50722156651015,-0.0031261282522741423,1.0474056005477905,49.29396346295392,0.006773005972460674,1.058559536933899,54.95611758996114,-0.005806694288349814,1.0546187162399292,27.03064462651004,-0.0012618844816456429,0.0044714148172432635,-1.278253986223341,4.55717700146206,-0.013892921674058333,0.006773005972460674,0.4,-0.0013556381927545798,0.004482093474595784,-0.34015084262282136,1.0205374129058786,-0.013892921674058333,0.006773005972460674,0.43333333333333335,,,,,,,
1.0433076620101929,1.0448229312896729,1.038594126701355,1.0433076620101929,0,0.006551310157174737,-0.002615307224549931,1,0.0,0.0,0.0015152692794799805,0.004713535308837891,0.006228804588317871,0.0,0.24326806751893656,0.7567319164266189,0.006812691688537598,0.006572816929122324,0,1.0432135581970214,9.020560787664778e-05,1.0473980903625488,-0.0039053235723864876,1.0501154601573943,-0.006482904504170217,1.06461847782135,-0.0200173267260646,,,,,1.042772094251089,0.0005135999150776005,1.0468462211942553,-0.0033802092533586903,1.053133304869914,-0.009329913804218659,1.06387967814755,-0.019336788415061923,-0.006287083675658778,-0.0059876092761274695,-0.0002994743995313083,0,38.958415789941135,9.402264582463063,24.398343326086607,-14.996078743623544,0,0,0,0,0,43.03373456544535,0,0,31.47713147161861,12.662921733869771,18.81420973774884,-136.61902704524186,-68.52286817398607,0.0,-0.7324018873311133,-1.2530135272070142,-0.34638910902813347,0.008128374551852943,0.007790966027616917,1.0627152526129964,1.0375156677017923,1.0501154601573943,0.02399696591937369,0.22984482902497794,1,0.12092911732255135,0.08534434842213567,0.07314380492789942,,1.066641829386731,1.0341283311793195,0.28232369042801375,0.0,0.0,0.0,0.0,0.0,0.0,10433076619.101929,0,23,12,4,52,0,0,0,0.0,1.0,-2.4492935982947064e-16,1.0,0.0014189884036627928,1.0364949703216553,30.62532284374251,-0.013892921674058333,1.0350252389907837,27.273675700921046,-0.0021222625439105583,1.0495051145553589,39.59375369492242,0.0034308317144111627,1.051005244255066,57.97188389890713,-0.001903646640996115,1.0565463304519653,46.946349267800905,-0.0073132804671590685,1.0469341278076172,24.840447070129855,-0.0007118478061378732,0.004900629201732014,-1.0271517037172844,3.209807051089316,-0.013892921674058333,0.006773005972460674,0.4666666666666667,-0.0008884638751688553,0.0045533120704201,-0.3727611116454335,1.1003827064651122,-0.013892921674058333,0.006773005972460674,0.4666666666666667,,,,,,,0.38095238095238093
1.0405826568603516,1.0411244630813599,1.0387451648712158,1.0405826568603516,0,-0.002615307224549931,-0.000312110508902009,2,0.0,0.0,0.0005418062210083008,0.0018374919891357422,0.002379298210144043,0.0,0.22771680990917856,0.7722831480616233,-0.0027250051498413086,-0.0026118902877888543,0,1.0409831285476685,-0.00038470535813317497,1.045904314517975,-0.00508809236489971,1.0499230921268463,-0.008896304344239159,1.0636117911338807,-0.02165182312130387,,,,,1.04204228178751,-0.0014007349342047837,1.0458825959121163,-0.005067432206992573,1.052203627239576,-0.011044412105485013,1.0629660694696206,-0.02105750442093768,-0.0063210313274597585,-0.0060542936863939275,-0.000266737641065831,0,39.67946687477384,8.654876101109277,22.458912606380643,-13.804036505271366,0,0,0,0,0,39.64032729049414,0,0,21.819840904158777,20.210081240180575,1.6097596639782026,-148.37592340287688,-78.18015874144591,0.0,-1.060357439214854,-1.4152031764736561,-0.7065624482789801,0.007652924230136157,0.007354460675417301,1.0629969320421326,1.03684925221156,1.0499230921268463,0.02490437635304737,0.14278148802128957,1,0.11947145371954351,0.08558684080651291,0.07348820703644761,0.07117842136361456,1.064757364607805,1.0341456676872602,0.210278743082136,0.0,0.0,0.0,0.0,0.0,0.0,10405826567.603516,1,24,12,4,52,0,0,0,0.9510565162951535,0.30901699437494745,-2.4492935982947064e-16,1.0,0.006551310157174737,1.0433076620101929,43.03373456544535,0.0014189884036627928,1.0364949703216553,30.62532284374251,-0.013892921674058333,1.0350252389907837,27.273675700921046,0.0006939144774902469,1.0517348051071167,53.50722156651015,-0.0009714799294297815,1.0555204153060913,44.53742742905262,0.0010054927377039545,1.0479873418807983,25.825789377282774,-0.0006083937832297275,0.004838462415349049,-1.1162824220547451,3.6725861896975345,-0.013892921674058333,0.006773005972460674,0.4666666666666667,-0.0008181466636980453,0.004508088020653569,-0.4135405128508924,1.2876458985229566,-0.013892921674058333,0.006773005972460674,0.4666666666666667,-0.0010693681540507327,0.004483819086721216,-1.0048310837282477,3.3776163627174935,-0.01858962293453205,0.006773005972460674,0.38095238095238093
1.0402579307556152,1.0432968139648438,1.0401498079299927,1.0402579307556152,0,-0.000312110508902009,-0.0002911159457427181,2,0.0,0.0,0.0030388832092285156,0.0001081228256225586,0.0031470060348510742,0.0,0.9656426072942259,0.03435736092954115,-0.0003247261047363281,-0.00031206180745399536,0,1.0391336917877196,0.0010819001218729252,1.0446004271507263,-0.004157088568822465,1.0494799971580506,-0.008787272293449777,1.0626487159729003,-0.0210707310690893,,,,,1.0414474981102118,-0.0011422250825325886,1.045017262811116,-0.00455430960273584,1.0513187608333567,-0.010520910107151282,1.0620755542259341,-0.020542440207246715,-0.00630149802224067,-0.006103734553563276,-0.00019776346867739387,0,37.935188562746205,12.247133552504431,21.122611219169276,-8.875477666664844,0,0,0,0,0,38.991371763246775,0,0,20.669026804427354,24.655333060068255,-3.9863062556409012,-111.22585840239448,-79.33097284117733,0.0,-0.8810994507312486,-1.237910683642962,-0.3994606288508784,0.0070521351374314796,0.006779217853817348,1.0632505880912977,1.0357094062248036,1.0494799971580506,0.026242693465764248,0.16515357025509236,1,0.1201698845082991,0.08566027681203922,0.07264037744277785,0.0704073901307805,1.0626802068612606,1.0344716663115345,0.2051245584069903,0.0,0.0,0.0,0.0,0.0,0.0,10402579306.556152,2,25,12,4,52,0,0,0,0.5877852522924732,-0.8090169943749473,-2.4492935982947064e-16,1.0,-0.002615307224549931,1.0405826568603516,39.64032729049414,0.006551310157174737,1.0433076620101929,43.03373456544535,0.0014189884036627928,1.0364949703216553,30.62532284374251,-0.0021222625439105583,1.0495051145553589,39.59375369492242,-0.0021088709645177175,1.0532968044281006,48.499339408021946,-0.0034002086829326983,1.0444300174713135,18.995675986496323,-0.0006901332282346923,0.004821232784446232,-1.0721755854289674,3.678844833191622,-0.013892921674058333,0.006773005972460674,0.4,-0.000679228881770932,0.004455269781849343,-0.5081182787876157,1.5571374448510622,-0.013892921674058333,0.006773005972460674,0.4666666666666667,-0.0011400063069564555,0.004435248684455919,-1.0157337724812285,3.5638698323061386,-0.01858962293453205,0.006773005972460674,0.36507936507936506
1.0399551391601562,1.042535424232483,1.0391446352005005,1.0399551391601562,0,-0.0002911159457427181,0.0022696037204858978,3,0.0,0.0,0.00258028507232666,0.0008105039596557617,0.003390789031982422,0.0,0.76096889894716,0.23903107156118,-0.0003027915954589844,-0.0002910735755794117,0,1.0401196718215941,-0.00015818637593301155,1.0435274362564086,-0.003423290152030356,1.048665499687195,-0.008306138257438866,1.0617228555679321,-0.020502258561705067,,,,,1.04095004512686,-0.0009557673504755337,1.0442384745571223,-0.004101874812046602,1.0504770110797863,-0.010016280135262567,1.0612080869684528,-0.020027125845796245,-0.00623853652266404,-0.006130694947383429,-0.00010784157528061049,0,37.026961837071454,11.403588412205968,21.709553066619605,-10.305964654413637,0,0,0,0,0,28.775502068687132,0,1,22.249830820579984,21.57956617638871,0.6702646441912741,-103.06211443609122,-77.75016877702886,0.0,0.47630724195475427,-1.02122981216356,-0.873559979342442,0.0065639556567049385,0.006311768083933563,1.062676224263375,1.034654775111015,1.048665499687195,0.026721055625503483,0.18915381575758247,0,0.05466880221389975,0.08548039556558026,0.07062718400365284,0.07042145197456585,1.0608828195734987,1.0346269969466788,0.2029318322611473,0.0,0.0,0.0,0.0,0.0,0.0,10399551390.601562,3,26,12,4,52,0,0,0,-0.587785252292473,-0.8090169943749475,-2.4492935982947064e-16,1.0,-0.000312110508902009,1.0402579307556152,38.991371763246775,-0.002615307224549931,1.0405826568603516,39.64032729049414,0.006551310157174737,1.0433076620101929,43.03373456544535,-0.013892921674058333,1.0350252389907837,27.273675700921046,-0.0024826807922637144,1.0506850481033325,54.81238160230451,0.00448025683300722,1.0491198301315308,30.98429910649527,-0.0007305649167630271,0.004814736874920237,-1.0481558777692939,3.671323090615549,-0.013892921674058333,0.006773005972460674,0.3333333333333333,-0.0005233705950058654,0.004381274786599066,-0.6140413793570471,1.948327720298822,-0.013892921674058333,0.006773005972460674,0.4666666666666667,-0.001134164866865818,0.004436134497351898,-1.0191098001179835,3.5642438103137755,-0.01858962293453205,0.006773005972460674,0.36507936507936506
1.0423181056976318,1.0444954633712769,1.0406694412231445,1.0423181056976318,0,0.0022696037204858978,0.0005943154668251187,2,0.0,0.0,0.0021773576736450195,0.0016486644744873047,0.0038260221481323242,0.0,0.5690917439667003,0.4309082298964941,0.002362966537475586,0.002272181220390569,0,1.0412842988967896,0.0009928188697727602,1.0430186867713929,-0.0006716861189347556,1.0479663610458374,-0.005389729725703951,1.060910131931305,-0.017524600597484508,,,,,1.0414060653171173,0.000875777768923669,1.0439430331941237,-0.0015565289912079505,1.0498726477181453,-0.007195674767042748,1.060467303389205,-0.017114339812135282,-0.00592961452402152,-0.006090478862711048,0.00016086433868952796,1,34.109820248056714,14.458874010598352,19.621506316659865,-5.1626323060615125,0,0,0,0,0,33.896492866500594,0,0,35.35757566390872,26.09214442963869,9.265431234270029,-68.08888041812936,-64.64242388809436,0.0,0.5618102878173659,-0.48572347211987,-1.3185370545389152,0.006294138130627028,0.00603859617866894,1.061766753249486,1.0341659688421887,1.0479663610458374,0.026337471726782285,0.29535888203785593,0,0.055456035401610065,0.08605891671085873,0.06645537005755364,0.07064473043274463,1.0598253938011089,1.0346488412786006,0.3046193231465219,0.0,0.0,0.0,0.0,0.0,0.0,10423181055.976318,4,27,12,4,52,0,0,0,-0.9510565162951536,0.30901699437494723,-2.4492935982947064e-16,1.0,-0.0002911159457427181,1.0399551391601562,28.775502068687132,-0.000312110508902009,1.0402579307556152,38.991371763246775,-0.002615307224549931,1.0405826568603516,39.64032729049414,0.0014189884036627928,1.0364949703216553,30.62532284374251,-0.0031261282522741423,1.0474056005477905,49.29396346295392,0.006768694192798784,1.0562450885772705,31.963094150691347,-0.0010307917335613454,0.004439184851857759,-1.4754121852140354,5.078540691129611,-0.013892921674058333,0.006551310157174737,0.3333333333333333,-0.00034013550312425274,0.004379233542843552,-0.7311904411212139,2.0866226313370992,-0.013892921674058333,0.006773005972460674,0.5,-0.0010508714633197301,0.00445019971814854,-1.058837499708913,3.5675500781945844,-0.01858962293453205,0.006773005972460674,0.38095238095238093
1.0429377555847168,1.0458500385284424,1.0374196767807007,1.0429377555847168,0,0.0005943154668251187,-0.002229418304886993,1,0.0,0.0,0.002912282943725586,0.005518078804016113,0.0084303617477417,0.0,0.34545171326254753,0.6545482748755654,0.0006196498870849609,0.0005944921071967518,0,1.0412103176116942,0.0016590671871357099,1.042211937904358,0.0006964203286221604,1.0473878741264344,-0.004248778080426341,1.06003164768219,-0.016125831934581614,,,,,1.0419166287396506,0.0009800464996929659,1.043788375100369,-0.0008149349387885918,1.049358952004558,-0.006119161138296025,1.05977987014197,-0.015892087715732806,-0.005570576904189162,-0.005986498471006671,0.00041592156681750925,0,33.72011826936953,11.988506034679013,22.855246418464596,-10.866740383785583,0,0,0,0,0,35.626764007738615,0,0,43.322149262889724,33.64318524912615,9.678964013763576,-64.91291900573694,-56.67785022815765,0.0,-0.035455162359621095,-0.7675973754124543,-1.2650867959824397,0.006578967946242317,0.006308111783644314,1.0610024864716612,1.0337732617812077,1.0473878741264344,0.025997269359800557,0.3365682965283016,0,0.028063726829321033,0.0835857588174413,0.06655208778484005,0.0698248556726891,1.059985590388993,1.0336697186040236,0.3521843023558252,0.0,0.0,0.0,0.0,0.0,0.0,10429377554.847168,0,30,12,4,1,0,0,0,0.0,1.0,-2.4492935982947064e-16,1.0,0.0022696037204858978,1.0423181056976318,33.896492866500594,-0.0002911159457427181,1.0399551391601562,28.775502068687132,-0.000312110508902009,1.0402579307556152,38.991371763246775,0.006551310157174737,1.0433076620101929,43.03373456544535,0.0034308317144111627,1.051005244255066,57.97188389890713,5.281773593705406e-05,1.0563008785247803,36.56820487147613,-0.0008642609263732632,0.004450940351388536,-1.5886970095466681,5.2913203664511075,-0.013892921674058333,0.006551310157174737,0.4,-0.00033191172931610116,0.0043808009531448285,-0.7362242214210042,2.085247566542926,-0.013892921674058333,0.006773005972460674,0.5,-0.0009374824992177004,0.004398552462878881,-1.1430563023599365,3.9669910541556495,-0.01858962293453205,0.006773005972460674,0.3968253968253968
1.040615200996399,1.0424268245697021,1.0348539352416992,1.040615200996399,0,-0.002229418304886993,-0.005230906422146218,0,0.0,0.0,0.0018116235733032227,0.005761265754699707,0.00757288932800293,0.0,0.23922488114037757,0.7607751056546231,-0.002322554588317871,-0.0022269349974707274,0,1.041216826438904,-0.0005778100460639424,1.041099977493286,-0.00046563885056249976,1.0469125151634215,-0.006015129416461429,1.0592082953453064,-0.01755376589180757,,,,,1.0414828194919001,-0.00083306088125501,1.0433001944689888,-0.0025735580100213484,1.0487112667446945,-0.007720014177643564,1.0590283144892025,-0.017386800087536902,-0.005411072275705697,-0.005871413231946477,0.0004603409562407793,0,34.73017952016756,10.08253881382457,24.267646096584134,-14.185107282759564,0,0,0,0,0,35.54641213269544,0,0,32.81798110392128,37.16590201023991,-4.347920906318635,-86.62941204954294,-67.18201836585553,0.0,0.0031274916829415744,-1.0572631101226415,-1.3174200331228736,0.006779614932479018,0.006515006628133023,1.0607865437887047,1.0330384865381383,1.0469125151634215,0.026504657118923157,0.2730538704939618,0,0.02591070774789627,0.08343974568833694,0.06668700127142085,0.06986705847573886,1.0597952221233606,1.0326767623934445,0.2927319122377665,0.0,0.0,0.0,0.0,0.0,0.0,10406152008.96399,1,31,12,4,1,0,1,1,0.9510565162951535,0.30901699437494745,-2.4492935982947064e-16,1.0,0.0005943154668251187,1.0429377555847168,35.626764007738615,0.0022696037204858978,1.0423181056976318,33.896492866500594,-0.0002911159457427181,1.0399551391601562,28.775502068687132,-0.002615307224549931,1.0405826568603516,39.64032729049414,0.0006939144774902469,1.0517348051071167,53.50722156651015,-0.0016992399754418089,1.0545074939727783,38.80364839339912,-0.0009481234847370773,0.0044649335700203555,-1.5111368009720798,5.024597349177134,-0.013892921674058333,0.006551310157174737,0.4,-0.0005992000009058978,0.004236703171732355,-0.7256085819960063,2.4387041652206314,-0.013892921674058333,0.006773005972460674,0.4666666666666667,-0.0009507581895566934,0.00440121098958125,-1.13204320432391,3.935309249283463,-0.01858962293453205,0.006773005972460674,0.3968253968253968
1.0351860523223877,1.0375596284866333,1.0231853723526,1.0351860523223877,0,-0.005230906422146218,-0.008113997132924225,0,0.0,0.0,0.0023735761642456055,0.012000679969787598,0.014374256134033203,0.0,0.1651268855654464,0.834873107477672,-0.0054291486740112305,-0.005217249054493,0,1.0402024507522583,-0.00482252135222383,1.039668071269989,-0.004311009610687866,1.0461176872253417,-0.010449718167851119,1.0583174753189086,-0.021856790267367532,,,,,1.0393838971020628,-0.004038781908181743,1.0420518649079733,-0.006588743723934587,1.0477093990097088,-0.011953072863489456,1.0580933238159942,-0.021649575775440022,-0.0056575341017355285,-0.005828637405904287,0.00017110330416875846,0,39.012766277581065,7.22490361310555,36.363706467220155,-29.138802854114605,0,0,0,0,0,33.401336440924496,0,0,39.86891075863578,38.669680375148936,1.1992303834868423,-145.59807714864448,-60.13108890914212,0.0,-0.48755969873197635,-1.364363263635715,-1.4223416446580872,0.00819964342732166,0.007920936925429086,1.060784559210261,1.0314508152404225,1.0461176872253417,0.02804057738937329,0.12733584478927326,0,0.04569554719715197,0.08596589505255141,0.06749456699931786,0.07038896590907467,1.0615829038810445,1.0287843301717576,0.19518294264421424,0.0,0.0,0.0,0.0,0.0,0.0,10351860522.223877,3,2,1,1,1,0,0,0,-0.587785252292473,-0.8090169943749475,0.49999999999999994,0.8660254037844387,-0.002229418304886993,1.040615200996399,35.54641213269544,0.0005943154668251187,1.0429377555847168,35.626764007738615,0.0022696037204858978,1.0423181056976318,33.896492866500594,-0.000312110508902009,1.0402579307556152,38.991371763246775,-0.0021222625439105583,1.0495051145553589,39.59375369492242,-0.004167117568172117,1.0501223802566528,39.08345548430266,-0.0011562591819123107,0.004593815197292773,-1.295990281268813,3.8289447877983482,-0.013892921674058333,0.006551310157174737,0.4,-0.0008134939408473775,0.004304710315249652,-0.5803201353283931,1.9868480135536462,-0.013892921674058333,0.006773005972460674,0.43333333333333335,-0.0010152091366920774,0.004434088067581311,-1.0769899243613728,3.6747089777866235,-0.01858962293453205,0.006773005972460674,0.3968253968253968
1.0268205404281616,1.0305347442626953,1.0265464782714844,1.0268205404281616,0,-0.008113997132924225,0.003610662579582716,3,0.0,0.0,0.0037142038345336914,0.0002740621566772461,0.0039882659912109375,0.0,0.9312828556546904,0.06871711927175701,-0.008365511894226074,-0.00808116751056523,0,1.0375755310058594,-0.010365501455334991,1.038847601413727,-0.01157731034661913,1.0448880076408387,-0.01729129550614794,1.057292869091034,-0.028821086049873434,,,,,1.0351961115440957,-0.008090806294308917,1.0397085842187714,-0.012395823296057706,1.0461620761518164,-0.01848808732672813,1.0568669401537263,-0.028429690324452084,-0.006453491933045008,-0.005953608311332431,-0.0004998836217125768,1,42.724341467336124,6.217108088362684,31.29136466126833,-25.074256572905647,0,0,0,0,0,30.120098285705126,0,0,12.076831643046413,28.254574501867825,-16.17774285882141,-164.11327114729752,-87.92316802473148,0.0,-1.2629966656640401,-0.7927051682934949,-2.308293411000417,0.008258300843799216,0.008042594122193374,1.061658229960253,1.0281177853214243,1.0448880076408387,0.03209955936937859,-0.03867703315695393,0,0.06705128019271421,0.06465496139373479,0.07190575194798297,0.07124289923976809,1.059951354276072,1.0269181509008751,-0.0029549199727721457,0.0,0.0,0.0,0.0,0.0,0.0,10268205403.281616,4,3,1,1,1,0,0,0,-0.9510565162951536,0.30901699437494723,0.49999999999999994,0.8660254037844387,-0.005230906422146218,1.0351860523223877,33.401336440924496,-0.002229418304886993,1.040615200996399,35.54641213269544,0.0005943154668251187,1.0429377555847168,35.626764007738615,-0.0002911159457427181,1.0399551391601562,28.775502068687132,-0.013892921674058333,1.0350252389907837,27.273675700921046,0.0009139811661724639,1.0510826110839844,44.516880980881986,-0.0015316802712896781,0.004927912779895455,-1.0159735092704412,1.9383404747475066,-0.013892921674058333,0.006551310157174737,0.4,-0.0008904040356665246,0.004416166375844157,-0.5950054212162162,1.6670183135659495,-0.013892921674058333,0.006773005972460674,0.43333333333333335,-0.0010559640259435398,0.004487880811134737,-1.059367226589548,3.4044696412276987,-0.01858962293453205,0.006773005972460674,0.3968253968253968
1.0305347442626953,1.0435036420822144,1.029632806777954,1.0305347442626953,0,0.003610662579582716,0.007831709997193285,4,0.0,0.0,0.012968897819519043,0.0009019374847412109,0.013870835304260254,0.0,0.9349759723582192,0.06502402043240972,0.0037142038345336914,0.0036171888737473357,0,1.035218858718872,-0.004524757751728892,1.0382515788078308,-0.007432528687558615,1.0434867680072784,-0.012412254990138538,1.0562552618980408,-0.02435066471213765,,,,,1.0336423224502957,-0.003006434837084737,1.038297224225529,-0.007476163742878406,1.0450044960118814,-0.013846592912301614,1.0558343050207446,-0.023961677258777847,-0.006707271786352331,-0.0061043410063364115,-0.0006029307800159197,0,37.22540856265625,23.17467258973606,23.87206743871517,-0.697394848979112,0,0,0,0,0,30.274381231964867,0,0,24.41623754264624,25.453993314776152,-1.0377557721299127,-93.51216669954205,-75.58376212513166,0.0,-1.13049570668734,-0.5750366600534851,-1.9858386165559017,0.009381607618499686,0.009103630585790168,1.0601299439455323,1.0268435920690244,1.0434867680072784,0.03189916048181817,0.11089085990185862,0,0.07348171351209334,0.06762505256867175,0.07361577076197669,0.07181748921573207,1.0609693956039703,1.0234429651299715,0.18898091356542646,0.0,0.0,0.0,0.0,0.0,0.0,10305347441.626953,0,6,1,1,2,0,0,0,0.0,1.0,0.49999999999999994,0.8660254037844387,-0.008113997132924225,1.0268205404281616,30.120098285705126,-0.005230906422146218,1.0351860523223877,33.401336440924496,-0.002229418304886993,1.040615200996399,35.54641213269544,0.0022696037204858978,1.0423181056976318,33.896492866500594,0.0014189884036627928,1.0364949703216553,30.62532284374251,0.0003153593821823031,1.051414132118225,48.249163289170205,-0.0010825608824992208,0.0050769531314041215,-1.1479744452581266,1.8809370061127282,-0.013892921674058333,0.006551310157174737,0.4666666666666667,-0.0005262726007751318,0.004317573337752897,-0.7449652736309401,2.2183586148554304,-0.013892921674058333,0.006773005972460674,0.4666666666666667,-0.0010003932503553005,0.004524076577378338,-1.054205578742878,3.271476450858712,-0.01858962293453205,0.006773005972460674,0.3968253968253968
1.0386372804641724,1.043623447418213,1.035947322845459,1.0386372804641724,0,0.007831709997193285,-0.003939010992033952,1,0.0,0.0,0.004986166954040527,0.002689957618713379,0.007676124572753906,0.0,0.6495682608880397,0.3504317260845534,0.00810253620147705,0.007862458054713946,0,1.034358763694763,0.004136395242316793,1.0377845406532287,0.000821692439477717,1.0425913155078887,-0.0037925072696495254,1.055434865951538,-0.015915321852315478,,,,,1.0353073084549214,0.0032164091586477372,1.0383495405699357,0.0002771126513438915,1.044532850415755,-0.005644216980510985,1.0551599119008792,-0.01565888861847997,-0.006183309845819274,-0.006120134774232984,-6.317507158628936e-05,0,32.40339690689989,19.241241930737438,19.653652722875353,-0.41241079213791565,0,0,0,0,0,38.94930286687948,0,0,54.524498394221695,30.339189193304787,24.185309200916908,-37.94274276912344,-45.47550125291251,0.0,-0.41234245260719504,-0.44765141828075894,-1.8820156802357157,0.009875887023435406,0.00950850427597878,1.0581690077553323,1.0270136232604452,1.0425913155078887,0.02988264339869526,0.37308662226030476,0,0.10322324805798044,0.07159299074748421,0.07509270369547327,0.07393770176543037,1.0616180591850037,1.022114511091262,0.41826038744357596,0.0,0.0,0.0,0.0,0.0,0.0,10386372803.641724,1,7,1,1,2,0,0,0,0.9510565162951535,0.30901699437494745,0.49999999999999994,0.8660254037844387,0.003610662579582716,1.0305347442626953,30.274381231964867,-0.008113997132924225,1.0268205404281616,30.120098285705126,-0.005230906422146218,1.0351860523223877,33.401336440924496,0.0005943154668251187,1.0429377555847168,35.626764007738615,0.006551310157174737,1.0433076620101929,43.03373456544535,0.006773005972460674,1.058559536933899,54.95611758996114,-0.0007891689969804126,0.005468472455709845,-0.7938722851821005,1.3539943883890426,-0.013892921674058333,0.007831709997193285,0.4666666666666667,-0.0002987320254588208,0.004573379015385498,-0.5627610192390894,1.6587688463575447,-0.013892921674058333,0.007831709997193285,0.4666666666666667,-0.0008760803932569946,0.004657637413880716,-0.9353885096450053,2.8974223937730437,-0.01858962293453205,0.007831709997193285,0.4126984126984127
1.034554123878479,1.0358400344848633,1.0276752710342407,1.034554123878479,0,-0.003939010992033952,-0.0029853923848209975,1,0.0,0.0,0.0012859106063842773,0.006878852844238281,0.008164763450622559,0.0,0.15749514341860243,0.8425048443336455,-0.004083156585693359,-0.0039312632639909185,0,1.0331465482711792,0.0013624161156216008,1.0371816873550415,-0.0025333686550229606,1.041543000936508,-0.006710118690322009,1.0544923996925355,-0.018907937049123524,,,,,1.0350562469294406,-0.000485116777375838,1.0377656303097116,-0.0030946356644753203,1.0437936854870677,-0.008851904199240423,1.0543518417823539,-0.018777145557530073,-0.006028055177356162,-0.00610171885485762,7.366367750145843e-05,1,31.507253371043987,16.43474997023662,27.79362221804538,-11.358872247808758,0,0,0,0,0,37.76805865114906,0,0,50.16068353936709,43.03380649207835,7.126877047288744,-110.06075026728328,-49.839316019417495,0.0,-0.5824513337991166,-0.579342058233212,-2.0815184284515564,0.010020703344301572,0.009686011695324338,1.05625505767294,1.0268309442000763,1.041543000936508,0.028250502805531593,0.26247790470484844,0,0.10537821351848595,0.07300903897388644,0.0757618757719081,0.07407576099477872,1.061211295516293,1.0211284821390865,0.33494758912138706,0.0,0.0,0.0,0.0,0.0,0.0,10345541237.78479,2,8,1,1,2,0,0,0,0.5877852522924732,-0.8090169943749473,0.49999999999999994,0.8660254037844387,0.007831709997193285,1.0386372804641724,38.94930286687948,0.003610662579582716,1.0305347442626953,30.274381231964867,-0.008113997132924225,1.0268205404281616,30.120098285705126,-0.002229418304886993,1.040615200996399,35.54641213269544,-0.002615307224549931,1.0405826568603516,39.64032729049414,-0.001903646640996115,1.0565463304519653,46.946349267800905,-0.0010980306949486926,0.005509405650848886,-0.5990438116501333,1.0064549950301682,-0.013892921674058333,0.007831709997193285,0.4,-0.0003166921024288626,0.0045870164200610295,-0.5522171260329745,1.597536277487396,-0.013892921674058333,0.007831709997193285,0.4666666666666667,-0.0008916354376290606,0.004666334327858168,-0.923069208656424,2.841849291552786,-0.01858962293453205,0.007831709997193285,0.4126984126984127
1.0314701795578003,1.0323113203048706,1.0286160707473755,1.0314701795578003,0,-0.0029853923848209975,-0.0016592591806951788,1,0.0,0.0,0.0008411407470703125,0.0028541088104248047,0.003695249557495117,0.0,0.22762758271669603,0.7723723902215329,-0.003083944320678711,-0.0029809405319647284,0,1.0324033737182616,-0.0009039046986160093,1.03630291223526,-0.004663436452735037,1.040451669692993,-0.008632299313796832,1.0534805297851562,-0.020892982549715722,,,,,1.033860891138894,-0.002312411371155454,1.0367970994248021,-0.0051378615636977765,1.0428808331960109,-0.010941474206738855,1.0534545216951163,-0.0208688099794323,-0.006083733771208744,-0.006098121838127845,1.4388066919101064e-05,0,30.73059563996816,15.061641557354719,25.47149035956418,-10.40984880220946,0,0,0,0,0,46.42481946623958,0,0,36.55384599256495,47.07967597538459,-10.525829982819637,-122.97965850002213,-63.446153566219635,0.0,-0.3589569967882622,-0.8447665658681158,-2.278519240323429,0.009476349982541833,0.00918722631970388,1.0547242172845128,1.0261791221014733,1.040451669692993,0.02743529181775333,0.1853578488305389,0,0.10104083950981126,0.07396047714151024,0.07607233564353473,0.07419395613758156,1.059198806957546,1.0212934070273785,0.2684781725643972,0.0,0.0,0.0,0.0,0.0,0.0,10314701794.578003,3,9,1,1,2,0,0,0,-0.587785252292473,-0.8090169943749475,0.49999999999999994,0.8660254037844387,-0.003939010992033952,1.034554123878479,37.76805865114906,0.007831709997193285,1.0386372804641724,38.94930286687948,0.003610662579582716,1.0305347442626953,30.274381231964867,-0.005230906422146218,1.0351860523223877,33.401336440924496,-0.000312110508902009,1.0402579307556152,38.991371763246775,-0.0009714799294297815,1.0555204153060913,44.53742742905262,-0.001155572684342722,0.00552535148085814,-0.5605816849404945,0.9207929743365662,-0.013892921674058333,0.007831709997193285,0.4,-0.0005655470763564698,0.00451981937259619,-0.45182775298456773,1.7123143011919955,-0.013892921674058333,0.007831709997193285,0.43333333333333335,-0.0009253049110435154,0.004673779922001789,-0.8978416303280992,2.7765297377079126,-0.01858962293453205,0.007831709997193285,0.4126984126984127
1.0297601222991943,1.0311936140060425,1.0221186876296997,1.0297601222991943,0,-0.0016592591806951788,-0.00517668789558367,0,0.0,0.0,0.0014334917068481445,0.007641434669494629,0.009074926376342773,0.0,0.15796179843275673,0.8420381905478703,-0.001710057258605957,-0.001657883371066805,0,1.0329912900924683,-0.0031279720593500038,1.0352834105491637,-0.005335049603959252,1.0394054234027863,-0.00927963332256565,1.0523573756217957,-0.021472984314955035,,,,,1.0324939681923275,-0.002647808197518864,1.035714487559324,-0.005749041295720736,1.0419089286851355,-0.011660142408134178,1.052525329561943,-0.021629130170254918,-0.006194441125811467,-0.00611738569566457,-7.705543014689762e-05,1,32.103708468476015,13.07639486406843,31.272122103916413,-18.195727239847983,0,0,0,0,0,43.25961614550916,0,0,32.19974568620001,39.63809173937736,-7.438346053177348,-144.6384511098288,-67.80025389241646,0.0,0.28628000271664344,-0.9803323698361788,-2.2345726323252046,0.009459702241949666,0.00918631634317894,1.0535869250385326,1.02522392176704,1.0394054234027863,0.02728771914226645,0.1599337162126354,0,0.07934064002927481,0.07399073256327833,0.07601294429942787,0.07420775968385401,1.058166846267479,1.0203280372996801,0.24927013380928528,0.0,0.0,0.0,0.0,0.0,0.0,10297601221.991943,4,10,1,1,2,0,0,0,-0.9510565162951536,0.30901699437494723,0.49999999999999994,0.8660254037844387,-0.0029853923848209975,1.0314701795578003,46.42481946623958,-0.003939010992033952,1.034554123878479,37.76805865114906,0.007831709997193285,1.0386372804641724,38.94930286687948,-0.008113997132924225,1.0268205404281616,30.120098285705126,-0.0002911159457427181,1.0399551391601562,28.775502068687132,-0.0021088709645177175,1.0532968044281006,48.499339408021946,-0.00033999518478517837,0.004271577717494421,0.30228930006952176,0.02613919971528917,-0.008113997132924225,0.007831709997193285,0.4,-0.0008464788554729352,0.004305055884548359,-0.4961043022039146,2.2605941266387313,-0.013892921674058333,0.007831709997193285,0.4,-0.0009393261122173743,0.004674649463683876,-0.8881124224123863,2.760706433292907,-0.01858962293453205,0.007831709997193285,0.4126984126984127
1.0244431495666504,1.025020718574524,1.0183818340301514,1.0244431495666504,0,-0.00517668789558367,0.002030483986235354,3,0.0,0.0,0.0005775690078735352,0.0060613155364990234,0.006638884544372559,0.0,0.08699789781151127,0.9130020871257176,-0.005316972732543945,-0.005163311937304541,0,1.0317729711532593,-0.007104103219243707,1.0334959149360656,-0.008759362603866006,1.0382573008537292,-0.013305132912996953,1.0510739779472351,-0.025336778415979366,,,,,1.0298103619837686,-0.005211845515185942,1.0339804355604512,-0.009223855466577446,1.0406151672689514,-0.015540824609725501,1.0514240676013433,-0.02566130923146881,-0.006634731708500263,-0.006220854898231709,-0.00041387681026855416,0,34.2413709322973,11.034478612508412,31.51725769619039,-20.48277908368198,0,0,0,0,0,30.537290743000042,0,0,22.066660799796644,30.273417492853877,-8.206756693057233,-174.96705593954226,-77.93333883614606,0.0,-0.59111007464413,-1.7149233073158188,-2.497598931673506,0.009715513712228773,0.009483702160915578,1.0533973439066142,1.0231172578008443,1.0382573008537292,0.029164337277431184,0.04378758226763097,0,0.0825953328551889,0.0742609187607929,0.07720458309876502,0.07468388164718824,1.0572685366159487,1.0184064817670335,0.15533578467613654,0.0,0.0,0.0,0.0,0.0,0.0,10244431494.666504,0,13,1,1,3,0,0,0,0.0,1.0,0.49999999999999994,0.8660254037844387,-0.0016592591806951788,1.0297601222991943,43.25961614550916,-0.0029853923848209975,1.0314701795578003,46.42481946623958,-0.003939010992033952,1.034554123878479,37.76805865114906,0.003610662579582716,1.0305347442626953,30.274381231964867,0.0022696037204858978,1.0423181056976318,33.896492866500594,-0.0024826807922637144,1.0506850481033325,54.81238160230451,-0.0007797069380682759,0.004414656138339983,0.506240640199119,-0.10973776543010762,-0.008113997132924225,0.007831709997193285,0.3333333333333333,-0.0010207957098569594,0.004372729219178694,-0.38141908058971474,1.881172588348202,-0.013892921674058333,0.007831709997193285,0.36666666666666664,-0.0009979273440754912,0.004704642328177166,-0.8447845703579155,2.5771615127457883,-0.01858962293453205,0.007831709997193285,0.4126984126984127
1.0265253782272339,1.0303966999053955,1.0239711999893188,1.0265253782272339,0,0.002030483986235354,0.004042511093745486,3,0.0,0.0,0.003871321678161621,0.002554178237915039,0.00642549991607666,0.0,0.6024934508560483,0.3975065335809605,0.002082228660583496,0.0020325468145899993,0,1.0293505907058715,-0.002744655323339229,1.0318546772003174,-0.005164776775569591,1.0370333075523377,-0.01013268267042644,1.0498554253578185,-0.022222152369609338,,,,,1.0287153673982572,-0.0021288583219566393,1.0328335036630332,-0.006107591894352948,1.0395714791917872,-0.012549498831423311,1.0504476484102019,-0.022773405525630674,-0.006737975528753992,-0.006324279024336166,-0.00041369650441782594,0,32.801266985597714,17.742162459580307,28.606582308140208,-10.864419848559901,0,0,0,0,0,35.302020419973886,0,0,29.647165936681514,27.971190807559395,1.6759751291221185,-110.40792555991915,-70.3528336992612,0.0,-1.16613397812233,-1.573667965283454,-1.9935182998483403,0.009276845206075158,0.009037131864379393,1.0517871762533268,1.0222794388513485,1.0370333075523377,0.028453991963651275,0.1438924070542748,0,0.04389561612572086,0.07585234964950412,0.07765254780314096,0.0748790197235024,1.0553138537975217,1.018206472973221,0.22418465132269821,0.0,0.0,0.0,0.0,0.0,0.0,10265253781.272339,1,14,1,1,3,0,0,0,0.9510565162951535,0.30901699437494745,0.49999999999999994,0.8660254037844387,-0.00517668789558367,1.0244431495666504,30.537290743000042,-0.0016592591806951788,1.0297601222991943,43.25961614550916,-0.0029853923848209975,1.0314701795578003,46.42481946623958,0.007831709997193285,1.0386372804641724,38.94930286687948,0.0005943154668251187,1.0429377555847168,35.626764007738615,-0.0031261282522741423,1.0474056005477905,49.29396346295392,-0.001081095349464235,0.004014611529324537,0.45995758807145426,0.5183140975163929,-0.008113997132924225,0.007831709997193285,0.3333333333333333,-0.000896471577801054,0.004405671855184776,-0.45124749906530776,1.7891723466697225,-0.013892921674058333,0.007831709997193285,0.4,-0.0009292029693705174,0.004716934871540186,-0.8785844607565727,2.573814393074519,-0.01858962293453205,0.007831709997193285,0.42857142857142855
1.0306835174560547,1.0350252389907837,1.0270631313323975,1.0306835174560547,0,0.004042511093745486,-0.0011228832625102638,1,0.0,0.0,0.004341721534729004,0.0036203861236572266,0.00796210765838623,0.0,0.5452980123455387,0.45470197509497295,0.004158139228820801,0.00405069306284143,0,1.0285764694213868,0.0020485087857864404,1.030861508846283,-0.00017266285401440484,1.0359807431697845,-0.00511324737273644,1.0487209820747376,-0.01719948873462851,,,,,1.029371417417523,0.0012746613284599917,1.0325027365542674,-0.0017619509698422187,1.038913111655807,-0.007921349924869037,1.0496725844512156,-0.018090466850936737,-0.006410375101539634,-0.00634149823977686,-6.887686176277382e-05,0,29.21469001384319,22.277786298097983,25.07236359121819,-2.7945772931202058,0,0,0,0,0,40.73214076408169,0,0,44.78517473496863,32.1663338238156,12.618840911153029,-58.34392997569032,-55.21482490097408,0.0,-0.3741328107526809,-0.9544050030053874,-1.9335514175683244,0.009173247280405111,0.008900159092634578,1.0492471789830766,1.0227143073564924,1.0359807431697845,0.025611356001503105,0.3003523396066347,1,0.05945980718756063,0.08074002134384041,0.07811576338213275,0.07550109072811685,1.0545279297624373,1.0178349406408167,0.3501643525861131,0.0,0.0,0.0,0.0,0.0,0.0,10306835173.560547,2,15,1,1,3,0,0,0,0.5877852522924732,-0.8090169943749473,0.49999999999999994,0.8660254037844387,0.002030483986235354,1.0265253782272339,35.302020419973886,-0.00517668789558367,1.0244431495666504,30.537290743000042,-0.0016592591806951788,1.0297601222991943,43.25961614550916,-0.003939010992033952,1.034554123878479,37.76805865114906,-0.002229418304886993,1.040615200996399,35.54641213269544,0.0034308317144111627,1.051005244255066,57.97188389890713,-0.000637240794911207,0.004196783752918768,0.18906008205099462,-0.14699218597107305,-0.008113997132924225,0.007831709997193285,0.4,-0.0006228172890704671,0.004450254603002248,-0.5705614217328868,1.7719917269048775,-0.013892921674058333,0.007831709997193285,0.43333333333333335,-0.0008334525685643077,0.004756121661445756,-0.9002191146787449,2.4832855663799744,-0.01858962293453205,0.007831709997193285,0.4444444444444444
1.0295268297195435,1.0311510562896729,1.0263779163360596,1.0295268297195435,0,-0.0011228832625102638,0.0006487944949136819,2,0.0,0.0,0.0016242265701293945,0.0031489133834838867,0.004773139953613281,0.0,0.3402847081555569,0.6597152708938742,-0.0011566877365112305,-0.0011222530648922723,0,1.0281877994537354,0.001302320613402852,1.0302955865859986,-0.0007461518581555193,1.0349818289279937,-0.005270623266471652,1.0474426007270814,-0.01710429869225416,,,,,1.0294232215181967,0.00010064674972443122,1.0320449047335405,-0.0024398890999837164,1.03821783151238,-0.008371077463906751,1.0488825548538951,-0.01845366303685214,-0.006172926778839516,-0.0063077839475893915,0.00013485716874987556,1,26.403608999517846,20.626602513437156,24.278062340350132,-3.6514598269129763,0,0,0,0,0,40.06974308953653,0,0,40.574168761235654,38.335503144295274,2.2386656169403807,-72.87185276609345,-59.42583087470705,0.0,-0.18840581887592522,-0.54668651979497,-2.1115565710798534,0.008586566303499535,0.008340303579076804,1.0469006755725063,1.0230629822834811,1.0349818289279937,0.023031992079911613,0.2711607759431229,1,0.056441405672282084,0.07721056204288984,0.07789316085737032,0.07537097620748184,1.0527207958579514,1.0183745306439533,0.32470194280613435,0.0,0.0,0.0,0.0,0.0,0.0,10295268296.195435,3,16,1,1,3,0,0,0,-0.587785252292473,-0.8090169943749475,0.49999999999999994,0.8660254037844387,0.004042511093745486,1.0306835174560547,40.73214076408169,0.002030483986235354,1.0265253782272339,35.302020419973886,-0.00517668789558367,1.0244431495666504,30.537290743000042,-0.0029853923848209975,1.0314701795578003,46.42481946623958,-0.005230906422146218,1.0351860523223877,33.401336440924496,0.0006939144774902469,1.0517348051071167,53.50722156651015,-0.0006912923118184239,0.004197518225680987,0.23337184460133759,-0.13501432319835205,-0.008113997132924225,0.007831709997193285,0.4,-0.000690712770026558,0.004441529083976503,-0.5263746928988869,1.7729796464722982,-0.013892921674058333,0.007831709997193285,0.4,-0.0008030706340485339,0.004747925217075313,-0.9230546957483929,2.546398408431178,-0.01858962293453205,0.007831709997193285,0.4444444444444444
1.0301949977874756,1.0329724550247192,1.0266518592834473,1.0301949977874756,0,0.0006487944949136819,-0.002387160083696559,1,0.0,0.0,0.0027774572372436523,0.0035431385040283203,0.006320595741271973,0.0,0.43942965299371367,0.5605703311849932,0.0006681680679321289,0.0006490050075229668,0,1.0282747745513916,0.001867422194359536,1.03063303232193,-0.0004250151321320006,1.0347403168678284,-0.004392714873304948,1.0465803623199463,-0.015656097917396306,,,,,1.0296804802746231,0.0004996864781443566,1.031760303664915,-0.0015171217304325024,1.0376235475327573,-0.007159195511926564,1.0481497094787415,-0.01712991152617127,-0.005863243867842316,-0.006218875931639977,0.0003556320637976614,0,22.990542245663384,21.459770463874285,21.808341988781333,-0.34857152490704735,0,0,0,0,0,38.070849390953654,0,0,43.006683291048425,42.78867559575091,0.21800769529751562,-55.935512067186835,-56.99331634489428,0.0,0.042230756354233456,0.3286316572813197,-1.839925932715858,0.008284436895202526,0.008041620190537368,1.0468496878087101,1.0226309459269467,1.0347403168678284,0.02340562311588795,0.3123222447402335,1,0.0555091649069148,0.06468248756395867,0.07798882926102084,0.07489942371102085,1.0516067593781693,1.0184690117973592,0.3538558535439293,0.0,0.0,0.0,0.0,0.0,0.0,10301949976.874756,4,17,1,1,3,0,0,0,-0.9510565162951536,0.30901699437494723,0.49999999999999994,0.8660254037844387,-0.0011228832625102638,1.0295268297195435,40.06974308953653,0.004042511093745486,1.0306835174560547,40.73214076408169,0.002030483986235354,1.0265253782272339,35.302020419973886,-0.0016592591806951788,1.0297601222991943,43.25961614550916,-0.008113997132924225,1.0268205404281616,30.120098285705126,-0.0021222625439105583,1.0495051145553589,39.59375369492242,-0.0006286316157746639,0.004210912911303188,0.18222386657520823,-0.19642281772698164,-0.008113997132924225,0.007831709997193285,0.4666666666666667,-0.0006795982662688455,0.004444549665260423,-0.5327573528304141,1.7654127236937411,-0.013892921674058333,0.007831709997193285,0.4,-0.0008499446537953498,0.004718220201938468,-0.9228862446469352,2.6381224209324134,-0.01858962293453205,0.007831709997193285,0.4444444444444444
1.0277386903762817,1.0427310466766357,1.0279394388198853,1.0277386903762817,0,-0.002387160083696559,0.013846491055078888,4,0.0,0.0,0.014992356300354004,-0.00020074844360351562,0.014791607856750488,0.0,1.0135717728721914,-0.013571779632781538,-0.0024563074111938477,-0.0023843130826986807,0,1.0289338827133179,-0.001161583321338644,1.0303534269332886,-0.00253770850700763,1.0343025028705597,-0.006346124635129846,1.0455447912216187,-0.017030452538364438,,,,,1.0290332169751761,-0.0012580028296597101,1.0311415939282023,-0.003300132272452405,1.036891335891537,-0.008827005586369396,1.0473492773570765,-0.01872401834124382,-0.005749741963334776,-0.006125049137978937,0.0003753071746441612,0,23.785381857524364,31.052287248815876,17.108774135074825,13.943513113741052,0,0,0,0,0,35.56583408009614,0,0,37.0691689362721,40.21667366285206,-3.1475047265799603,-18.244761619112506,-62.930830667556705,0.0,0.32169094117378005,-0.27132068103283835,-0.7039971915667298,0.009152059690075588,0.008905045392262383,1.0467725549924565,1.021832450748663,1.0343025028705597,0.024112969051282913,0.236816957387294,1,0.04030220918198958,0.06314920985693351,0.062442496325351995,0.07456161196286294,1.0526468435192027,1.0160386047589003,0.31960252614252105,0.0,0.0,0.0,0.0,0.0,0.0,10277386902.762817,0,20,1,1,4,0,0,0,0.0,1.0,0.49999999999999994,0.8660254037844387,0.0006487944949136819,1.0301949977874756,38.070849390953654,-0.0011228832625102638,1.0295268297195435,40.06974308953653,0.004042511093745486,1.0306835174560547,40.73214076408169,-0.00517668789558367,1.0244431495666504,30.537290743000042,0.003610662579582716,1.0305347442626953,30.274381231964867,-0.013892921674058333,1.0350252389907837,27.273675700921046,-0.0009390825360534944,0.004153242995812611,0.4149209443512085,0.09744897748889186,-0.008113997132924225,0.007831709997193285,0.4,-0.00098493713480742,0.004224085833620567,-0.593184926263246,2.271623323669828,-0.013892921674058333,0.007831709997193285,0.36666666666666664,-0.0008134840462549266,0.004696940062043664,-0.9510611259400867,2.767162744104486,-0.01858962293453205,0.007831709997193285,0.4444444444444444
1.0420682430267334,1.0434056520462036,1.034457802772522,1.0420682430267334,0,0.013846491055078888,-0.0014162053621806219,1,0.0,0.0,0.0013374090194702148,0.007610440254211426,0.00894784927368164,0.0,0.14946709132184807,0.8505328975022821,0.01432955265045166,0.01394279770065965,0,1.0320424556732177,0.00971451048106764,1.0306965231895446,0.01103304365565827,1.0342405319213868,0.007568559501383687,1.0449563598632812,-0.002763863685799506,,,,,1.0333782256590287,0.00840932879277756,1.0328226168664378,0.008951804412892672,1.037274810494144,0.004621178865650499,1.0471421779715728,-0.004845507277897676,-0.0044521936277062135,-0.005790478035924393,0.0013382844082181792,0,24.692167148643755,25.476710021397853,13.54226145356201,11.934448567835844,0,0,0,0,0,51.1236596542291,0,0,93.83872789187959,57.971526706400034,35.86720118547955,74.1664010253198,-6.161271711949214,0.0,1.514123774157583,0.330333084233958,0.5377037867678736,0.010020713287388426,0.009616177590558947,1.0465332124196658,1.0219478514231077,1.0342405319213868,0.023771415096744308,0.8183891025477966,1,0.10357458604745741,0.08734384757915228,0.07938593441990367,0.08007584127714665,1.055119914417417,1.0150370612678634,0.6743826740720114,0.0,0.0,0.0,0.0,0.0,0.0,10420682429.267334,1,21,1,1,4,0,0,0,0.9510565162951535,0.30901699437494745,0.49999999999999994,0.8660254037844387,-0.002387160083696559,1.0277386903762817,35.56583408009614,0.0006487944949136819,1.0301949977874756,38.070849390953654,-0.0011228832625102638,1.0295268297195435,40.06974308953653,0.002030483986235354,1.0265253782272339,35.302020419973886,0.007831709997193285,1.0386372804641724,38.94930286687948,0.0014189884036627928,1.0364949703216553,30.62532284374251,-5.5604163503243075e-05,0.005644503330129674,1.0984464538699725,1.393275181513793,-0.008113997132924225,0.013846491055078888,0.4,-0.0004599325449382531,0.005011374899708789,0.26471063650566157,2.539784267155822,-0.013892921674058333,0.013846491055078888,0.4,-0.0005635055166862486,0.005044303858181209,-0.5124093860707848,2.6574834051180702,-0.01858962293453205,0.013846491055078888,0.4603174603174603
1.0405935049057007,1.0458062887191772,1.0400739908218384,1.0405935049057007,0,-0.0014162053621806219,0.00040591449116566636,2,0.0,0.0,0.0052127838134765625,0.0005195140838623047,0.005732297897338867,0.0,0.9093706949458173,0.09062928760917198,-0.0014747381210327148,-0.0014152030164624844,0,1.034024453163147,0.006352897769315913,1.031300461292267,0.009010995205886108,1.034241074323654,0.006142117770353117,1.044439446926117,-0.00368230262785163,,,,,1.0357833187412528,0.004644008043911185,1.0340181381032474,0.006359043869268,1.037520639709815,0.0029617387625648917,1.0468853672631073,-0.006010077754028176,-0.0035025016065675096,-0.005332882750053017,0.0018303811434855072,0,26.27682122147243,26.803472261680117,12.446852456504873,14.356619805175244,0,0,0,0,0,54.454081268498825,0,0,80.99220584847323,70.63336755887497,10.358838289598268,98.59104936418146,-19.0077937868887,0.0,0.9614966458477925,0.583766560668697,-0.26014925446465886,0.00944892456871515,0.00908032245373604,1.0465349339961183,1.0219472146511899,1.034241074323654,0.023773682899444204,0.7583578581281103,1,0.10731390208192174,0.08477175603913727,0.07615637396532839,0.08006940578093846,1.054501576700362,1.0167058784255014,0.6320197140764529,0.0,0.0,0.0,0.0,0.0,0.0,10405935048.057007,2,22,1,1,4,0,0,0,0.5877852522924732,-0.8090169943749473,0.49999999999999994,0.8660254037844387,0.013846491055078888,1.0420682430267334,51.1236596542291,-0.002387160083696559,1.0277386903762817,35.56583408009614,0.0006487944949136819,1.0301949977874756,38.070849390953654,0.004042511093745486,1.0306835174560547,40.73214076408169,-0.003939010992033952,1.034554123878479,37.76805865114906,0.006551310157174737,1.0433076620101929,43.03373456544535,-1.3899673228183502e-06,0.0056260080355713,1.0795462314522728,1.403084203608717,-0.008113997132924225,0.013846491055078888,0.4,-0.0004747567260299478,0.005013597570819101,0.27364562135127063,2.5330722223669024,-0.013892921674058333,0.013846491055078888,0.4,-0.000561324056796456,0.005043898460025729,-0.5138274496550833,2.6602860394688195,-0.01858962293453205,0.013846491055078888,0.4603174603174603
1.0410159826278687,1.042546272277832,1.0385618209838867,1.0410159826278687,0,0.00040591449116566636,0.0005623270136917337,2,0.0,0.0,0.001530289649963379,0.0024541616439819336,0.0039844512939453125,0.0,0.3840653326299261,0.615934642272516,0.00042247772216796875,0.0004059968855616241,0,1.036322283744812,0.00452918831933502,1.0322550415992737,0.008487186378061118,1.034278976917267,0.006513721887715818,1.0440263152122498,-0.002883387746295263,,,,,1.0375275400367916,0.0033622649579181374,1.0350947295685737,0.005720493776633306,1.0377795540000412,0.0031186088751131713,1.0466551953166274,-0.005387841968829132,-0.0026848244314674474,-0.004803271086335902,0.002118446654868455,0,26.57531799076518,25.170550050904378,14.000664078729153,11.169885972175225,1,0,0,0,0,63.45305496638786,0,0,82.53272041993165,85.78788472009482,-3.255164300163173,81.26954821946138,-17.46727921543029,0.0,1.1159644000200641,0.9254560392779165,0.04164260903833927,0.008720328132079173,0.008376747597312105,1.0466553403904384,1.0219026134440954,1.034278976917267,0.02393235045512268,0.7721722599691129,1,0.10511477719600701,0.08245342243789178,0.07562839887704265,0.07954873657094719,1.0535598366904173,1.0186785241621008,0.6403846868891738,0.0,0.0,0.0,0.0,0.0,0.0,10410159825.278687,3,23,1,1,4,0,0,0,-0.587785252292473,-0.8090169943749475,0.49999999999999994,0.8660254037844387,-0.0014162053621806219,1.0405935049057007,54.454081268498825,0.013846491055078888,1.0420682430267334,51.1236596542291,-0.002387160083696559,1.0277386903762817,35.56583408009614,-0.0011228832625102638,1.0295268297195435,40.06974308953653,-0.0029853923848209975,1.0314701795578003,46.42481946623958,-0.002615307224549931,1.0405826568603516,39.64032729049414,0.00037439809356464064,0.00543682768847549,1.0299178209207631,1.6435828845099785,-0.008113997132924225,0.013846491055078888,0.4666666666666667,-0.000390930544173835,0.005006351500488994,0.22249640277163807,2.5475127241175106,-0.013892921674058333,0.013846491055078888,0.43333333333333335,-0.0006190096699725728,0.005011099382764649,-0.5010920003892997,2.7758323005277403,-0.01858962293453205,0.013846491055078888,0.4603174603174603
1.041601538658142,1.051934003829956,1.0413196086883545,1.041601538658142,0,0.0005623270136917337,0.004938921534779492,3,0.0,0.0,0.010332465171813965,0.00028192996978759766,0.010614395141601562,0.0,0.9734388946925008,0.02656109588633129,0.0005855560302734375,0.0005624851491127465,0,1.0386035919189454,0.00288651672518192,1.0334391832351684,0.007898244477852812,1.034361296892166,0.006999722134838127,1.0437300968170167,-0.0020393761425122614,,,,,1.0388855395772418,0.002614338998061294,1.036095777120815,0.005313950272141321,1.0380626639747152,0.003409114599628893,1.0464570127025692,-0.0046399174404913035,-0.0019668868539002293,-0.0042359942398487675,0.002269107385948538,0,29.666386691111654,34.99242923789167,11.739433330320256,23.252995907571414,1,0,0,0,0,61.1491800559192,0,0,69.20477780522293,77.57656802454261,-8.371790219319678,125.99744979973286,-30.795221896733754,0.0,1.1072215352592618,1.149919879642347,0.12916103427838,0.009013353874746938,0.00865336075203305,1.0469172250954721,1.02180536868886,1.034361296892166,0.024277645035284384,0.7883196514789585,1,0.10519794018659734,0.08125212735676983,0.07564070280200885,0.07948504710021317,1.0546680175311702,1.0186146020321827,0.6375799974581305,0.0,0.0,0.0,0.0,0.0,0.0,10416015385.58142,4,24,1,1,4,0,0,0,-0.9510565162951536,0.30901699437494723,0.49999999999999994,0.8660254037844387,0.00040591449116566636,1.0410159826278687,63.45305496638786,-0.0014162053621806219,1.0405935049057007,54.454081268498825,0.013846491055078888,1.0420682430267334,51.1236596542291,0.0006487944949136819,1.0301949977874756,38.070849390953654,-0.0016592591806951788,1.0297601222991943,43.25961614550916,-0.000312110508902009,1.0402579307556152,38.991371763246775,0.0009528197033390379,0.004904744239557127,1.4197521627867784,2.395498112826825,-0.00517668789558367,0.013846491055078888,0.5333333333333333,-0.00028943028397532006,0.004993331127902897,0.16186785231634662,2.5897220615772514,-0.013892921674058333,0.013846491055078888,0.4666666666666667,-0.0005695873090937917,0.005007087323224279,-0.5317047114087168,2.8162599193053723,-0.01858962293453205,0.013846491055078888,0.47619047619047616
1.0467586517333984,1.0533745288848877,1.045434594154358,1.0467586517333984,0,0.004938921534779492,-0.002153932561904579,1,0.0,0.0,0.006615877151489258,0.0013240575790405273,0.007939934730529785,0.0,0.8332407371973127,0.16675925020812554,0.005157113075256348,0.0049511381112252945,0,1.0424075841903686,0.004174055819050615,1.0356707334518434,0.010706026367597543,1.0345833241939544,0.011768339150211027,1.043605101108551,0.003021785272221633,,,,,1.0415099102959609,0.005039550065771392,1.0377362193689048,0.008694340715130089,1.038706811216099,0.007751793219779923,1.0464688416841703,0.0002769408296323661,-0.0009705918471942798,-0.00358291376131787,0.00261232191412359,0,32.68015591329798,31.184671696162752,9.775126262950804,21.409545433211946,1,0,0,0,0,58.69803180775212,0,0,81.09354749599305,77.61034857371588,3.483198922277168,155.40726828030552,-18.90645221823301,0.0,1.850661217215932,2.1783055678773033,0.6542121209898166,0.00938130538834676,0.008962242988787719,1.0478675967327926,1.0212990516551161,1.0345833241939544,0.025680430424304422,0.9582609777096135,1,0.09764837777160655,0.0748356156048563,0.07748087672922223,0.08010253352081428,1.0563674769347247,1.0188422553813374,0.7439368809042364,0.0,0.0,0.0,0.0,0.0,0.0,10467586516.333984,0,27,1,1,5,0,0,0,0.0,1.0,0.49999999999999994,0.8660254037844387,0.0005623270136917337,1.041601538658142,61.1491800559192,0.00040591449116566636,1.0410159826278687,63.45305496638786,-0.0014162053621806219,1.0405935049057007,54.454081268498825,-0.002387160083696559,1.0277386903762817,35.56583408009614,-0.00517668789558367,1.0244431495666504,30.537290743000042,-0.0002911159457427181,1.0399551391601562,28.775502068687132,0.0010413703003521564,0.004967742270380166,1.3346676585356838,1.9954187568483848,-0.00517668789558367,0.013846491055078888,0.5333333333333333,-2.059529107353228e-05,0.005052100814678935,0.03256637649745866,2.334278367701044,-0.013892921674058333,0.013846491055078888,0.5,-0.0005208670989298563,0.005045985311483088,-0.5296295864479231,2.6798498108506275,-0.01858962293453205,0.013846491055078888,0.47619047619047616
1.0445064306259155,1.0455766916275024,1.0415256023406982,1.0445064306259155,0,-0.002153932561904579,-0.0015342817485930794,1,0.0,0.0,0.001070261001586914,0.002980828285217285,0.004051089286804199,0.0,0.2641909124674279,0.7358090628478541,-0.00225222110748291,-0.0021516145135635073,0,1.042895221710205,0.0015449383428125518,1.0374688386917115,0.0067834247844980045,1.0346617579460144,0.009514870442774548,1.0434277391433715,0.0010337959611139702,,,,,1.0425087504059458,0.0019162238388887864,1.0387777903315218,0.005514788867418741,1.0391364126538634,0.0051677698963708,1.0463918843877682,-0.0018018620841805388,-0.0003586223223415175,-0.0029380554735226,0.0025794331511810823,0,32.54460870828501,28.719981367081324,14.906338837585642,13.813642529495683,1,0,0,0,0,61.09407034026138,0,0,74.65728669814311,74.98520399978635,-0.3279173016432395,100.051532647182,-25.342713016082957,0.0,0.23397580873401047,1.7516422662374076,0.20994789559172222,0.008828204588927219,0.008452034692397015,1.0481703516282206,1.0211531642638083,1.0346617579460144,0.026112096203724525,0.864385546899311,1,0.04378217616946819,0.07791510391390107,0.07758680695591207,0.08014809038700318,1.0559185671899696,1.0206057488342608,0.6768273628918133,0.0,0.0,0.0,0.0,0.0,0.0,10445064305.259155,1,28,1,1,5,0,0,0,0.9510565162951535,0.30901699437494745,0.49999999999999994,0.8660254037844387,0.004938921534779492,1.0467586517333984,58.69803180775212,0.0005623270136917337,1.041601538658142,61.1491800559192,0.00040591449116566636,1.0410159826278687,63.45305496638786,0.013846491055078888,1.0420682430267334,51.1236596542291,0.002030483986235354,1.0265253782272339,35.302020419973886,0.0022696037204858978,1.0423181056976318,33.896492866500594,0.0003756607964122986,0.004651821423128013,1.8414169352129675,4.469525933537213,-0.00517668789558367,0.013846491055078888,0.4666666666666667,-0.000206754100284057,0.005023349216162991,0.1374891614502374,2.470432184538787,-0.013892921674058333,0.013846491055078888,0.4666666666666667,-0.0005607233226632931,0.005048855124303261,-0.5049189128492827,2.6493641876177425,-0.01858962293453205,0.013846491055078888,0.4603174603174603
1.0429050922393799,1.0444954633712769,1.0383461713790894,1.0429050922393799,0,-0.0015342817485930794,-0.0003649282085413558,2,0.0,0.0,0.0015903711318969727,0.004558920860290527,0.0061492919921875,0.0,0.2586267017495386,0.741373281988427,-0.0016013383865356445,-0.001533105339928582,0,1.043357539176941,-0.00043364524674316396,1.038690996170044,0.004057121881742454,1.0347762525081634,0.00785564957712137,1.0430960321426392,-0.0001830512218984337,,,,,1.042640864350424,0.0002534216698817371,1.0394127598558076,0.0033599089968077145,1.0394155741046422,0.0033571923697677253,1.0462551474407724,-0.0032019486922161278,-2.814248834637212e-06,-0.0023510072285850073,0.00234819297975037,0,30.44882524541129,25.93571100802713,18.464780902834768,7.4709301051923624,1,0,0,0,0,63.18249953406836,0,0,70.08107903935317,75.27730441116312,-5.196225371809945,74.98877859327372,-29.918920674872897,0.0,0.22214124177997174,1.1857737682165137,-0.003131859515292934,0.008472478543313747,0.008123920964187459,1.0485338294563857,1.021018675559941,1.0347762525081634,0.026590438103978948,0.7954313714641333,1,0.044109015824088514,0.07832192474982085,0.07776606825280984,0.07973098648766193,1.0556492993108633,1.0217593851376081,0.6239528058782755,0.0,0.0,0.0,0.0,0.0,0.0,10429050921.393799,2,29,1,1,5,0,0,0,0.5877852522924732,-0.8090169943749473,0.49999999999999994,0.8660254037844387,-0.002153932561904579,1.0445064306259155,61.09407034026138,0.004938921534779492,1.0467586517333984,58.69803180775212,0.0005623270136917337,1.041601538658142,61.1491800559192,-0.0014162053621806219,1.0405935049057007,54.454081268498825,0.004042511093745486,1.0306835174560547,40.73214076408169,0.0005943154668251187,1.0429377555847168,35.626764007738615,0.0005359760793083568,0.004532408448146961,1.9332711184894573,4.909659701019313,-0.00517668789558367,0.013846491055078888,0.4666666666666667,-0.00028102730782016784,0.005026044971352032,0.18387785921569652,2.4690123175887844,-0.013892921674058333,0.013846491055078888,0.43333333333333335,-0.0006415139554646236,0.005022580048385826,-0.4723325092082754,2.729574131664522,-0.01858962293453205,0.013846491055078888,0.4444444444444444
1.0425245761871338,1.0465506315231323,1.0391337871551514,1.0425245761871338,0,-0.0003649282085413558,-0.0026861791364861222,1,0.0,0.0,0.004026055335998535,0.003390789031982422,0.007416844367980957,0.0,0.5428259084276745,0.45717407808950267,-0.00038051605224609375,-0.0003648616303066886,0,1.043659257888794,-0.001087214809790349,1.039990770816803,0.00243637284213305,1.0351431787014007,0.007130798460440957,1.04273131608963,-0.00019826776014730818,,,,,1.0426021016293272,-7.435774593667066e-05,1.0398915008298577,0.002532067292521978,1.0396458705551972,0.002768928933582382,1.0461088505288652,-0.003426292053237745,0.00024563027466051324,-0.001831679727935903,0.0020773100025964163,0,29.492307786355408,26.146242467022127,16.273152025426906,9.87309044159522,1,0,0,0,0,65.18058953740797,0,0,68.99366335805655,71.24400969851762,-2.250346340461064,74.51551232660391,-31.006336356169516,0.0,0.14491550412674137,1.2624971095829718,0.18348522959366065,0.008331727319936042,0.007991876171983214,1.0493314820670563,1.0209548753357451,1.0351431787014007,0.027413219071943856,0.7601226242310387,0,0.04448855536595216,0.07778885007306295,0.07736018206972607,0.07948109006295845,1.055731628670098,1.0224047193903538,0.6037120504491988,0.0,0.0,0.0,0.0,0.0,0.0,10425245760.871338,3,30,1,1,5,0,0,0,-0.587785252292473,-0.8090169943749475,0.49999999999999994,0.8660254037844387,-0.0015342817485930794,1.0429050922393799,63.18249953406836,-0.002153932561904579,1.0445064306259155,61.09407034026138,0.004938921534779492,1.0467586517333984,58.69803180775212,0.00040591449116566636,1.0410159826278687,63.45305496638786,-0.0011228832625102638,1.0295268297195435,40.06974308953653,-0.002229418304886993,1.040615200996399,35.54641213269544,0.0007106736910603329,0.004436471994518834,1.965561730034016,5.2145272445588535,-0.00517668789558367,0.013846491055078888,0.4666666666666667,-0.00022244949664119442,0.0050140721455243925,0.14947425687128482,2.5148709794191473,-0.013892921674058333,0.013846491055078888,0.43333333333333335,-0.0006866538219326594,0.005006838053307503,-0.4528967688568751,2.7832386327039167,-0.01858962293453205,0.013846491055078888,0.42857142857142855
1.0397279262542725,1.0412328243255615,1.0362050533294678,1.0397279262542725,0,-0.0026861791364861222,-0.01448189426502745,0,0.0,0.0,0.0015048980712890625,0.0035228729248046875,0.00502777099609375,0.0,0.29931714123943914,0.7006828388710318,-0.002796649932861328,-0.002682574585264329,0,1.04328453540802,-0.0034090501034942378,1.0409440636634826,-0.0011683024588403645,1.0357885479927063,0.003803264835105624,1.042433500289917,-0.0025954405097615707,,,,,1.0416440431709757,-0.001839512287408862,1.0398663355105369,-0.00013310302634539362,1.0396519487551288,7.30796486529961e-05,1.0458586182043714,-0.0058618745811346296,0.00021438675540808028,-0.0014224664312671065,0.0016368531866751868,0,26.804798840140027,23.414043589236496,19.41548297658256,3.998560612653936,1,0,0,0,0,69.33719576300454,0,0,53.58823916614404,64.22099385451793,-10.632754688373886,31.821669203028584,-46.41176049375841,0.0,-0.17987803726589036,0.9253518496275426,0.4387495292943022,0.008063433391633372,0.0077553302044191435,1.0495507108102866,1.022026385175126,1.0357885479927063,0.026573305609377335,0.6431235137046021,0,0.048984391264924605,0.08027776196591063,0.07563904088117364,0.07957851023664365,1.05525787435864,1.0230041407921064,0.5185069621728345,0.0,0.0,0.0,0.0,0.0,0.0,10397279261.542725,4,31,1,1,5,0,1,0,-0.9510565162951536,0.30901699437494723,0.49999999999999994,0.8660254037844387,-0.0003649282085413558,1.0425245761871338,65.18058953740797,-0.0015342817485930794,1.0429050922393799,63.18249953406836,-0.002153932561904579,1.0445064306259155,61.09407034026138,0.0005623270136917337,1.041601538658142,61.1491800559192,0.0006487944949136819,1.0301949977874756,38.070849390953654,-0.005230906422146218,1.0351860523223877,33.401336440924496,0.0006422123606742699,0.004483331793775604,1.9337614679244348,5.027749337512755,-0.00517668789558367,0.013846491055078888,0.4666666666666667,0.00015110858794454592,0.004331474423824458,1.108615506948787,2.4727076315436927,-0.008113997132924225,0.013846491055078888,0.43333333333333335,-0.0007123682885436165,0.005012974947408736,-0.4363919206982907,2.74495828084858,-0.01858962293453205,0.013846491055078888,0.42857142857142855
1.024779200553894,1.032652497291565,1.0213043689727783,1.024779200553894,0,-0.01448189426502745,0.007736208334642574,4,0.0,0.0,0.007873296737670898,0.0034748315811157227,0.011348128318786621,0.0,0.6937969370030038,0.30620305418497046,-0.014948725700378418,-0.014377536008670073,0,1.038888645172119,-0.013581286870768872,1.0406481146812439,-0.015249068346878891,1.0355007708072663,-0.01035399553008387,1.0419904017448425,-0.01651761979810562,,,,,1.036022428965282,-0.010852302224317434,1.0375452378248995,-0.012304077841017946,1.0385502637031854,-0.013259890954975595,1.045031974374941,-0.019380051917763264,-0.0010050258782858812,-0.0013389783206708616,0.0003339524423849804,0,27.802147436076126,17.32433304172763,35.401255295026765,-18.076922253299134,1,0,0,0,0,48.33342306166104,0,0,10.835092746040745,44.47233175674711,-33.63723901070637,-93.84750317960628,-89.1649069421429,0.0,-2.099763029721047,-0.28796131254961166,-0.19880201007825837,0.009444783243614807,0.009216408019979574,1.0499491056882675,1.0210524359262652,1.0355007708072663,0.027905985754780437,0.1289686543614285,0,0.0918801641028934,0.1112274233102897,0.08685263827819326,0.08419087346345867,1.0566537352986525,1.018874602324193,0.15629258135869764,0.0,0.0,0.0,0.0,0.0,0.0,10247792004.53894,0,3,2,1,6,0,0,0,0.0,1.0,0.8660254037844386,0.5000000000000001,-0.0026861791364861222,1.0397279262542725,69.33719576300454,-0.0003649282085413558,1.0425245761871338,65.18058953740797,-0.0015342817485930794,1.0429050922393799,63.18249953406836,0.004938921534779492,1.0467586517333984,58.69803180775212,-0.002387160083696559,1.0277386903762817,35.56583408009614,-0.008113997132924225,1.0268205404281616,30.120098285705126,2.1865269378017886e-05,0.0057972298738968465,-0.11371921602205487,4.185551724164117,-0.01448189426502745,0.013846491055078888,0.4666666666666667,-0.00037892083434512883,0.005079294573123578,0.1402111739266771,2.643828539496256,-0.01448189426502745,0.013846491055078888,0.4,-0.0009415488154585888,0.005303526520133782,-0.5261155085404713,2.253315789671408,-0.01858962293453205,0.013846491055078888,0.42857142857142855
1.0327378511428833,1.0386804342269897,1.0276541709899902,1.0327378511428833,0,0.007736208334642574,0.004388368698745603,3,0.0,0.0,0.005942583084106445,0.005083680152893066,0.011026263236999512,0.0,0.5389480463581557,0.46105194457258875,0.007958650588989258,0.0077662101103447255,0,1.0365349292755126,-0.0036632419468168864,1.0397150754928588,-0.006710708167809387,1.0352057993412018,-0.0023840170714370945,1.0416854119300842,-0.008589503878876026,,,,,1.034927569691149,-0.0021158182583808083,1.0368056398738201,-0.003923386094851433,1.0381197146246446,-0.00518424176463006,1.0445498518952525,-0.011308221268526819,-0.0013140747508244566,-0.0013339976067015806,1.9922855877124073e-05,0,25.855649977663035,22.13178303787323,28.86511602178672,-6.733332983913488,1,0,0,0,0,51.82806519922467,0,0,35.65146592903749,33.358265947074095,2.2931999819633972,-23.32386034024662,-64.34853375914616,0.0,-1.1267120180370682,-0.8953724428593657,0.21378288237765553,0.010038976634212259,0.009720740478457833,1.049625370674983,1.0207862280074207,1.0352057993412018,0.02785836660027356,0.4144236613338442,0,0.12639893846864647,0.09206402953768945,0.09018232720104404,0.0849890986293991,1.057363425159034,1.017207518622185,0.38675088726416496,0.0,0.0,0.0,0.0,0.0,0.0,10327378510.428833,1,4,2,1,6,0,0,0,0.9510565162951535,0.30901699437494745,0.8660254037844386,0.5000000000000001,-0.01448189426502745,1.024779200553894,48.33342306166104,-0.0026861791364861222,1.0397279262542725,69.33719576300454,-0.0003649282085413558,1.0425245761871338,65.18058953740797,-0.002153932561904579,1.0445064306259155,61.09407034026138,0.013846491055078888,1.0420682430267334,51.1236596542291,0.003610662579582716,1.0305347442626953,30.274381231964867,0.0004022468926051659,0.006116817718627301,-0.14995963321738673,2.9396366721440357,-0.01448189426502745,0.013846491055078888,0.4666666666666667,-0.00033942422842953425,0.00513929482561595,0.16551994169142328,2.486540535033887,-0.01448189426502745,0.013846491055078888,0.4,-0.0009066777693485658,0.005353809979165011,-0.4902258016684878,2.1509616393777735,-0.01858962293453205,0.013846491055078888,0.42857142857142855
1.0372798442840576,1.0436452627182007,1.0370432138442993,1.0372798442840576,0,0.004388368698745603,0.0027005333349387236,3,0.0,0.0,0.006365418434143066,0.00023663043975830078,0.006602048873901367,0.0,0.964158015080814,0.03584196977237328,0.004541993141174316,0.004398011688743761,0,1.0354098796844482,0.0018060137691546796,1.0393837094306946,-0.002024146835615581,1.0353420853614808,0.0018716121461566093,1.0415424084663392,-0.004092549902167564,,,,,1.0357116612221187,0.0015141115239902803,1.036878594398472,0.00038697856018488075,1.0380575020068232,-0.0007491471533969118,1.0442647535575587,-0.006688829962934406,-0.001178907608351265,-0.0013029796070315176,0.00012407199868025255,0,22.607348939760474,25.481045557295946,24.731180099210892,0.7498654580850541,1,0,0,0,0,56.50704329300939,0,0,49.81414282076271,32.10023383194698,17.71390898881573,36.64562894545481,-50.185856867420945,0.0,-0.539382537987565,-0.3184394872754237,-0.1306939588677336,0.010154767959692943,0.009789805532877099,1.0497872242766082,1.0208969464463533,1.0353420853614808,0.02790408912758307,0.567073043646547,0,0.13524355905416482,0.09569149394671657,0.08720310040007646,0.07766674032881374,1.0575944718474666,1.0169754000086948,0.499874647701682,0.0,0.0,0.0,0.0,0.0,0.0,10372798441.840576,2,5,2,1,6,0,0,0,0.5877852522924732,-0.8090169943749473,0.8660254037844386,0.5000000000000001,0.007736208334642574,1.0327378511428833,51.82806519922467,-0.01448189426502745,1.024779200553894,48.33342306166104,-0.0026861791364861222,1.0397279262542725,69.33719576300454,-0.0015342817485930794,1.0429050922393799,63.18249953406836,-0.0014162053621806219,1.0405935049057007,54.454081268498825,0.007831709997193285,1.0386372804641724,38.94930286687948,0.0004253040662718404,0.006132152355420232,-0.15645700743586585,2.8817611109414836,-0.01448189426502745,0.013846491055078888,0.4666666666666667,-0.00010596836431968313,0.005191158003723594,0.04697779408435226,2.2602496227132107,-0.01448189426502745,0.013846491055078888,0.43333333333333335,-0.0005419477434235237,0.004892544763120763,-0.06619508250545021,1.4279744420102312,-0.01448189426502745,0.013846491055078888,0.4444444444444444
1.0400848388671875,1.040528655052185,1.0354539155960083,1.0400848388671875,0,0.0027005333349387236,-0.0014550635639053737,1,0.0,0.0,0.0004438161849975586,0.004630923271179199,0.005074739456176758,0.0,0.08745595317445688,0.9125440271200984,0.002804994583129883,0.0027041830594862312,0,1.034921932220459,0.004988691789681532,1.0392905950546265,0.0007642171653086116,1.0357728183269501,0.00416309480566035,1.0413617086410523,-0.0012261540472890964,,,,,1.0371693871038083,0.002810969644253758,1.0373718627782744,0.0026152396127130384,1.038207675107591,0.0018080810847609374,1.0441008353344068,-0.0038463685028548023,-0.0008358123293166209,-0.0012095461514885384,0.0003737338221719176,0,20.013140266671478,23.66185115277156,25.2014274643471,-1.5395763115755372,0,0,0,0,0,58.01304951956037,0,0,58.560574338630865,48.008727696143694,10.55184664248717,26.883207948912933,-41.43942534955279,0.0,-0.23402204376506974,-0.08944567386282021,0.5345989021796393,0.009477430825890787,0.009112170921847058,1.0502455594584323,1.021300077195468,1.0357728183269501,0.027945782847366627,0.6489704139722536,0,0.13799013648215383,0.09686429043685434,0.08651440051549858,0.0768917499968142,1.0565064550026344,1.0185967316990712,0.5668231060239445,0.0,0.0,0.0,0.0,0.0,0.0,10400848387.671875,3,6,2,1,6,0,0,0,-0.587785252292473,-0.8090169943749475,0.8660254037844386,0.5000000000000001,0.004388368698745603,1.0372798442840576,56.50704329300939,0.007736208334642574,1.0327378511428833,51.82806519922467,-0.01448189426502745,1.024779200553894,48.33342306166104,-0.0003649282085413558,1.0425245761871338,65.18058953740797,0.00040591449116566636,1.0410159826278687,63.45305496638786,-0.003939010992033952,1.034554123878479,37.76805865114906,0.0006801985061017729,0.006142657124738192,-0.2938755860910324,2.8871448049779405,-0.01448189426502745,0.013846491055078888,0.5333333333333333,-5.546902858325365e-06,0.00521611212155907,-0.009826141377986224,2.155587864468629,-0.01448189426502745,0.013846491055078888,0.4666666666666667,-0.0005906612768994343,0.004843724961050521,-0.06891072188000552,1.564104687300749,-0.01448189426502745,0.013846491055078888,0.4444444444444444
1.0385725498199463,1.0405935049057007,1.0324605703353882,1.0385725498199463,0,-0.0014550635639053737,-0.0071612243912707796,0,0.0,0.0,0.0020209550857543945,0.0061119794845581055,0.0081329345703125,0.0,0.24849026429923868,0.7515097234050767,-0.001512289047241211,-0.0014540054720371908,0,1.0346908569335938,0.003751548358590151,1.0389876961708069,-0.00039956820696784856,1.0362134397029876,0.0022766641758740214,1.0410082578659057,-0.00233975871691805,,,,,1.0376371080091877,0.0009015114276929026,1.0375565838616085,0.0009791907969574076,1.0382347028640617,0.00032540508896494735,1.0438840398240357,-0.005088199360223866,-0.0006781190024531814,-0.001103260721681467,0.0004251417192282856,0,18.932798841338673,20.902306022411143,26.554711907706892,-5.6524058852957495,0,0,0,0,0,58.91428783206556,0,0,53.84500994272456,54.07324236737271,-0.22823242464814797,7.425735501791387,-46.1549897454591,0.0,-0.11112295872329758,-0.290801110192096,0.6885676777578675,0.009298164658480348,0.00895283113268982,1.0504500800466112,1.021976799359364,1.0362134397029876,0.027478200526583344,0.5828534682949242,0,0.13701705380397544,0.09701347095633714,0.0859530316441293,0.07563751839866956,1.056245156617251,1.0190524979833298,0.5248361504958347,0.0,0.0,0.0,0.0,0.0,0.0,10385725497.199463,4,7,2,1,6,0,0,0,-0.9510565162951536,0.30901699437494723,0.8660254037844386,0.5000000000000001,0.0027005333349387236,1.0400848388671875,58.01304951956037,0.004388368698745603,1.0372798442840576,56.50704329300939,0.007736208334642574,1.0327378511428833,51.82806519922467,-0.0026861791364861222,1.0397279262542725,69.33719576300454,0.0005623270136917337,1.041601538658142,61.1491800559192,-0.0029853923848209975,1.0314701795578003,46.42481946623958,0.0005399413021805027,0.006167394613010491,-0.2150379540656569,2.75171309418776,-0.01448189426502745,0.013846491055078888,0.4666666666666667,-4.434515679708055e-05,0.005222634207888235,0.013305731511405496,2.1284988293170017,-0.01448189426502745,0.013846491055078888,0.4666666666666667,-0.0004952826133043292,0.004764715796879811,-0.08452289265656229,1.8123535753564404,-0.01448189426502745,0.013846491055078888,0.4444444444444444
1.0311616659164429,1.0336023569107056,1.0299509763717651,1.0311616659164429,0,-0.0071612243912707796,-0.0009790906251212763,2,0.0,0.0,0.0024406909942626953,0.0012106895446777344,0.0036513805389404297,0.0,0.6684296258335158,0.3315703467795832,-0.007410883903503418,-0.007135643922106985,0,1.0359673500061035,-0.004638837497309645,1.0374279975891114,-0.006040257045912489,1.0365493655204774,-0.005197726111972889,1.040505473613739,-0.008980065971153861,,,,,1.0354786273116061,-0.004169049346730014,1.0365727503315831,-0.005220168592013796,1.0377107742012752,-0.0063111114840664895,1.0433851232002085,-0.011715192320456924,-0.0011380238696920841,-0.0011102133512835904,-2.7810518408493724e-05,1,18.94149226620821,18.292811431754448,26.8735087211797,-8.580697289425252,0,0,0,0,0,39.872838013091,0,0,30.736662804122375,47.71408236182594,-16.977419557703563,-65.14290680998984,-69.26333688406127,0.0,0.6228137104167475,-1.4900269313396608,0.13610389321732086,0.009207952497107121,0.008929688525640257,1.0499065077037895,1.0231922233371653,1.0365493655204774,0.025772322334723548,0.2983213939057321,1,0.09122319790108929,0.09776116136267576,0.08959098447830853,0.07634492059633881,1.055446907400805,1.0186150974123764,0.34064490650727397,0.0,0.0,0.0,0.0,0.0,0.0,10311616658.164429,0,10,2,1,7,0,0,0,0.0,1.0,0.8660254037844386,0.5000000000000001,-0.0014550635639053737,1.0385725498199463,58.91428783206556,0.0027005333349387236,1.0400848388671875,58.01304951956037,0.004388368698745603,1.0372798442840576,56.50704329300939,-0.01448189426502745,1.024779200553894,48.33342306166104,0.004938921534779492,1.0467586517333984,58.69803180775212,-0.0016592591806951788,1.0297601222991943,43.25961614550916,0.00022167034834222113,0.0064461238236090505,-0.15009436374804339,1.8520802593713235,-0.01448189426502745,0.013846491055078888,0.4666666666666667,-0.00035870609385563646,0.005360559224178017,0.11159541614488996,1.7222818722610511,-0.01448189426502745,0.013846491055078888,0.43333333333333335,-0.0005339556422344331,0.004809277946687749,-0.09030597047324104,1.6823674764368168,-0.01448189426502745,0.013846491055078888,0.4444444444444444
1.0301525592803955,1.0351966619491577,1.0292725563049316,1.0301525592803955,0,-0.0009790906251212763,0.006137893242324767,4,0.0,0.0,0.005044102668762207,0.0008800029754638672,0.005924105644226074,0.0,0.8514538542257519,0.1485461288940633,-0.0010091066360473633,-0.0009786114721910852,0,1.035450291633606,-0.005116356135590694,1.0359926104545594,-0.005637155337466893,1.0367307245731354,-0.006345105084846314,1.0400183749198915,-0.009486193683171495,,,,,1.0337032713012027,-0.0034349432946981784,1.0355850286314003,-0.005245797592940971,1.0371509064293583,-0.0067476653637429385,1.0428661991249217,-0.012191055721218369,-0.0015658777979579153,-0.0012013462406184556,-0.0003645315573394597,0,18.065392845674424,19.069114515984605,24.453142672724226,-5.384028156739621,0,0,0,0,0,40.220630693375135,0,0,27.59010339916046,37.39059204866913,-9.800488649508669,-71.83610320993596,-72.4098962890232,0.0,-0.25033379570883474,-1.3742252727844462,0.5573183554558714,0.008770106250056316,0.00851340529147572,1.0496045569588066,1.0238568921874642,1.0367307245731354,0.02483544102492015,0.24451409960436724,1,0.07083888564467121,0.09771942296775278,0.08765582763553942,0.07592946365265689,1.0539161250851612,1.0188357000849357,0.3225975501473339,0.0,0.0,0.0,0.0,0.0,0.0,10301525591.803955,1,11,2,1,7,0,0,0,0.9510565162951535,0.30901699437494745,0.8660254037844386,0.5000000000000001,-0.0071612243912707796,1.0311616659164429,39.872838013091,-0.0014550635639053737,1.0385725498199463,58.91428783206556,0.0027005333349387236,1.0400848388671875,58.01304951956037,0.007736208334642574,1.0327378511428833,51.82806519922467,-0.002153932561904579,1.0445064306259155,61.09407034026138,-0.00517668789558367,1.0244431495666504,30.537290743000042,-0.0007667017636711231,0.005229641267660098,-1.0769904189761257,2.7269584371879407,-0.01448189426502745,0.007736208334642574,0.4,-0.00041115296358718294,0.005358610110997494,0.14291261308096317,1.7353292589182376,-0.01448189426502745,0.013846491055078888,0.4,-0.0004783913034789707,0.004783106619224956,-0.11845354699411914,1.7857726168771935,-0.01448189426502745,0.013846491055078888,0.4444444444444444
1.0364949703216553,1.039565920829773,1.031821370124817,1.0364949703216553,0,0.006137893242324767,0.0026050744738818675,3,0.0,0.0,0.0030709505081176758,0.004673600196838379,0.007744550704956055,0.0,0.39653048775307265,0.6034694993346227,0.006342411041259766,0.006156768707223838,0,1.0352933168411256,0.00116068882206255,1.0353515982627868,0.0011043320555803593,1.0370212972164154,-0.0005075373052821908,1.0397458267211914,-0.0031265876867955233,,,,,1.0346338376413535,0.001798832120515792,1.0357250196606704,0.0007433928371864962,1.0371023185695285,-0.0005856204705553258,1.0426163470149898,-0.005871169016554378,-0.0013772989088580712,-0.0012365367742663788,-0.0001407621345916924,0,16.250725498697413,22.944830977657734,20.987476341965323,1.9573546356924112,0,0,0,0,0,46.18817295199408,0,0,47.36677753756493,35.231181246949255,12.135596290615673,-20.06851561718065,-52.63322215061873,0.0,-0.07566655871387162,-0.6146409644966266,0.9711978199349103,0.008855873623299133,0.008544058462431791,1.049578887735619,1.024463706697212,1.0370212972164154,0.024218577866625818,0.47904347407013914,1,0.07905878728166706,0.10472698931313587,0.08982632810197651,0.07650730265495873,1.0540989986637044,1.018675504170508,0.5030408872920678,0.0,0.0,0.0,0.0,0.0,0.0,10364949702.216553,2,12,2,1,7,0,0,0,0.5877852522924732,-0.8090169943749473,0.8660254037844386,0.5000000000000001,-0.0009790906251212763,1.0301525592803955,40.220630693375135,-0.0071612243912707796,1.0311616659164429,39.872838013091,-0.0014550635639053737,1.0385725498199463,58.91428783206556,0.004388368698745603,1.0372798442840576,56.50704329300939,-0.0015342817485930794,1.0429050922393799,63.18249953406836,0.002030483986235354,1.0265253782272339,35.302020419973886,-0.00026309519003743054,0.005518380666949253,-1.0718958654163093,2.184404750403684,-0.01448189426502745,0.007736208334642574,0.4666666666666667,-0.00013224257868012427,0.005477151772403623,0.034517600258011163,1.369206331559839,-0.01448189426502745,0.013846491055078888,0.43333333333333335,-0.0003021253067961217,0.004819507054889821,-0.1726055162446773,1.7061482836706972,-0.01448189426502745,0.013846491055078888,0.4603174603174603
1.039198637008667,1.044571876525879,1.0379257202148438,1.039198637008667,0,0.0026050744738818675,0.0066834911027321,4,0.0,0.0,0.005373239517211914,0.0012729167938232422,0.006646156311035156,0.0,0.8084732264636875,0.19152675849002207,0.0027036666870117188,0.0026084706285760782,0,1.0351160764694214,0.003944060508436875,1.03501900434494,0.004038218183219033,1.0375048875808717,0.001632521781734786,1.039508147239685,-0.00029774690252315494,1.059149490594864,-0.01883667401200184,,,1.036155437430458,0.0029370105758090848,1.036259422329593,0.0028363694606345913,1.0372576014168722,0.0018713147909992234,1.0424823191716046,-0.0031498685418779315,-0.0009981790872792828,-0.0011888652368689597,0.00019068614958967682,1,16.783071553736608,27.747876513157266,18.405001339529097,9.342875173628169,0,0,0,0,0,48.0438936088528,0,0,55.79725211577358,43.58471101749965,12.212541098273931,36.61527439726569,-44.202747572410075,0.0,-0.08520476651555642,-0.31902741234464127,0.8261623872310997,0.008752011300755733,0.008421884891137085,1.049583042729519,1.0254267324322244,1.0375048875808717,0.023283080960988092,0.570116228428039,1,0.0788444588780316,0.10598055054369691,0.08924013669877698,0.07649014953065135,1.0541590250273378,1.0191509798243148,0.5726585706463603,0.0,0.0,0.0,0.0,0.0,0.0,10391986369.08667,3,13,2,1,7,0,0,0,-0.587785252292473,-0.8090169943749475,0.8660254037844386,0.5000000000000001,0.006137893242324767,1.0364949703216553,46.18817295199408,-0.0009790906251212763,1.0301525592803955,40.220630693375135,-0.0071612243912707796,1.0311616659164429,39.872838013091,0.0027005333349387236,1.0400848388671875,58.01304951956037,-0.0003649282085413558,1.0425245761871338,65.18058953740797,0.004042511093745486,1.0306835174560547,40.73214076408169,-0.00011648452452301712,0.0055664284237476125,-1.1244401780083282,2.1407612047886473,-0.01448189426502745,0.007736208334642574,0.4666666666666667,0.0001289567845208119,0.0054120756838945,-0.0838037277272711,1.5704283066269462,-0.01448189426502745,0.013846491055078888,0.4666666666666667,-0.00020954556854462417,0.0048184265096249375,-0.2248737657341684,1.726441747347057,-0.01448189426502745,0.013846491055078888,0.47619047619047616
1.0461673736572266,1.0513699054718018,1.0448119640350342,1.0461673736572266,0,0.0066834911027321,0.002629322305061365,3,0.0,0.0,0.005202531814575195,0.0013554096221923828,0.006557941436767578,0.0,0.7933178094691484,0.20668217528216437,0.00696873664855957,0.006705875469533418,0,1.0366350412368774,0.009195456395199475,1.0356629490852356,0.010142705674905939,1.038303506374359,0.007573765410433753,1.039403212070465,0.006507735792577352,1.0584801411628724,-0.011632497508130335,,,1.0394927495060475,0.006421039544247442,1.0377837225338442,0.008078418306759483,1.0379175845457873,0.007948404703302714,1.0426268311122173,0.0033957906501338453,-0.00013386201194309777,-0.0009778645918837874,0.0008440025799406896,0,19.43155099243772,32.70124016068331,15.161237272948838,17.540002887734474,0,0,0,0,0,49.53245370414254,0,0,82.6960283996921,61.953352684343535,20.74267571534856,128.5532655379849,-17.30397126770117,0.0,0.7312752333572536,0.6193396599582401,1.616329313361975,0.009207912255739605,0.008801567021412764,1.0504585316527366,1.0261484810959816,1.038303506374359,0.023413241316406357,0.8234821409424885,1,0.09076046830764489,0.11046457664741262,0.0916357321503104,0.07771751814077246,1.0559767670545817,1.0191451180316233,0.733669446496747,0.0,0.0,0.0,0.0,0.0,0.0,10461673735.572266,4,14,2,1,7,0,0,0,-0.9510565162951536,0.30901699437494723,0.8660254037844386,0.5000000000000001,0.0026050744738818675,1.039198637008667,48.0438936088528,0.006137893242324767,1.0364949703216553,46.18817295199408,-0.0009790906251212763,1.0301525592803955,40.220630693375135,-0.0014550635639053737,1.0385725498199463,58.91428783206556,-0.0026861791364861222,1.0397279262542725,69.33719576300454,-0.0011228832625102638,1.0295268297195435,40.06974308953653,0.0002915930814130073,0.0058375186080690126,-1.087208344929868,1.6795851936028203,-0.01448189426502745,0.007736208334642574,0.4666666666666667,0.0006222063923760228,0.005308234035234605,-0.18048260328645999,1.8310226375398442,-0.01448189426502745,0.013846491055078888,0.5,-0.00010897590425650463,0.004895743464610353,-0.23157427165140337,1.5128936035039404,-0.01448189426502745,0.013846491055078888,0.47619047619047616
1.0489217042922974,1.0507071018218994,1.0467368364334106,1.0489217042922974,0,0.002629322305061365,-0.0003670411630294712,2,0.0,0.0,0.0017853975296020508,0.0021848678588867188,0.0039702653884887695,0.0,0.4496922270761393,0.5503077477366283,0.0027543306350708008,0.0026327820042588808,0,1.0401870489120484,0.008397196723940237,1.0380771994590758,0.010446722784998697,1.03936265707016,0.009197027674790137,1.0392104554176331,0.00934483359275573,1.0577921783924102,-0.008385838334289186,,,1.0426357344347976,0.006028922229779798,1.0394972581889907,0.009066350034264925,1.0387327045270103,0.009809067934320792,1.0428736888839854,0.005799374720254269,0.0007645536619804716,-0.0006293809411109356,0.0013939346030914072,0,21.726899839311248,30.39572574646711,14.092334353720679,16.303391392746434,1,1,0,0,0,53.46381199404135,0,0,91.85711762888039,76.78346604811536,15.07365158076503,135.0546927783677,-8.142882038512877,0.0,1.722333069865467,2.355873706780365,1.8177827057052953,0.00858548771026404,0.00818506059538364,1.0513317560885616,1.0273935580517584,1.03936265707016,0.023031612567242864,0.8993219171095874,1,0.049363391170044464,0.07149984531607036,0.09186104231004723,0.07699639949177602,1.0558138952730778,1.0214719444320217,0.7993069440751907,0.0,0.0,0.0,0.0,0.0,0.0,10489217041.922974,0,17,2,1,8,0,0,0,0.0,1.0,0.8660254037844386,0.5000000000000001,0.0066834911027321,1.0461673736572266,49.53245370414254,0.0026050744738818675,1.039198637008667,48.0438936088528,0.006137893242324767,1.0364949703216553,46.18817295199408,-0.0071612243912707796,1.0311616659164429,39.872838013091,-0.01448189426502745,1.024779200553894,48.33342306166104,0.0006487944949136819,1.0301949977874756,38.070849390953654,0.00013761979943179882,0.005735755203669451,-1.091420372688924,1.8694491560997524,-0.01448189426502745,0.007736208334642574,0.4666666666666667,0.0005894950498919777,0.005292182430842282,-0.16689913675543006,1.8855567570841585,-0.01448189426502745,0.013846491055078888,0.5,-0.00015913316676040211,0.004850317259586175,-0.2330580035525214,1.6420378927245907,-0.01448189426502745,0.013846491055078888,0.47619047619047616
1.048536777496338,1.0486466884613037,1.044277310371399,1.048536777496338,0,-0.0003670411630294712,-0.0035378371130214345,1,0.0,0.0,0.00010991096496582031,0.004259467124938965,0.004369378089904785,0.0,0.025154829861091844,0.9748451472523565,-0.00038492679595947266,-0.000366973811627326,0,1.0438638925552368,0.0044765269437712085,1.0396570920944215,0.008540975066282597,1.0396860837936401,0.008512851850004388,1.0390502643585204,0.009129984719999262,1.057107731103897,-0.008107928316632429,,,1.0446027487886445,0.0037660523216878072,1.040887953467044,0.007348364348998215,1.039458932154368,0.008733240881659388,1.043095770790352,0.005216210014293843,0.001429021312676193,-0.0002177004903535099,0.001646721803029703,0,22.07393737233228,28.060414321843393,17.078307212847076,10.982107108996317,1,1,0,0,0,54.50405836324131,0,0,90.57682517611912,88.37665706823054,2.2001681078885724,98.29889908347596,-9.423174491274139,0.0,1.7846112258153912,1.5298099450863134,2.0236746280751117,0.008060008538348627,0.007686910664998668,1.0522954705816001,1.0270766970056802,1.0396860837936401,0.02425614227851859,0.8509565439793293,1,0.04600797628596873,0.06567365868350568,0.09122624941664648,0.07694789228070105,1.0557052090857983,1.0234651749324037,0.7776543401561157,0.0,0.0,0.0,0.0,0.0,0.0,10485367773.963379,1,18,2,1,8,0,0,0,0.9510565162951535,0.30901699437494745,0.8660254037844386,0.5000000000000001,0.002629322305061365,1.0489217042922974,53.46381199404135,0.0066834911027321,1.0461673736572266,49.53245370414254,0.0026050744738818675,1.039198637008667,48.0438936088528,-0.0009790906251212763,1.0301525592803955,40.220630693375135,0.007736208334642574,1.0327378511428833,51.82806519922467,-0.002387160083696559,1.0277386903762817,35.56583408009614,0.0002567458926901394,0.005703226114983128,-1.1772272637784889,2.123455794838444,-0.01448189426502745,0.007736208334642574,0.4666666666666667,0.0003162033445512192,0.005113987866476611,-0.11819191463889563,2.43179139116808,-0.01448189426502745,0.013846491055078888,0.4666666666666667,-0.00018397368960369805,0.0048472615925076595,-0.21798771193139455,1.649085788534419,-0.01448189426502745,0.013846491055078888,0.4603174603174603
1.044833779335022,1.0462440252304077,1.0405069589614868,1.044833779335022,0,-0.0035378371130214345,-0.002619032156404236,1,0.0,0.0,0.0014102458953857422,0.004326820373535156,0.0057370662689208984,0.0,0.24581306972939893,0.7541869128400899,-0.003702998161315918,-0.0035315863405427305,0,1.04553165435791,-0.0006674834950357589,1.0404124855995178,0.0042495584167576705,1.0398980975151062,0.004746312865880897,1.038836531639099,0.0057730426421209735,1.0564194667339324,-0.010966938666543635,,,1.0446797589707704,0.00014743299361774653,1.0414950036005792,0.0032057529057551992,1.0398570689825646,0.004785956070720632,1.0431639279881821,0.0016007563163156213,0.001637934618014647,0.0001534265313201215,0.0014845080866945255,0,20.095144134836765,24.33117723506924,21.048845588488394,3.2823316465808468,1,1,0,0,0,51.75363680874772,0,0,78.26040385059322,86.89811555186424,-8.637711701271016,50.61336782900327,-21.73959581680004,0.0,0.8045199689467708,0.7282446576582391,0.2653891745377335,0.008055983204548953,0.007710301258545741,1.0527126482660065,1.0270835467642059,1.0398980975151062,0.024645781697820408,0.6925811464873588,1,0.06054108799495283,0.06798713018652784,0.07937766579246318,0.07640592708880699,1.0561970238778104,1.0239730910596148,0.6473663015735717,0.0,0.0,0.0,0.0,0.0,0.0,10448337792.35022,2,19,2,1,8,0,0,0,0.5877852522924732,-0.8090169943749473,0.8660254037844386,0.5000000000000001,-0.0003670411630294712,1.048536777496338,54.50405836324131,0.002629322305061365,1.0489217042922974,53.46381199404135,0.0066834911027321,1.0461673736572266,49.53245370414254,0.006137893242324767,1.0364949703216553,46.18817295199408,0.004388368698745603,1.0372798442840576,56.50704329300939,0.013846491055078888,1.0420682430267334,51.1236596542291,0.00012317553506158233,0.00577122479096321,-1.0769374114744694,1.7322469914381462,-0.01448189426502745,0.007736208334642574,0.4666666666666667,0.00032957580718496977,0.00510298999293298,-0.12187528844834976,2.4763946010789466,-0.01448189426502745,0.013846491055078888,0.4666666666666667,-0.00014796008364610476,0.004813120994483729,-0.22492206201211729,1.7646364682667763,-0.01448189426502745,0.013846491055078888,0.4603174603174603
1.0421009063720703,1.047877550125122,1.0419706106185913,1.0421009063720703,0,-0.002619032156404236,0.0076049269657811865,4,0.0,0.0,0.005776643753051758,0.0001302957534790039,0.005906939506530762,0.0,0.9779419018716651,0.02205808119909468,-0.00273287296295166,-0.002615605483610436,0,1.0461121082305909,-0.0038343901447825957,1.040614092350006,0.0014287851114564987,1.0399523437023164,0.002066020219636533,1.0386126136779785,0.003358607962022475,1.055776571035385,-0.012953180755477356,,,1.0438201414378705,-0.0016470607314276187,1.0415882194115778,0.0004922164545342333,1.040023279159565,0.0019976736616746926,1.0431222408659817,-0.0009791130452415642,0.0015649402520128142,0.00043572927545866005,0.0011292109765541542,0,19.1757777917864,24.6680472371305,18.915114914651248,5.7529323224792535,1,1,0,0,0,51.80381712732627,0,0,69.17068428430274,79.3359711036717,-10.165286819368959,48.56833059961477,-30.829315383090528,0.0,0.279279558310197,0.19383683229905468,0.14485978042946268,0.007769444044813195,0.0074555582828498635,1.0527959718481783,1.0271087155564544,1.0399523437023164,0.024700416749680144,0.5836431336608677,1,0.06618790972431965,0.06889870451370625,0.07978049762038322,0.07518366255992924,1.0558159311681825,1.0247381549889298,0.5586870575013354,0.0,0.0,0.0,0.0,0.0,0.0,10421009062.720703,3,20,2,1,8,0,0,0,-0.587785252292473,-0.8090169943749475,0.8660254037844386,0.5000000000000001,-0.0035378371130214345,1.044833779335022,51.75363680874772,-0.0003670411630294712,1.048536777496338,54.50405836324131,0.002629322305061365,1.0489217042922974,53.46381199404135,0.0026050744738818675,1.039198637008667,48.0438936088528,0.0027005333349387236,1.0400848388671875,58.01304951956037,-0.0014162053621806219,1.0405935049057007,54.454081268498825,-2.709806146260965e-05,0.005814029974866384,-0.9724335393243216,1.4372274203181168,-0.01448189426502745,0.007736208334642574,0.4666666666666667,0.00034178781479886176,0.005095215808722727,-0.12712358863215684,2.5104717264104557,-0.01448189426502745,0.013846491055078888,0.4666666666666667,-7.344820569761535e-05,0.004736125566394537,-0.22950246270634198,2.0141566513305986,-0.01448189426502745,0.013846491055078888,0.4603174603174603
1.0500562191009521,1.0507513284683228,1.0449975728988647,1.0500562191009521,0,0.0076049269657811865,-0.0024541613434621305,1,0.0,0.0,0.0006951093673706055,0.005058646202087402,0.005753755569458008,0.0,0.12080967759204196,0.8791903050280057,0.007955312728881836,0.007633917866757991,0,1.046889877319336,0.0030245222061191512,1.0417624592781067,0.007961277206894657,1.0403750777244567,0.009305433667961216,1.038600037097931,0.011030407753430449,1.0552286303043366,-0.0049016972761651845,,,1.045898833992231,0.003974939901648655,1.0428909885945583,0.00687054589987679,1.040766459895964,0.008925882474175806,1.0433941615810784,0.006384986292371053,0.0021245286985942524,0.0007734891600857787,0.0013510395385084738,0,19.715571152038738,25.918876451664822,16.14894880260705,9.769927649057774,1,1,0,0,0,71.500214273716,1,0,94.46069668928946,80.63059494139515,13.830101747894318,104.00294208790679,-5.5393028890495515,0.0,0.37172306665718136,1.1057166187375955,0.8684051564955775,0.007886907785005094,0.0075109385962274415,1.0539811800454775,1.026768975403436,1.0403750777244567,0.02615614812587147,0.8557646805272838,0,0.0716577409055084,0.07732427717173873,0.08395219519801311,0.07671163669253393,1.0569822087459375,1.025434577605917,0.7804592778363897,0.0,0.0,0.0,0.0,0.0,0.0,10500562190.009521,4,21,2,1,8,0,0,0,-0.9510565162951536,0.30901699437494723,0.8660254037844386,0.5000000000000001,-0.002619032156404236,1.0421009063720703,51.80381712732627,-0.0035378371130214345,1.044833779335022,51.75363680874772,-0.0003670411630294712,1.048536777496338,54.50405836324131,0.0066834911027321,1.0461673736572266,49.53245370414254,-0.0014550635639053737,1.0385725498199463,58.91428783206556,0.00040591449116566636,1.0410159826278687,63.45305496638786,0.0006589756786885443,0.006078991104498931,-1.0731919353087351,1.3842727886371073,-0.01448189426502745,0.007736208334642574,0.5333333333333333,0.0006505940196814073,0.005248197270358715,-0.20570743009872944,2.042600347369805,-0.01448189426502745,0.013846491055078888,0.5,3.1304718557578826e-05,0.004832378889361481,-0.21659423867193678,1.7449202266910757,-0.01448189426502745,0.013846491055078888,0.4603174603174603
1.0474823713302612,1.0528643131256104,1.045434594154358,1.0474823713302612,0,-0.0024541613434621305,-0.001287627798320897,1,0.0,0.0,0.005381941795349121,0.0020477771759033203,0.007429718971252441,0.0,0.724380254991509,0.2756197315490319,-0.002573847770690918,-0.0024511523512993484,0,1.0466020107269287,0.0008411607222471584,1.0433945298194884,0.003917829060392064,1.0404112637043,0.006796454221483117,1.0386015725135804,0.008550727199779562,1.0546678757667542,-0.006813049587376274,,,1.0464266797715744,0.0010088537295478428,1.0435973551692819,0.003722715510309893,1.0412639348170232,0.0059720078691993805,1.043554483532027,0.003763950766196178,0.002333420352258697,0.0010854753985203624,0.0012479449537383348,0,21.096864954243877,26.237960124871588,14.104772483933646,12.133187640937942,1,1,0,0,0,63.806150071343154,0,0,77.18719333433057,80.27285810264094,-3.085664768310366,103.79114958042332,-22.812806241792558,0.0,-0.1372202478169937,1.5827494323417568,0.5645952366482909,0.007825949276504741,0.007471199029172181,1.0540924918234316,1.0267300355851683,1.0404112637043,0.026299653983186903,0.7584237134468503,0,0.07230792888105492,0.06602921384199599,0.08453232893064502,0.07656281960812948,1.057457813457921,1.026154016351902,0.6813344348607756,0.0,0.0,0.0,0.0,0.0,0.0,10474823712.302612,0,24,2,1,9,0,0,0,0.0,1.0,0.8660254037844386,0.5000000000000001,0.0076049269657811865,1.0500562191009521,71.500214273716,-0.002619032156404236,1.0421009063720703,51.80381712732627,-0.0035378371130214345,1.044833779335022,51.75363680874772,0.002629322305061365,1.0489217042922974,53.46381199404135,-0.0071612243912707796,1.0311616659164429,39.872838013091,0.0005623270136917337,1.041601538658142,61.1491800559192,0.0014608245401262323,0.004536826419090526,-0.16352636829349482,-0.9005577179688865,-0.0071612243912707796,0.007736208334642574,0.5333333333333333,0.0007413449047521252,0.005166866864672202,-0.22705231090390857,2.34235522904807,-0.01448189426502745,0.013846491055078888,0.5,4.632134299361958e-05,0.004823004294214531,-0.22378675092912548,1.7827039796015889,-0.01448189426502745,0.013846491055078888,0.4603174603174603
1.0461344718933105,1.0518454313278198,1.0457953214645386,1.0461344718933105,0,-0.001287627798320897,0.005980862832362414,4,0.0,0.0,0.005710959434509277,0.00033915042877197266,0.00605010986328125,0.0,0.9439430802365061,0.0560569032348688,-0.0013478994369506836,-0.0012867991612214196,0,1.0461215496063232,1.23524718431689e-05,1.0449927210807801,0.0010925920242204068,1.0404926657676696,0.005422244875638915,1.0385041570663451,0.007347408938434441,1.054154680967331,-0.007608190067419751,,,1.0463292771454866,-0.00018617977764023852,1.0439876808191324,0.002056337458204549,1.0416247153411926,0.004329540558384082,1.043655659546195,0.0023751246152929895,0.0023629654779397935,0.0013409734144042486,0.0010219920635355449,0,22.293986249487148,23.449029275894024,12.605523498454637,10.843505777439386,1,1,0,0,0,58.81859722382696,0,0,71.47375943670839,81.04054982010948,-9.566790383401084,89.22385985589115,-28.526240139414735,0.0,-0.22911028536009015,1.5514122125832586,-0.0596297760762976,0.007589170688074943,0.0072544886830987355,1.0542953215568711,1.0266900099784682,1.0404926657676696,0.02653100063457229,0.7043739314146119,0,0.07267646669801398,0.06638000844877973,0.08293406597573115,0.07607262297064459,1.0573964998037662,1.0270398170514663,0.6290099262409238,0.0,0.0,0.0,0.0,0.0,0.0,10461344717.933105,1,25,2,1,9,0,0,0,0.9510565162951535,0.30901699437494745,0.8660254037844386,0.5000000000000001,-0.0024541613434621305,1.0474823713302612,63.806150071343154,0.0076049269657811865,1.0500562191009521,71.500214273716,-0.002619032156404236,1.0421009063720703,51.80381712732627,-0.0003670411630294712,1.048536777496338,54.50405836324131,-0.0009790906251212763,1.0301525592803955,40.220630693375135,0.004938921534779492,1.0467586517333984,58.69803180775212,0.0008592354645953342,0.004233404764899846,0.0031739159600830177,-0.681150820968192,-0.0071612243912707796,0.0076049269657811865,0.4666666666666667,0.0006307411786002502,0.005173829162407021,-0.16021231949168663,2.2935820169723278,-0.01448189426502745,0.013846491055078888,0.4666666666666667,-4.523238131317592e-05,0.004792124808588219,-0.1824932775787057,1.8808964750790322,-0.01448189426502745,0.013846491055078888,0.4444444444444444
1.0524100065231323,1.0527424812316895,1.0476469993591309,1.0524100065231323,0,0.005980862832362414,-0.0033620277203350937,1,0.0,0.0,0.0003324747085571289,0.004763007164001465,0.005095481872558594,0.0,0.0652489225450411,0.9347510578297301,0.006275534629821777,0.005998783901905401,0,1.0476367950439454,0.004556170040334484,1.0465842247009278,0.005566471941914397,1.0409679114818573,0.010991784486312994,1.0385176610946656,0.013377091066978597,1.0537030375003815,-0.0012271304448299158,,,1.0483561869380353,0.0038668341306311582,1.0452834232351322,0.006817847704177371,1.0424236257991142,0.009579963822677895,1.043998967270781,0.008056558881024412,0.0028597974360180523,0.0016447382187270094,0.001215059217291043,0,23.779151406876288,22.282615386615575,11.116410824239766,11.166204562375809,1,1,0,0,0,61.481330169125876,0,0,98.07429898499922,82.2450839186794,15.829215066319819,111.51902572061825,-1.925700591123916,0.0,0.7251131555999546,1.535466804680996,0.7566804440333197,0.007458349174782138,0.007086923468842472,1.0557407474843274,1.0261950754793872,1.0409679114818573,0.02838288450221546,0.8872680557286021,0,0.07845678335758273,0.0660794220642331,0.085067216504525,0.07580163721254542,1.0581055089767535,1.0282721122776248,0.8090897060106977,0.0,0.0,0.0,0.0,0.0,0.0,10524100064.231323,2,26,2,1,9,0,0,0,0.5877852522924732,-0.8090169943749473,0.8660254037844386,0.5000000000000001,-0.001287627798320897,1.0461344718933105,58.81859722382696,-0.0024541613434621305,1.0474823713302612,63.806150071343154,0.0076049269657811865,1.0500562191009521,71.500214273716,-0.0035378371130214345,1.044833779335022,51.75363680874772,0.006137893242324767,1.0364949703216553,46.18817295199408,-0.002153932561904579,1.0445064306259155,61.09407034026138,0.0009654017401697882,0.0043466837851032294,0.009080723563286755,-0.833325211558151,-0.0071612243912707796,0.0076049269657811865,0.4666666666666667,0.0006953529032208145,0.005229706675228109,-0.1655465056621556,2.1038017217878098,-0.01448189426502745,0.013846491055078888,0.4666666666666667,-5.7737641002642126e-05,0.004775054310379392,-0.19126620877185702,1.9224462569763225,-0.01448189426502745,0.013846491055078888,0.4444444444444444
1.0488777160644531,1.0489877462387085,1.0404852628707886,1.0488777160644531,0,-0.0033620277203350937,-0.008969571024957386,0,0.0,0.0,0.0001100301742553711,0.00839245319366455,0.008502483367919922,0.0,0.012940945392074873,0.9870590428466556,-0.0035322904586791992,-0.003356382433129136,0,1.0489921569824219,-0.00010909616167875669,1.0475521326065063,0.0012654103949194528,1.0412855684757232,0.007291129079138647,1.0385051131248475,0.009988013258207085,1.0532160711288452,-0.004119150175262987,,,1.0485300299801747,0.00033159373055990926,1.04583639136272,0.0029080309564284423,1.0429017065595096,0.00573017511313223,1.0441902907528857,0.0044890526684928655,0.0029346848032103523,0.0019027275356236781,0.0010319572675866742,0,21.6068516387181,17.883661395770176,20.778240548637015,-2.8945791528668394,1,1,0,0,0,59.251457194420944,0,0,83.1017368712252,84.2165984309776,-1.1148615597523985,53.09403796488839,-16.898262704897927,0.0,0.6503026387315369,0.9313983593788544,0.5726910214091108,0.00805386843845702,0.007678558057185625,1.056466913892181,1.0261042230592654,1.0412855684757232,0.029158851086782865,0.7500485729510707,0,0.0810169950889392,0.07001751244762003,0.08581212464329933,0.07608852694304881,1.059838348021938,1.02762287426811,0.6597711985483505,0.0,0.0,0.0,0.0,0.0,0.0,10488777159.644531,3,27,2,1,9,0,0,0,-0.587785252292473,-0.8090169943749475,0.8660254037844386,0.5000000000000001,0.005980862832362414,1.0524100065231323,61.481330169125876,-0.001287627798320897,1.0461344718933105,58.81859722382696,-0.0024541613434621305,1.0474823713302612,63.806150071343154,-0.002619032156404236,1.0421009063720703,51.80381712732627,0.0026050744738818675,1.039198637008667,48.0438936088528,-0.0015342817485930794,1.0429050922393799,63.18249953406836,0.0005612310031515336,0.004454346940285753,0.24300563824551621,-0.9701981535564043,-0.0071612243912707796,0.0076049269657811865,0.4,0.0006207147546266536,0.0052723558646184015,-0.13137789259571006,1.9341262049297527,-0.01448189426502745,0.013846491055078888,0.4666666666666667,-0.00011194153713394605,0.004793126664679639,-0.15952874525090396,1.8418339666450225,-0.01448189426502745,0.013846491055078888,0.42857142857142855
1.039511799812317,1.0421009063720703,1.038184404373169,1.039511799812317,0,-0.008969571024957386,0.0018000872765831179,3,0.0,0.0,0.002589106559753418,0.0013273954391479492,0.003916501998901367,0.0,0.6610762599820126,0.3389237144849998,-0.00936591625213623,-0.008929464424495173,0,1.0468832731246949,-0.007041351792422601,1.0468865752220153,-0.007044483789879541,1.0412747621536256,-0.0016930809285083948,1.038594844341278,0.0008828807267304839,1.052667875289917,-0.01249784085291572,,,1.0455239532575555,-0.005750373796727937,1.0448633772780425,-0.005121796477501883,1.0426506023560138,-0.0030104069726745175,1.0440068205199224,-0.004305547357378758,0.0022127749220286486,0.0019647370129046724,0.0002480379091239762,0,20.983319759387097,14.850268630027134,20.903513581564088,-6.0532449515369535,1,1,0,0,0,57.24211092540089,0,0,43.40178453776083,74.85927346466174,-31.457488926900908,-16.09927168420288,-56.5982150383623,0.0,-1.0041766428147358,-0.636186332368871,-0.2889885230174305,0.00840579420550064,0.008086290320330824,1.056461082878852,1.026088441428399,1.0412747621536256,0.029168709884716395,0.4419555790568902,0,0.08505693891484396,0.07765961259710691,0.09159854882476844,0.07806859370933303,1.0601404080005294,1.0265172311785267,0.3864765267105581,0.0,0.0,0.0,0.0,0.0,0.0,10395117997.123169,4,28,2,1,9,0,1,0,-0.9510565162951536,0.30901699437494723,0.8660254037844386,0.5000000000000001,-0.0033620277203350937,1.0488777160644531,59.251457194420944,0.005980862832362414,1.0524100065231323,61.481330169125876,-0.001287627798320897,1.0461344718933105,58.81859722382696,0.0076049269657811865,1.0500562191009521,71.500214273716,0.0066834911027321,1.0461673736572266,49.53245370414254,-0.0003649282085413558,1.0425245761871338,65.18058953740797,6.0263839081399484e-05,0.005076437975924919,-0.03329735297032353,-0.8549703686117818,-0.008969571024957386,0.0076049269657811865,0.4,0.00030010257063095124,0.00555543654890566,-0.11665285867802923,1.260262130941536,-0.01448189426502745,0.013846491055078888,0.43333333333333335,-0.00022734361728498696,0.004917859146653255,-0.17174524270058258,1.5202221712427468,-0.01448189426502745,0.013846491055078888,0.42857142857142855
1.0413846969604492,1.050023078918457,1.039047360420227,1.0413846969604492,0,0.0018000872765831179,0.006812887153838506,4,0.0,0.0,0.008638381958007812,0.002337336540222168,0.01097571849822998,0.0,0.7870447734876236,0.21295521740135565,0.0018728971481323242,0.0018017084060905355,0,1.0456637382507323,-0.004092177277785547,1.0461328744888305,-0.004538790189771547,1.0421050369739533,-0.0006912356124164631,1.038692638874054,0.002591775358160131,1.0521478617191315,-0.010229707486239747,,,1.0441442011585202,-0.0026428383117437226,1.0443281956907204,-0.002818557271684674,1.042556831585972,-0.0011242885662426927,1.043903992145041,-0.002413340022940025,0.0017713641047485407,0.0019260624312734463,-0.00015469832652490563,1,20.426520229490524,24.440155172332126,17.406801824803654,7.033353347528472,1,1,0,0,0,59.59787816203686,0,0,45.446717171761605,57.31674619358254,-11.870029021820933,15.928390106587436,-54.553282353019696,0.0,-0.5821266817185866,-0.7185481338603195,0.15934656214779963,0.008748450777864552,0.008400786762623928,1.0551602799955835,1.029049793952323,1.0421050369739533,0.025055522345975807,0.47241184788549,1,0.08895688108217926,0.07678937685096911,0.09134391274867223,0.07775619896083223,1.0606405666091545,1.0256467634976962,0.4497348678465391,0.0,0.0,0.0,0.0,0.0,0.0,10413846968.604492,0,3,3,1,10,0,0,0,0.0,1.0,1.0,6.123233995736766e-17,-0.008969571024957386,1.039511799812317,57.24211092540089,-0.0033620277203350937,1.0488777160644531,59.251457194420944,0.005980862832362414,1.0524100065231323,61.481330169125876,-0.0024541613434621305,1.0474823713302612,63.806150071343154,0.002629322305061365,1.0489217042922974,53.46381199404135,-0.0026861791364861222,1.0397279262542725,69.33719576300454,0.000657684616938326,0.004677503415842954,-0.17972418673145896,-0.37700230357371495,-0.008969571024957386,0.0076049269657811865,0.4666666666666667,0.0004396774826402738,0.005538167009976791,-0.19381800114534015,1.3334983433503658,-0.01448189426502745,0.013846491055078888,0.4666666666666667,-0.0001326260800666499,0.004898180127238596,-0.2238956072447825,1.6048271357190333,-0.01448189426502745,0.013846491055078888,0.4444444444444444
1.0485037565231323,1.0559550523757935,1.0471752882003784,1.0485037565231323,0,0.006812887153838506,0.013448043458163524,4,0.0,0.0,0.007451295852661133,0.0013284683227539062,0.008779764175415039,0.0,0.8486897391455187,0.15131024946465396,0.0071190595626831055,0.006836147662605672,0,1.0461375951766967,0.002261806914424014,1.04612957239151,0.0022694932769826703,1.0428933322429657,0.005379672116190726,1.0387965607643128,0.009344655175545391,1.0517075192928313,-0.00304624889584193,,,1.0455973862800576,0.002779626442197536,1.0449705896649377,0.0033811159785743783,1.0429973445442802,0.005279411215308727,1.044084375061829,0.004232781819590414,0.001973245120657552,0.0019354989691502675,3.7746151507284326e-05,1,22.157331444318523,27.759181504606342,13.856409513275027,13.902771991331315,1,1,0,0,0,60.12710896038538,0,0,58.67125945202015,49.1732537205142,9.498005731505955,98.91281478308613,-41.32873999332813,0.0,0.2264799309723342,-0.0031492432038926488,2.3150895291800477,0.00952470472952851,0.0090840921354486,1.055461950322452,1.0303247141634793,1.0428933322429657,0.024103362615713955,0.7231917690698403,1,0.10534723263549908,0.0856625847747999,0.0772867343880864,0.07896456275115074,1.0627035594143592,1.0246047404962453,0.6272902059122709,0.0,0.0,0.0,0.0,0.0,0.0,10485037564.231323,1,4,3,1,10,0,0,0,0.9510565162951535,0.30901699437494745,1.0,6.123233995736766e-17,0.0018000872765831179,1.0413846969604492,59.59787816203686,-0.008969571024957386,1.039511799812317,57.24211092540089,-0.0033620277203350937,1.0488777160644531,59.251457194420944,-0.001287627798320897,1.0461344718933105,58.81859722382696,-0.0003670411630294712,1.048536777496338,54.50405836324131,-0.01448189426502745,1.024779200553894,48.33342306166104,0.0011771498022023115,0.004909657820269279,-0.3576709092402494,-0.6061189660933786,-0.008969571024957386,0.0076049269657811865,0.5333333333333333,0.0002052240192655944,0.005081045302561349,-0.7083503042187138,1.1381183358738494,-0.01448189426502745,0.007736208334642574,0.4666666666666667,-3.8992651690998436e-05,0.004974299891107124,-0.2269117868129251,1.4037291703581536,-0.01448189426502745,0.013846491055078888,0.4444444444444444
1.062699317932129,1.0785857439041138,1.0602879524230957,1.062699317932129,0,0.013448043458163524,0.01568010434631488,4,0.0,0.0,0.015886425971984863,0.002411365509033203,0.018297791481018066,0.0,0.8682154839092862,0.1317845106255734,0.014195561408996582,0.013538875105908605,0,1.0481954574584962,0.013836980754921235,1.0479161262512207,0.014107227867923289,1.0441643059253694,0.017751049140257935,1.0392388939857482,0.022574620695869463,1.0514253425598143,0.010722563756923043,,,1.0512980301640815,0.01084496245577804,1.0476980863214287,0.014318277092534526,1.0444567499804172,0.017466082583416753,1.0448143728214485,0.017117820614078516,0.003241336341011536,0.0021966664435225216,0.0010446698974890143,0,27.809387451418782,43.28236799482066,9.325300722460415,33.95706727236025,1,1,0,0,0,66.60070199243799,0,0,60.678467058015855,54.93214789393253,5.746319164083324,259.6417262726727,-39.32153269446759,0.0,0.9776903816212767,1.7098928987993922,2.9011686514722523,0.012265675749722236,0.011542000207956662,1.0592347831787365,1.0290938286720022,1.0441643059253694,0.02886610309584942,1.1149444235790158,0,0.13823810339599166,0.10604978999486034,0.08556520502065813,0.08344519725419847,1.0699993269763493,1.0209366239774602,0.8512106206315884,0.0,0.0,0.0,0.0,0.0,0.0,10626993178.32129,2,5,3,1,10,0,0,0,0.5877852522924732,-0.8090169943749473,1.0,6.123233995736766e-17,0.006812887153838506,1.0485037565231323,60.12710896038538,0.0018000872765831179,1.0413846969604492,59.59787816203686,-0.008969571024957386,1.039511799812317,57.24211092540089,0.005980862832362414,1.0524100065231323,61.481330169125876,-0.0035378371130214345,1.044833779335022,51.75363680874772,0.007736208334642574,1.0327378511428833,51.82806519922467,0.0016644931499248954,0.0057313029017872375,0.23550079609782706,0.007958552609368442,-0.008969571024957386,0.013448043458163524,0.5333333333333333,0.0007006989799437326,0.005614242940292827,-0.3237542516509403,1.0517152456944272,-0.01448189426502745,0.013448043458163524,0.5,0.0001694626511023543,0.005256553334222356,-0.033864944811116404,1.2668665605165377,-0.01448189426502745,0.013846491055078888,0.4444444444444444
1.0794938802719116,1.0851047039031982,1.0782485008239746,1.0794938802719116,0,0.01568010434631488,-0.000647444013491739,2,0.0,0.0,0.005610823631286621,0.0012453794479370117,0.006856203079223633,0.0,0.8183572575983618,0.18164272781630622,0.016794562339782715,0.01580368224088289,0,1.0543186902999877,0.02387815951775729,1.0516554236412048,0.02647108159407674,1.0461347579956055,0.031887978024010444,1.0400236129760743,0.03795131831583731,1.0513361644744874,0.026782789983088362,,,1.0606966468666916,0.01772159208664892,1.0525897469291952,0.02555994234092629,1.0470520929649723,0.03098392851875631,1.0461743535057804,0.031848923223257275,0.0055376539642228995,0.0028648639476625973,0.002672790016560302,0,33.3437006739487,40.17010840456682,7.279552162177068,32.89055624238975,1,1,0,0,0,70.67195587332083,1,0,88.0417990176353,69.13050850922377,18.911290508411525,318.09305515589716,-11.958200769237324,0.0,2.918945053226496,3.5882296686623016,4.069686326257571,0.013617637112568515,0.012614834933456883,1.0678152112190062,1.0244543047722048,1.0461347579956055,0.04144868155010555,1.269336365011189,0,0.15700202542705347,0.12354646245954332,0.09855275482084916,0.08808282070102165,1.0759438120634708,1.021473263613197,1.065174084031195,0.0,0.0,0.0,0.0,0.0,0.0,10794938801.719116,3,6,3,1,10,0,0,0,-0.587785252292473,-0.8090169943749475,1.0,6.123233995736766e-17,0.013448043458163524,1.062699317932129,66.60070199243799,0.006812887153838506,1.0485037565231323,60.12710896038538,0.0018000872765831179,1.0413846969604492,59.59787816203686,-0.0033620277203350937,1.0488777160644531,59.251457194420944,-0.002619032156404236,1.0421009063720703,51.80381712732627,0.004388368698745603,1.0372798442840576,56.50704329300939,0.0025361618080870963,0.006782462845801814,0.4216513694795357,-0.28148980161119963,-0.008969571024957386,0.01568010434631488,0.5333333333333333,0.0012098386417820396,0.00624386866526633,0.012083181705978992,0.8831124645322486,-0.01448189426502745,0.01568010434631488,0.5,0.00031084516497305596,0.005548696151237983,0.22802511451984236,1.4276285803781783,-0.01448189426502745,0.01568010434631488,0.4444444444444444
1.0787951946258545,1.088565707206726,1.0782135725021362,1.0787951946258545,0,-0.000647444013491739,0.00671099553549719,4,0.0,0.0,0.009770512580871582,0.0005816221237182617,0.010352134704589844,0.0,0.9438162046092767,0.056183785730880065,-0.0006986856460571289,-0.0006472344667821691,0,1.0621753692626954,0.015646969175279413,1.054529321193695,0.023011093994418363,1.0481458902359009,0.02924144870723233,1.0408004140853881,0.03650534715649978,1.0512616348266601,0.026190967866068116,,,1.066729496119746,0.011310926011577127,1.0566213542671428,0.020985606780579147,1.0494034338287412,0.028008066056232295,1.0474536021771559,0.029921699902088372,0.007217920438401526,0.003735475245810383,0.003482445192591143,0,38.45156689092843,39.46465355609338,6.517325377551306,32.94732817854207,1,1,0,0,0,69.01501519775418,0,0,80.60686780221437,76.44237795928852,4.164489842925846,252.28237335012105,-19.393131999299296,0.0,3.779023462805342,2.7368987490506314,3.721845979490346,0.013182236791504693,0.012219406293197838,1.073943988156381,1.0223477923154207,1.0481458902359009,0.04922615860700957,1.0940225588534573,0,0.11269846381597319,0.12286001902005934,0.09889173232727093,0.08799023656616566,1.0779384073058689,1.0252094601398503,1.0162488967523495,0.0,0.0,0.0,0.0,0.0,0.0,10787951945.258545,4,7,3,1,10,0,0,0,-0.9510565162951536,0.30901699437494723,1.0,6.123233995736766e-17,0.01568010434631488,1.0794938802719116,70.67195587332083,0.013448043458163524,1.062699317932129,66.60070199243799,0.006812887153838506,1.0485037565231323,60.12710896038538,-0.008969571024957386,1.039511799812317,57.24211092540089,0.0076049269657811865,1.0500562191009521,71.500214273716,0.0027005333349387236,1.0400848388671875,58.01304951956037,0.00204743280033884,0.0067261610610537485,0.6562614143095031,0.0319300820116436,-0.008969571024957386,0.01568010434631488,0.4666666666666667,0.001169512940875924,0.00625209599075881,0.031840310837063526,0.8619027637583977,-0.01448189426502745,0.01568010434631488,0.4666666666666667,0.00033078488921915717,0.005542863898948006,0.21857586676377283,1.4430517250079846,-0.01448189426502745,0.01568010434631488,0.4444444444444444
1.086059331893921,1.0873465538024902,1.0806254148483276,1.086059331893921,0,0.00671099553549719,-0.001952945686590632,1,0.0,0.0,0.001287221908569336,0.005433917045593262,0.006721138954162598,0.0,0.19151841647616588,0.8084815686454038,0.007264137268066406,0.006733564724407567,0,1.0711102962493897,0.01395657907078407,1.0583870172500611,0.02614574261610314,1.0508907735347748,0.033465474377995186,1.041675238609314,0.04260837882601587,1.0512926852703095,0.03307037802832724,,,1.0731727747111377,0.012007905330109647,1.0611502739020318,0.02347363846776096,1.052118685537273,0.03225933225973443,1.0489675523621271,0.035360273389517305,0.009031588364758703,0.004794697869600047,0.0042368904951586555,0,42.87838427897546,35.88346597671496,5.9259160380601985,29.95754993865476,1,1,0,0,0,71.9605877816446,1,0,95.0251873872524,87.8912847357007,7.133902651551708,203.531762897832,-4.974812414261266,0.0,4.2899261976737435,3.682826710932474,4.5723124573441964,0.0125647864428555,0.011569152874721425,1.0804830958449827,1.0212984512245669,1.0508907735347748,0.05631855003894514,1.0942176129514665,0,0.10217517090782749,0.12068952139527966,0.0996105848208256,0.08886526649660324,1.0799878302439099,1.0297286844724878,1.1208039142874362,0.0,0.0,0.0,0.0,0.0,0.0,10860593317.939209,0,10,3,1,11,0,0,0,0.0,1.0,1.0,6.123233995736766e-17,-0.000647444013491739,1.0787951946258545,69.01501519775418,0.01568010434631488,1.0794938802719116,70.67195587332083,0.013448043458163524,1.062699317932129,66.60070199243799,0.0018000872765831179,1.0413846969604492,59.59787816203686,-0.0024541613434621305,1.0474823713302612,63.806150071343154,-0.0014550635639053737,1.0385725498199463,58.91428783206556,0.0023195443490345623,0.006833096705606299,0.5141550737129594,-0.30049518225006194,-0.008969571024957386,0.01568010434631488,0.4666666666666667,0.0012285820742331806,0.0062971458706619155,0.01826323383020986,0.7615776711123525,-0.01448189426502745,0.01568010434631488,0.4666666666666667,0.000452728944217998,0.005597985603368863,0.16955004444978433,1.275803403852113,-0.01448189426502745,0.01568010434631488,0.4603174603174603
1.0839403867721558,1.0930275917053223,1.0836819410324097,1.0839403867721558,0,-0.001952945686590632,0.006874012208263975,4,0.0,0.0,0.009087204933166504,0.00025844573974609375,0.009345650672912598,0.0,0.9723458701779044,0.02765411912193124,-0.0021189451217651367,-0.0019510399287992098,0,1.0781976222991942,0.005326263250500229,1.0621676087379455,0.020498438996864765,1.0535801649093628,0.028816242722757845,1.0424952912330627,0.03975566679643827,1.0512634694576264,0.031083470662478074,,,1.076761978731477,0.006666661789515249,1.06465644511282,0.018112830337002173,1.054475848591709,0.02794235459921013,1.0503390360644813,0.03199095668230734,0.01018059652111103,0.0058718775999022435,0.004308718921208786,0,47.25409507705782,38.44068115665056,5.317439755313547,33.12324140133701,1,1,0,0,0,73.32007202376766,1,0,83.43056729806538,86.35420749584405,-2.923640197778667,166.98319252069194,-16.569432519596557,0.0,3.379733265480356,3.613867614019406,5.118374993974006,0.012135568340196447,0.011195789443010914,1.084959501720959,1.0222008280977666,1.0535801649093628,0.05956706068269111,0.9837613673402625,0,0.12675355617428405,0.12149007039131335,0.09501818644435936,0.08884754333705833,1.0818991206494448,1.033356847288659,1.042051306566017,0.0,0.0,0.0,0.0,0.0,0.0,10839403866.721558,1,11,3,1,11,0,0,0,0.9510565162951535,0.30901699437494745,1.0,6.123233995736766e-17,0.00671099553549719,1.086059331893921,71.9605877816446,-0.000647444013491739,1.0787951946258545,69.01501519775418,0.01568010434631488,1.0794938802719116,70.67195587332083,0.006812887153838506,1.0485037565231323,60.12710896038538,-0.001287627798320897,1.0461344718933105,58.81859722382696,-0.0071612243912707796,1.0311616659164429,39.872838013091,0.002213817380797151,0.006889669828021211,0.5399494908420297,-0.3573025792836273,-0.008969571024957386,0.01568010434631488,0.4666666666666667,0.0012352816367436454,0.0062935289823001575,0.015835998927275226,0.7701532987012771,-0.01448189426502745,0.01568010434631488,0.4666666666666667,0.00045520394862953907,0.005596869149259288,0.1685556420717693,1.2788440084281996,-0.01448189426502745,0.01568010434631488,0.4603174603174603
1.0914170742034912,1.093457818031311,1.087725043296814,1.0914170742034912,0,0.006874012208263975,-0.002561529979828587,1,0.0,0.0,0.0020407438278198242,0.003692030906677246,0.00573277473449707,0.0,0.355978367672774,0.6440216148836664,0.007476687431335449,0.006897692457894624,0,1.0839411735534668,0.006896961506523969,1.0660683155059814,0.023777799439711256,1.0563262701034546,0.03321966421726685,1.0435113286972046,0.045908217845133326,1.0513598120212555,0.038100431099239884,,,1.0816470105554818,0.009032580362875242,1.0687734649729232,0.02118653753162092,1.0572122356740632,0.03235380491447315,1.051949939520913,0.03751807295773091,0.011561229298860054,0.007009747939693806,0.004551481359166248,0,51.08627087029352,34.78865707537474,4.744938009059681,30.043719066315063,1,1,0,0,0,77.83351465760876,1,0,96.30791045990132,91.58788838173969,4.720022078161634,150.12084816511071,-3.692089359179866,0.0,2.702340707928874,3.7064516147301996,5.947130293584046,0.011786483396057625,0.01079924776106274,1.0908639814684813,1.0217885587384279,1.0563262701034546,0.06539212805599266,1.0080070828718732,0,0.11230215069091873,0.12207177234086572,0.09541670203538749,0.08955790716035981,1.0844189593549232,1.0372730257706928,1.1484351714283434,0.0,0.0,0.0,0.0,0.0,0.0,10914170741.034912,2,12,3,1,11,0,0,0,0.5877852522924732,-0.8090169943749473,1.0,6.123233995736766e-17,-0.001952945686590632,1.0839403867721558,73.32007202376766,0.00671099553549719,1.086059331893921,71.9605877816446,-0.000647444013491739,1.0787951946258545,69.01501519775418,0.013448043458163524,1.062699317932129,66.60070199243799,0.005980862832362414,1.0524100065231323,61.481330169125876,-0.0009790906251212763,1.0301525592803955,40.220630693375135,0.002907940668882845,0.006792614077467751,0.2850313850378921,-0.4421379386639425,-0.008969571024957386,0.01568010434631488,0.5333333333333333,0.001515558101972214,0.006352883837918453,-0.09761128361162817,0.6489892504208472,-0.01448189426502745,0.01568010434631488,0.5,0.0006037228851458516,0.005641617863945782,0.1098777152690075,1.1515099425896864,-0.01448189426502745,0.01568010434631488,0.47619047619047616
1.0886249542236328,1.0899182558059692,1.082297921180725,1.0886249542236328,0,-0.002561529979828587,-0.0028155966319873735,1,0.0,0.0,0.0012933015823364258,0.006327033042907715,0.007620334625244141,0.0,0.16971716190524572,0.8302828249719713,-0.0027921199798583984,-0.002558252061101613,0,1.085767388343811,0.0026318397570563867,1.0700430393218994,0.017365577006858146,1.058797585964203,0.02817098239740523,1.0445801067352294,0.042165121755809,1.0514487910270691,0.03535708387349401,,,1.0839729917781988,0.004291585104323925,1.0718275402422632,0.01567175058405912,1.0595391037147721,0.027451417606145778,1.0533881753916081,0.033450896404433106,0.01228843652749112,0.00806548565725327,0.00422295087023785,0,50.84163879171507,31.08822203970948,10.570609841161072,20.517612198548406,1,1,0,0,0,73.11494120325669,1,0,91.25644034069397,90.33163936622022,0.9248009744737544,112.22686702345719,-8.743559478387228,0.0,0.8458662080994106,3.7895016311641383,5.029448805313552,0.011430839346285424,0.010500254748787612,1.0951981507194506,1.0223970212089553,1.058797585964203,0.06875830703497736,0.9097102389621416,0,0.07483548388144416,0.12084620774840994,0.09628085504722611,0.08946940904505553,1.0863532866516479,1.0406299292665062,1.0496828666338236,0.0,0.0,0.0,0.0,0.0,0.0,10886249541.236328,3,13,3,1,11,0,0,0,-0.587785252292473,-0.8090169943749475,1.0,6.123233995736766e-17,0.006874012208263975,1.0914170742034912,77.83351465760876,-0.001952945686590632,1.0839403867721558,73.32007202376766,0.00671099553549719,1.086059331893921,71.9605877816446,0.01568010434631488,1.0794938802719116,70.67195587332083,-0.0033620277203350937,1.0488777160644531,59.251457194420944,0.006137893242324767,1.0364949703216553,46.18817295199408,0.002911774147321222,0.006789287487379779,0.28486946898974735,-0.43845051013042646,-0.008969571024957386,0.01568010434631488,0.5333333333333333,0.0014423380429293064,0.006387866844410973,-0.06783492855671744,0.5645608016907203,-0.01448189426502745,0.01568010434631488,0.5,0.0006126847624862572,0.005636043006693566,0.10715474456306248,1.1661734785303974,-0.01448189426502745,0.01568010434631488,0.47619047619047616
1.085564136505127,1.0910122394561768,1.0831302404403687,1.085564136505127,0,-0.0028155966319873735,0.002358530074516342,3,0.0,0.0,0.005448102951049805,0.0024338960647583008,0.007881999015808105,0.0,0.6912082672177813,0.3087917200950821,-0.0030608177185058594,-0.0028116365570616175,0,1.0871211767196656,-0.0014322601267815482,1.0746482729911804,0.010157614995786046,1.0607674241065979,0.023376200788854273,1.0457549786567688,0.03806738534076559,1.0515239238739014,0.03237226634138901,,,1.0845033733538416,0.000978109499011559,1.0739408627442422,0.010823010896616303,1.0614668839214652,0.02270184105260742,1.0546499777882168,0.02931224507187813,0.01247397882277701,0.00894718429035802,0.0035267945324189906,0,50.86061231146028,29.437760602952064,9.5567981109349,19.880962492017165,1,1,0,0,0,72.69064602399573,1,0,85.71884548198129,91.09439876085885,-5.375553278877561,95.96156530995242,-14.2811543370999,0.0,0.6274538404502206,4.430188931104473,4.461658998122142,0.010957660635555115,0.010093978113373281,1.0985286573956554,1.0230061908175403,1.0607674241065979,0.07119606508901066,0.8283355727007085,0,0.0804634311140207,0.10576028291685322,0.09790784562985863,0.08954188069720193,1.0875090748060017,1.043678432263781,0.9556260578529316,0.0,0.0,0.0,0.0,0.0,0.0,10855641364.05127,4,14,3,1,11,0,0,0,-0.9510565162951536,0.30901699437494723,1.0,6.123233995736766e-17,-0.002561529979828587,1.0886249542236328,73.11494120325669,0.006874012208263975,1.0914170742034912,77.83351465760876,-0.001952945686590632,1.0839403867721558,73.32007202376766,-0.000647444013491739,1.0787951946258545,69.01501519775418,-0.008969571024957386,1.039511799812317,57.24211092540089,0.0026050744738818675,1.039198637008667,48.0438936088528,0.002217072574136651,0.006807872977755583,0.5610101075282234,-0.23542272389573418,-0.008969571024957386,0.01568010434631488,0.4666666666666667,0.0014380241264125978,0.006390794125644197,-0.06653842342498346,0.5581779691139911,-0.01448189426502745,0.01568010434631488,0.5,0.0005135351061942169,0.00564060829166217,0.15554548419583805,1.1631552492213346,-0.01448189426502745,0.01568010434631488,0.4603174603174603
1.0881274938583374,1.0928961038589478,1.0869210958480835,1.0881274938583374,0,0.002358530074516342,0.0034771243239103676,3,0.0,0.0,0.0047686100006103516,0.0012063980102539062,0.005975008010864258,0.0,0.7980926405672434,0.20190734269637775,0.0025633573532104492,0.0023613135942633563,0,1.0875348091125487,0.0005449799314634074,1.0793225526809693,0.008157840355212942,1.0627277135848998,0.023900553120390855,1.0469068336486815,0.03937376161931838,1.0515810477733611,0.03475380814335227,,,1.085711413522007,0.0022253429465848296,1.07612342137718,0.011154921583882649,1.063441743916789,0.023213072065712215,1.0559628215556724,0.030460042288452005,0.012681677460391061,0.009694082924364628,0.002987594536026433,0,51.29219156255607,29.088328401367413,8.664829924891771,20.423498476475643,1,1,0,0,0,74.66388908855633,1,0,90.3564409893383,89.11057560400451,1.2458653853337864,93.48462954513715,-9.64355882974289,0.0,0.1904280828571192,4.48852350474509,4.010841979751789,0.010474234864657208,0.009625926118780938,1.1019423017801964,1.0235131253896033,1.0627277135848998,0.0737998787277768,0.8238562657416666,0,0.06659438668297381,0.1054221361884145,0.09648069027052006,0.08961737008626519,1.0886882937712008,1.0467913543125718,0.9866147738051694,0.0,0.0,0.0,0.0,0.0,0.0,10881274937.583374,0,17,3,1,12,0,0,0,0.0,1.0,1.0,6.123233995736766e-17,-0.0028155966319873735,1.085564136505127,72.69064602399573,-0.002561529979828587,1.0886249542236328,73.11494120325669,0.006874012208263975,1.0914170742034912,77.83351465760876,0.00671099553549719,1.086059331893921,71.9605877816446,0.0018000872765831179,1.0413846969604492,59.59787816203686,0.0066834911027321,1.0461673736572266,49.53245370414254,0.0025379186686685495,0.006684285053143081,0.4545458134633074,-0.1305839933779221,-0.008969571024957386,0.01568010434631488,0.5333333333333333,0.001999371604397391,0.005639685235206164,0.41335361520345715,0.13042399454824322,-0.008969571024957386,0.01568010434631488,0.5333333333333333,0.0005399575759882819,0.0056453636761880175,0.14123204636737113,1.1458755961857472,-0.01448189426502745,0.01568010434631488,0.4603174603174603
1.091917634010315,1.095446228981018,1.0897043943405151,1.091917634010315,0,0.0034771243239103676,0.0018579471337151732,3,0.0,0.0,0.003528594970703125,0.0022132396697998047,0.00574183464050293,0.0,0.6145413670324573,0.38545861555150684,0.003790140151977539,0.0034831765331008696,0,1.0891302585601808,0.0025592672024035146,1.0836639404296875,0.007616469619348143,1.0648967564105987,0.025374175791704978,1.0479724407196045,0.04193353897392704,1.0517036533355713,0.038236988569334995,,,1.0877801536847764,0.003803599662250523,1.0785533002438161,0.012390981198832307,1.0655510691089018,0.024744534131985185,1.0573728142009526,0.032670425456512664,0.013002231134914277,0.010355712566474558,0.0026465185684397194,0,52.218642348564984,29.64697605757845,7.82378835777252,21.823187699805928,1,1,0,0,0,73.90195438495331,1,0,93.83778793514513,89.9710248021549,3.8667631329902292,93.06281947407612,-6.16221189021845,0.0,0.7359488893955213,4.140555264307699,4.099059971976349,0.010053501565727003,0.009207197733296531,1.1055779236726904,1.024215589148507,1.0648967564105987,0.07640396501045556,0.8321054843684984,0,0.06575998989581237,0.10460289198908236,0.09660908615699461,0.08964099337478626,1.0901494757417622,1.049935469478854,1.0439687145965038,0.0,0.0,0.0,0.0,0.0,0.0,10919176339.10315,1,18,3,1,12,0,0,0,0.9510565162951535,0.30901699437494745,1.0,6.123233995736766e-17,0.002358530074516342,1.0881274938583374,74.66388908855633,-0.0028155966319873735,1.085564136505127,72.69064602399573,-0.002561529979828587,1.0886249542236328,73.11494120325669,-0.001952945686590632,1.0839403867721558,73.32007202376766,0.006812887153838506,1.0485037565231323,60.12710896038538,0.002629322305061365,1.0489217042922974,53.46381199404135,0.002855568810150634,0.006602213431382566,0.3212980114322937,-0.06241941447349174,-0.008969571024957386,0.01568010434631488,0.6,0.001857402137372984,0.0055430703385254895,0.4774324362984548,0.3814479465955585,-0.008969571024957386,0.01568010434631488,0.5333333333333333,0.0006288367326203601,0.005646851803487452,0.09643908555521634,1.1336569094095512,-0.01448189426502745,0.01568010434631488,0.47619047619047616
1.093948245048523,1.0945708751678467,1.0875948667526245,1.093948245048523,0,0.0018579471337151732,-0.002523804174013747,1,0.0,0.0,0.0006226301193237305,0.0063533782958984375,0.006976008415222168,0.0,0.0892530618282798,0.9107469238368754,0.002030611038208008,0.0018596741867462669,0,1.089636492729187,0.003957055630672501,1.086788833141327,0.006587675165784734,1.067352479696274,0.024917509216191958,1.0491603231430053,0.0426893019239194,1.0518263614177703,0.04004642312821605,,,1.0898361841393587,0.0037730999104550467,1.080921753290694,0.012051280878534243,1.0676545636229477,0.024627517381547337,1.058807144822426,0.03318933036541938,0.013267189667746315,0.01093800798672891,0.0023291816810174053,0,51.348056823019675,26.787369052736246,9.985926006372196,16.80144304636405,1,1,0,0,0,77.77211217389691,1,0,97.38397433169854,93.85940108539398,3.5245732463045556,83.25602795861145,-2.6160254936650356,0.0,0.2319160021276856,2.9405238705902503,4.330937028324078,0.009643169145659693,0.008815014045157558,1.1088555598924486,1.0258493995000992,1.067352479696274,0.07776827427073832,0.8204071257421959,0,0.04663488562915772,0.09072904639142435,0.09625425605953954,0.0846670602138728,1.0916055511338383,1.0530328745511996,1.0607345410317117,0.0,0.0,0.0,0.0,0.0,0.0,10939482449.48523,2,19,3,1,12,0,0,0,0.5877852522924732,-0.8090169943749473,1.0,6.123233995736766e-17,0.0034771243239103676,1.091917634010315,73.90195438495331,0.002358530074516342,1.0881274938583374,74.66388908855633,-0.0028155966319873735,1.085564136505127,72.69064602399573,0.006874012208263975,1.0914170742034912,77.83351465760876,0.013448043458163524,1.062699317932129,66.60070199243799,-0.0003670411630294712,1.048536777496338,54.50405836324131,0.0025807077635741507,0.006548411301712485,0.4654167284153452,0.14318977126512047,-0.008969571024957386,0.01568010434631488,0.6,0.0017730547518719699,0.005522443264491818,0.5283432485746445,0.47078752973116555,-0.008969571024957386,0.01568010434631488,0.5333333333333333,0.0008788505232199396,0.00533352346582949,0.30553903405109817,1.180624063718719,-0.01448189426502745,0.01568010434631488,0.49206349206349204
1.0911908149719238,1.0917507410049438,1.0818296670913696,1.0911908149719238,0,-0.002523804174013747,-0.005072068371072948,0,0.0,0.0,0.0005599260330200195,0.0093611478805542,0.009921073913574219,0.0,0.05643804614842276,0.9435619437720234,-0.002757430076599121,-0.0025206220576045177,0,1.0901496648788451,0.0009550523442107828,1.087958526611328,0.002970966430463351,1.0698069751262664,0.019988502824198395,1.050354735851288,0.03887836901468478,1.051917632818222,0.03733484526231434,,,1.0902877277502139,0.0008283016479426752,1.0825016089339603,0.00802696814992987,1.069397989648798,0.02037859191061786,1.060077092671426,0.02935043348513,0.013103619285162349,0.011371130246415598,0.0017324890387467509,0,46.70700924173698,22.447417320335404,16.07562850827473,6.371788812060675,1,1,0,0,0,84.66760870644191,1,0,92.45478817192544,94.55885014625636,-2.104061974330918,63.85719758008287,-7.545211650766036,0.0,0.23569740325499744,1.0835572960419038,4.4367856929745875,0.009973223653858842,0.009139761365386379,1.1108256749169396,1.0287882753355932,1.0698069751262664,0.07668430051504879,0.7606596488762143,0,0.04648124277490578,0.05960198862018614,0.09557837164841619,0.08493162857108208,1.0940629555911323,1.0541700609756968,0.9280037024212939,0.0,0.0,0.0,0.0,0.0,0.0,10911908148.719238,3,20,3,1,12,0,0,0,-0.587785252292473,-0.8090169943749475,1.0,6.123233995736766e-17,0.0018579471337151732,1.093948245048523,77.77211217389691,0.0034771243239103676,1.091917634010315,73.90195438495331,0.002358530074516342,1.0881274938583374,74.66388908855633,-0.002561529979828587,1.0886249542236328,73.11494120325669,0.01568010434631488,1.0794938802719116,70.67195587332083,-0.0035378371130214345,1.044833779335022,51.75363680874772,0.0026365893333289074,0.006497454248237925,0.4697780419866667,0.21010381614457813,-0.008969571024957386,0.01568010434631488,0.6,0.0015989101682402208,0.005574316097538623,0.5970882039346715,0.4244124625653676,-0.008969571024957386,0.01568010434631488,0.5,0.0008162665140504707,0.005350189705780744,0.33463515627907375,1.145606784767198,-0.01448189426502745,0.01568010434631488,0.47619047619047616
1.0856702327728271,1.086130142211914,1.0805671215057373,1.0856702327728271,0,-0.005072068371072948,-0.0019306529647782715,1,0.0,0.0,0.00045990943908691406,0.005103111267089844,0.005563020706176758,0.0,0.08267260812259868,0.9173273739015564,-0.00552058219909668,-0.005059227151515934,0,1.0901708841323852,-0.004128390809783,1.0886460304260255,-0.0027334851455440567,1.0715876758098601,0.013141768218834615,1.0514729380607606,0.03252322848354483,1.0519151568412781,0.032089161952662426,,,1.0887485627577518,-0.002827402202804863,1.082989089524555,0.002475688050746161,1.0706033409913185,0.014073271680761001,1.0610807452244222,0.023174002126376214,0.012385748533236596,0.011574053903779798,0.0008116946294567974,0,41.93699017162209,19.286706973878054,15.485460180220535,3.801246793657519,1,1,0,0,0,78.32182512942785,1,0,79.74765743148826,89.86213997837075,-10.114482546882485,44.70570850284716,-20.25234236134776,0.0,0.009773376268840117,0.6372885401437989,4.180912437015083,0.010059952962169199,0.009266122122137614,1.1120850257181045,1.0310903259016158,1.0715876758098601,0.07558382915118733,0.6738701041856704,0,0.05789223217943759,0.06688203478759504,0.09745317853104914,0.08492294869287731,1.0953367689210305,1.0550969570723536,0.7597768036159724,0.0,0.0,0.0,0.0,0.0,0.0,10856702326.728271,4,21,3,1,12,0,0,0,-0.9510565162951536,0.30901699437494723,1.0,6.123233995736766e-17,-0.002523804174013747,1.0911908149719238,84.66760870644191,0.0018579471337151732,1.093948245048523,77.77211217389691,0.0034771243239103676,1.091917634010315,73.90195438495331,-0.0028155966319873735,1.085564136505127,72.69064602399573,-0.000647444013491739,1.0787951946258545,69.01501519775418,-0.002619032156404236,1.0421009063720703,51.80381712732627,0.0028964228435878698,0.006063618129330318,0.838179536471388,0.08065593219169005,-0.005072068371072948,0.01568010434631488,0.6,0.0014783433413346348,0.005680748211483473,0.5782931623204195,0.28049184719606074,-0.008969571024957386,0.01568010434631488,0.5,0.0006317684421735233,0.0053496429248488355,0.39889942245329957,1.2008092032169284,-0.01448189426502745,0.01568010434631488,0.4603174603174603
1.0835762023925781,1.0856938362121582,1.079074501991272,1.0835762023925781,0,-0.0019306529647782715,-0.0029753684650426575,1,0.0,0.0,0.002117633819580078,0.004501700401306152,0.0066193342208862305,0.0,0.31991643221558247,0.6800835526771583,-0.0020940303802490234,-0.001928790452979393,0,1.0892606258392334,-0.005218607384944063,1.0883977174758912,-0.0044299203365215645,1.0733923673629762,0.00948752314465584,1.052655599117279,0.02937390272591589,1.0518647885322572,0.030147804264420097,,,1.0870244426360274,-0.003172182894774722,1.083079414581174,0.00045868078062438755,1.0715642936877081,0.011209694718746999,1.0619629200153302,0.02035220050329123,0.011515120893465847,0.01156226730171701,-4.7146408251163424e-05,1,36.891823064076256,17.513802064825775,16.13480254608953,1.3789995187362436,1,1,0,0,0,73.97044951170419,1,0,66.23831479588401,79.48025346643257,-13.241938670548564,35.72955815573361,-33.761684919687944,0.0,-0.4182682168631824,-0.22863663415262359,3.1922084438798404,0.009601203796664804,0.008860663213698224,1.1125618741496774,1.0342228605762749,1.0733923673629762,0.07298264450916608,0.6299969772667632,0,0.05490582981247734,0.05843674155913823,0.09607023305289578,0.08482753310267116,1.0952153981515347,1.0568105829648753,0.6969339450774642,0.0,0.0,0.0,0.0,0.0,0.0,10835762022.925781,0,24,3,1,13,0,0,0,0.0,1.0,1.0,6.123233995736766e-17,-0.005072068371072948,1.0856702327728271,78.32182512942785,-0.002523804174013747,1.0911908149719238,84.66760870644191,0.0018579471337151732,1.093948245048523,77.77211217389691,0.002358530074516342,1.0881274938583374,74.66388908855633,0.00671099553549719,1.086059331893921,71.9605877816446,0.0076049269657811865,1.0500562191009521,71.500214273716,0.002647706827497111,0.006187056314777184,0.8895568751287352,-0.0011040219453690998,-0.005072068371072948,0.01568010434631488,0.5333333333333333,0.0016526957222177186,0.0054832763602805515,0.6764481033532141,0.4691359754049852,-0.008969571024957386,0.01568010434631488,0.5,0.0006426359701064068,0.005343632307637313,0.3958465044572172,1.2154762054013668,-0.01448189426502745,0.01568010434631488,0.4603174603174603
1.0803569555282593,1.0830715894699097,1.0778650045394897,1.0803569555282593,0,-0.0029753684650426575,-0.0014897398063046796,1,0.0,0.0,0.0027146339416503906,0.0024919509887695312,0.005206584930419922,0.0,0.5213847321785601,0.47861524861499294,-0.0032192468643188477,-0.0029709464428191866,0,1.0869484901428224,-0.006064256746049268,1.0880393743515016,-0.007060791276156775,1.0751034915447235,0.004886472720406543,1.0537322306632995,0.025267068793818126,1.051793828010559,0.02715658397521792,,,1.084801946933438,-0.00409751431340466,1.0826605747268794,-0.002127739156834507,1.0722156019721933,0.007593019016260971,1.0626842547413275,0.016630246102188107,0.010444972754686033,0.011338808392310815,-0.0008938356376247819,0,32.18237557784558,16.045419435641396,16.557602118310804,-0.5121826826694083,1,1,0,0,0,64.19849744744602,0,0,14.173933009520098,53.386635078964126,-39.21270206944403,22.204920074811607,-85.8260664216913,0.0,-1.058750048719015,-0.3305930185485084,3.13843794394828,0.009082536337521282,0.008406977240443201,1.112194112994182,1.038012870095265,1.0751034915447235,0.06899916470872237,0.5708193031169952,0,0.040056757953420355,0.05949711786233453,0.09635682185681355,0.08511610968722079,1.0945917741827766,1.0582616288326914,0.6081816194742496,0.0,0.0,0.0,0.0,0.0,0.0,10803569554.282593,1,25,3,1,13,0,0,0,0.9510565162951535,0.30901699437494745,1.0,6.123233995736766e-17,-0.0019306529647782715,1.0835762023925781,73.97044951170419,-0.005072068371072948,1.0856702327728271,78.32182512942785,-0.002523804174013747,1.0911908149719238,84.66760870644191,0.0034771243239103676,1.091917634010315,73.90195438495331,-0.001952945686590632,1.0839403867721558,73.32007202376766,-0.0024541613434621305,1.0474823713302612,63.806150071343154,0.001995156452905033,0.006232393718737753,1.1490049916338019,0.48156799268471817,-0.005072068371072948,0.01568010434631488,0.4666666666666667,0.0015861531275536726,0.005528244439457399,0.6810756545107917,0.402026720163694,-0.008969571024957386,0.01568010434631488,0.5,0.0006003620342946505,0.005361810923754331,0.4112388773992989,1.1736517085177551,-0.01448189426502745,0.01568010434631488,0.4603174603174603
1.0787487030029297,1.080228567123413,1.076878309249878,1.0787487030029297,0,-0.0014897398063046796,-0.004219871121378601,1,0.0,0.0,0.0014798641204833984,0.0018703937530517578,0.0033502578735351562,0.0,0.44171646845507295,0.5582835016964793,-0.0016082525253295898,-0.0014886306946525316,0,1.0839085817337035,-0.004760437288949815,1.0867725372314454,-0.007383177300576693,1.0764204263687134,0.002162980631884137,1.054693534374237,0.022807732997703667,1.0517072582244873,0.025711950226076308,,,1.082784198956602,-0.0037269624521565348,1.0820587483078101,-0.0030590255933432564,1.0726995353818776,0.005639200280192824,1.0633142331045278,0.014515436092571443,0.009359212925932558,0.010942889299035164,-0.0015836763731026052,0,28.740817976665607,15.152574178302645,17.21458682266411,-2.062012644361465,1,1,0,0,0,49.20717315354111,0,0,10.07325413972831,30.161833981710803,-20.088579841982494,9.40438854723403,-89.9267453217084,0.0,-1.3894205794826364,-1.1607268660156156,3.1175945335778277,0.008335350996302626,0.0077268700044103794,1.1119561738416766,1.0408846788957502,1.0764204263687134,0.06602577691607199,0.5327596398909547,0,0.02208477965624746,0.043909314777229286,0.09643225742735427,0.08520085196845956,1.0933185464998818,1.0599771425146711,0.5630104971069622,0.0,0.0,0.0,0.0,0.0,0.0,10787487029.029297,2,26,3,1,13,0,0,0,0.5877852522924732,-0.8090169943749473,1.0,6.123233995736766e-17,-0.0029753684650426575,1.0803569555282593,64.19849744744602,-0.0019306529647782715,1.0835762023925781,73.97044951170419,-0.005072068371072948,1.0856702327728271,78.32182512942785,0.0018579471337151732,1.093948245048523,77.77211217389691,0.006874012208263975,1.0914170742034912,77.83351465760876,-0.001287627798320897,1.0461344718933105,58.81859722382696,0.0009993042352738194,0.005410956458275093,1.5969960086380488,2.7786895235550313,-0.005072068371072948,0.01568010434631488,0.4,0.0013318986925993576,0.005486932849103886,0.8180296125565462,0.6582525696499075,-0.008969571024957386,0.01568010434631488,0.4666666666666667,0.000581336258730175,0.0053671491856993325,0.42008888432418,1.1631383614228636,-0.01448189426502745,0.01568010434631488,0.4603174603174603
1.0742061138153076,1.0818763971328735,1.0742061138153076,1.0742061138153076,0,-0.004219871121378601,0.005471904928493531,4,0.0,0.0,0.007670283317565918,0.0,0.007670283317565918,0.0,0.9999999869626721,0.0,-0.00454258918762207,-0.0042109799757401286,0,1.0805116415023803,-0.005835687043336035,1.0853306531906128,-0.010249908119315254,1.077686846256256,-0.003229818154241282,1.0555871200561524,0.01763851917442949,1.051514860391617,0.021579584061305335,,,1.0799248372428374,-0.0052954829167563,1.0808506506935789,-0.006147507033828159,1.0728111337843538,0.001300303368313216,1.0637413656814212,0.0098376808221603,0.008039516909225108,0.010362214821073154,-0.0023226979118480453,0,27.408885077219487,13.27344054389335,19.400175187413,-6.126734643519651,1,1,0,0,0,45.4866472180855,0,0,0.0,8.082395716416135,-8.082395716416135,-8.633837437708928,-99.99999952919275,0.0,-1.556528970329829,-1.3245002654388105,2.071066139344646,0.008246675305804398,0.007676995316798747,1.1108133193960719,1.0445603731164403,1.077686846256256,0.06147699260099345,0.447462978159435,0,0.023959415910393377,0.04611711589569392,0.09688241066515428,0.08566549412593874,1.0929086493386977,1.0599219481154802,0.4330280121029735,0.0,0.0,0.0,0.0,0.0,0.0,10742061137.153076,3,27,3,1,13,0,0,0,-0.587785252292473,-0.8090169943749475,1.0,6.123233995736766e-17,-0.0014897398063046796,1.0787487030029297,49.20717315354111,-0.0029753684650426575,1.0803569555282593,64.19849744744602,-0.0019306529647782715,1.0835762023925781,73.97044951170419,-0.002523804174013747,1.0911908149719238,84.66760870644191,-0.002561529979828587,1.0886249542236328,73.11494120325669,0.005980862832362414,1.0524100065231323,61.481330169125876,-0.0003273607959057461,0.0037341244435200012,0.9109207930432747,-0.1997941105271067,-0.005072068371072948,0.006874012208263975,0.3333333333333333,0.0011044005060906752,0.005573134570784398,0.874976547331034,0.6101142564623586,-0.008969571024957386,0.01568010434631488,0.43333333333333335,0.0004783287215577225,0.005396418890397581,0.46019795869433516,1.1163373915117254,-0.01448189426502745,0.01568010434631488,0.4444444444444444
1.080100178718567,1.0845280885696411,1.07658851146698,1.080100178718567,0,0.005471904928493531,0.002119260589161071,3,0.0,0.0,0.004427909851074219,0.003511667251586914,0.007939577102661133,0.0,0.5577009629165269,0.442299024488344,0.005894064903259277,0.005486903143546972,0,1.0793976306915283,0.0006508703623180345,1.0847842574119568,-0.004317981903732004,1.0797162652015686,0.00035556880018949855,1.0565852236747741,0.02225561593581893,1.0515827929973602,0.027118535799935284,,,1.079983284401414,0.00010823706147178314,1.080735193466654,-0.0005875767272752741,1.07335106303874,0.006287892015582441,1.0643828877613093,0.014766576047496205,0.007384130427914082,0.009766597942441339,-0.002382467514527257,0,24.172529992649327,15.278294550876563,16.26764523660228,-0.9893506857257179,0,1,0,0,0,43.976864831696965,0,0,27.749684168496575,12.607646102741628,15.142038065754948,1.2019111865072838,-72.25031536069618,0.0,-0.5130521116006093,-0.5033288778450995,2.9767495462927007,0.00852338189894161,0.007891288295373342,1.1075450442666748,1.0518874861364624,1.0797162652015686,0.05154831868228546,0.5068977777539276,1,0.06005991215993151,0.05629992163860396,0.0967311656987791,0.08624580733947061,1.0938130034765416,1.059719475880775,0.5977880323696309,0.0,0.0,0.0,0.0,0.0,0.0,10801001786.185669,4,28,3,1,13,0,0,0,-0.9510565162951536,0.30901699437494723,1.0,6.123233995736766e-17,-0.004219871121378601,1.0742061138153076,45.4866472180855,-0.0014897398063046796,1.0787487030029297,49.20717315354111,-0.0029753684650426575,1.0803569555282593,64.19849744744602,-0.005072068371072948,1.0856702327728271,78.32182512942785,-0.0028155966319873735,1.085564136505127,72.69064602399573,-0.0033620277203350937,1.0488777160644531,59.251457194420944,8.059580022660526e-05,0.004019987526160493,0.6249866472258404,-1.0694064510754369,-0.005072068371072948,0.006874012208263975,0.4,0.001064014300282723,0.0055355744523372065,0.8966813383690027,0.7206666948472049,-0.008969571024957386,0.01568010434631488,0.43333333333333335,0.0005557507765048402,0.005432975186719725,0.4197490351363649,0.9884603639874995,-0.01448189426502745,0.01568010434631488,0.4444444444444444
1.082391619682312,1.084845781326294,1.0785740613937378,1.082391619682312,0,0.002119260589161071,-0.00046531882945168224,2,0.0,0.0,0.0024541616439819336,0.0038175582885742188,0.006271719932556152,0.0,0.3913059944070392,0.6086939896483715,0.002291440963745117,0.0021215078088881872,0,1.079160714149475,0.002993905717818768,1.0842106699943543,-0.0016777647206552837,1.0817666113376618,0.0005777662557171492,1.0576782822608948,0.023365646939685014,1.0516115367412566,0.029269441959062226,,,1.08078606282838,0.0014855453905295857,1.080990028269063,0.0012965811676945993,1.0740207339012269,0.007793970280163709,1.065089112542525,0.01624512619123375,0.00696929436783611,0.009207137227520293,-0.0022378428596841835,0,21.122181334163507,14.239733426922713,14.613356431040557,-0.3736230041178441,0,1,0,0,0,48.440042627713375,0,0,38.537954077014284,22.095879415170288,16.442074661843996,-2.6106128584058883,-61.46204545217847,0.0,-0.10932158787269053,-0.5271325472796295,4.12499597192999,0.008223160303423549,0.00759721357144041,1.1029543162998228,1.060578906375501,1.0817666113376618,0.03917241434176378,0.5147493155651225,1,0.06303657823465617,0.05597106873032816,0.08908253279735003,0.08611344874320684,1.0937483107620438,1.0608556695483498,0.6547345933266928,0.0,0.0,0.0,0.0,0.0,0.0,10823916195.82312,0,31,3,1,14,0,1,1,0.0,1.0,1.0,6.123233995736766e-17,0.005471904928493531,1.080100178718567,43.976864831696965,-0.004219871121378601,1.0742061138153076,45.4866472180855,-0.0014897398063046796,1.0787487030029297,49.20717315354111,-0.0019306529647782715,1.0835762023925781,73.97044951170419,0.002358530074516342,1.0881274938583374,74.66388908855633,-0.008969571024957386,1.039511799812317,57.24211092540089,-0.0002255198628624694,0.003635465655290367,0.6517707289022239,-0.7106390315269238,-0.005072068371072948,0.006874012208263975,0.4,0.0010470122430860467,0.0055313826745766095,0.9080206273846667,0.7455139297760032,-0.008969571024957386,0.01568010434631488,0.43333333333333335,0.0006247774256167143,0.005424637378872212,0.3849131766917689,0.9908877835157581,-0.01448189426502745,0.01568010434631488,0.4603174603174603
1.0818880796432495,1.0830715894699097,1.0779578685760498,1.0818880796432495,0,-0.00046531882945168224,-0.0021182604350527302,1,0.0,0.0,0.0011835098266601562,0.003930211067199707,0.005113720893859863,0.0,0.23143809137831686,0.7685618890664513,-0.0005035400390625,-0.0004652105853921622,0,1.0794669389724731,0.0022429038659179668,1.0832077145576477,-0.001218265893550563,1.0834358274936675,-0.0014285552600338258,1.0584746789932251,0.022119943927314534,1.0517155194282533,0.028688898808425067,,,1.08115340176667,0.0006795314849039613,1.081128190018938,0.0007028671819462318,1.0746035002524879,0.006778853119659756,1.0657478955660828,0.015144467132237827,0.0065246897664501535,0.008670647735306266,-0.002145957968856112,0,18.98417935452123,12.996346773083049,14.389510949275405,-1.3931641761923554,0,1,0,0,0,38.833615636529316,0,0,36.16725112760326,34.15162979103804,2.015621336565218,-40.30650702564637,-63.8327484015895,0.0,0.14172390959814596,-0.918526641082773,3.889377556729978,0.00780856838214839,0.0072175380507025245,1.097727791301526,1.069143863685809,1.0834358274936675,0.026382667886479628,0.44585251138992454,1,0.05847500695413813,0.051381763836603866,0.08946734030472767,0.08532011729633564,1.093355897346927,1.0621216238183335,0.6328450618048216,0.0,0.0,0.0,0.0,0.0,0.0,10818880795.432495,1,1,4,2,14,1,0,0,0.9510565162951535,0.30901699437494745,0.8660254037844387,-0.4999999999999998,0.002119260589161071,1.082391619682312,48.440042627713375,0.005471904928493531,1.080100178718567,43.976864831696965,-0.004219871121378601,1.0742061138153076,45.4866472180855,-0.0029753684650426575,1.0803569555282593,64.19849744744602,0.0034771243239103676,1.091917634010315,73.90195438495331,0.0018000872765831179,1.0413846969604492,59.59787816203686,-0.00012634473905320608,0.0036051403323320067,0.5821489776699681,-0.7046093065915361,-0.005072068371072948,0.006874012208263975,0.4,0.0010437363208719726,0.00553227804538871,0.909345370478231,0.7453976366852078,-0.008969571024957386,0.01568010434631488,0.43333333333333335,0.0007004216731198021,0.005374662195165825,0.37354408403584677,1.098346912389095,-0.01448189426502745,0.01568010434631488,0.4603174603174603
1.0795987844467163,1.087263822555542,1.0782020092010498,1.0795987844467163,0,-0.0021182604350527302,0.010385541263550277,4,0.0,0.0,0.007665038108825684,0.001396775245666504,0.009061813354492188,0.0,0.8458613882661551,0.15413860069852625,-0.002289295196533203,-0.002116018504498628,0,1.0796369552612304,-3.5355324143448996e-05,1.081772768497467,-0.002009649543655345,1.084280800819397,-0.004318084825176816,1.0592547845840454,0.019205955032564725,1.0518471157550813,0.026383747384309597,,,1.0806351959933522,-0.0009590763380488143,1.0808928968539808,-0.0011972624770792972,1.0749735213039122,0.00430267625267966,1.066291067679049,0.012480379016384102,0.005919375550068606,0.008120393298258734,-0.0022010177481901275,0,19.02138396643392,18.035888633471316,12.209629723849886,5.82625890962143,0,1,0,0,0,39.296708702626844,0,0,25.389083646426787,33.36476295034811,-7.975679303921321,-47.81614013753067,-74.61091588276597,0.0,0.07880254608141346,-1.3117129321936205,2.965657274008815,0.00797566771179423,0.007387621981385352,1.0949497578757,1.073611843763094,1.084280800819397,0.01967932485248552,0.28057759647779523,1,0.059830139404880175,0.049186659192690246,0.08852787767763032,0.08362838727301304,1.0938672411361317,1.0619645702889546,0.5527504009604587,0.0,0.0,0.0,0.0,0.0,0.0,10795987843.467163,2,2,4,2,14,0,0,0,0.5877852522924732,-0.8090169943749473,0.8660254037844387,-0.4999999999999998,-0.00046531882945168224,1.0818880796432495,38.833615636529316,0.002119260589161071,1.082391619682312,48.440042627713375,0.005471904928493531,1.080100178718567,43.976864831696965,-0.0014897398063046796,1.0787487030029297,49.20717315354111,0.0018579471337151732,1.093948245048523,77.77211217389691,0.006812887153838506,1.0485037565231323,60.12710896038538,-0.0007258295819409864,0.003065132425694707,0.6290468711126384,-0.5737744351799549,-0.005072068371072948,0.005471904928493531,0.3333333333333333,0.0010910555434709296,0.00549770217160584,0.9132978209316629,0.7966112029085681,-0.008969571024957386,0.01568010434631488,0.43333333333333335,0.00079559209689554,0.005268093220709323,0.41617030316881604,1.2807156994761082,-0.01448189426502745,0.01568010434631488,0.4603174603174603
1.090869426727295,1.1133378744125366,1.0882458686828613,1.090869426727295,0,0.010385541263550277,0.012304011200254634,4,0.0,0.0,0.0224684476852417,0.0026235580444335938,0.025092005729675293,0.0,0.8954424703133609,0.10455752570130597,0.011270642280578613,0.010439658178487798,0,1.0829696178436279,0.007294580247474869,1.081740629673004,0.008438988703055816,1.084849578142166,0.0055490167539016255,1.060251853466034,0.028877641720957525,1.0521390843391418,0.03681104795075529,,,1.0840466062379999,0.006293844147848171,1.0824277476037214,0.007798838344158954,1.0761509957797184,0.01367691978535479,1.0672549248966272,0.02212639283978235,0.006276751824003002,0.007751665003407588,-0.0014749131794045862,0,25.775988864564084,41.39261886531182,7.396153253472469,33.99646561183935,0,1,0,0,0,55.26577188342967,0,0,42.582578997441495,34.71297125715718,7.869607740284316,187.61191895152757,-57.417420747011604,0.0,1.551221194674035,-0.02945298294479981,2.6508070834167174,0.011410790678997708,0.010460271778067028,1.095656026434953,1.074043129849379,1.084849578142166,0.019922482359807325,0.7785303896421675,1,0.07921616038762357,0.07582191518177694,0.08378115420871954,0.08562907241736975,1.1019711557386103,1.0563279930226193,0.7567712571525418,0.0,0.0,0.0,0.0,0.0,0.0,10908694266.27295,3,3,4,2,14,0,0,0,-0.587785252292473,-0.8090169943749475,0.8660254037844387,-0.4999999999999998,-0.0021182604350527302,1.0795987844467163,39.296708702626844,-0.00046531882945168224,1.0818880796432495,38.833615636529316,0.002119260589161071,1.082391619682312,48.440042627713375,-0.004219871121378601,1.0742061138153076,45.4866472180855,-0.002523804174013747,1.0911908149719238,84.66760870644191,0.013448043458163524,1.062699317932129,66.60070199243799,0.0001373085009509378,0.004144257394117663,1.1180327975778,1.215927187764072,-0.005072068371072948,0.010385541263550277,0.4,0.00152454132413608,0.005703908406738903,0.7430389985076542,0.21992537193843525,-0.008969571024957386,0.01568010434631488,0.4666666666666667,0.000903129853783914,0.0053941245384166855,0.4171367488181815,1.0189280199386919,-0.01448189426502745,0.01568010434631488,0.4603174603174603
1.1043744087219238,1.1107531785964966,1.0964791774749756,1.1043744087219238,0,0.012304011200254634,-0.005374859221748646,0,0.0,0.0,0.006378769874572754,0.007895231246948242,0.014274001121520996,0.0,0.44688029485071395,0.5531196981435419,0.013504981994628906,0.012380016950247702,0,1.0878244638442993,0.015213800871527239,1.083611047267914,0.019161267693277972,1.0861285388469697,0.01679899673075891,1.0615073108673097,0.04038323364494878,1.052618703842163,0.04916852093348756,,,1.090822540399308,0.012423531527330445,1.0858041570065218,0.017102763416276145,1.0782416189606225,0.024236487628875425,1.068710590928992,0.03337088449604808,0.007562538045899236,0.007713839611905918,-0.00015130156600668201,0,31.62997977627179,32.641885120157234,5.832546754688333,26.8093383654689,1,1,0,0,0,63.24832707097596,0,0,77.09414135498504,48.35526799961777,28.738873355367268,228.5952282571033,-22.905858389468055,0.0,2.2474054242038966,1.7228229516181637,2.304832746596497,0.01254051883769157,0.011355314590338067,1.099635265686151,1.0726218120077884,1.0861285388469697,0.02487132296933553,1.1754363945705015,1,0.1033827766271401,0.09192815985437,0.07699368013843548,0.08754562134837907,1.1066329772313608,1.0564709018805944,0.9549745781221967,0.0,0.0,0.0,0.0,0.0,0.0,11043744086.219238,4,4,4,2,14,0,0,0,-0.9510565162951536,0.30901699437494723,0.8660254037844387,-0.4999999999999998,0.010385541263550277,1.090869426727295,55.26577188342967,-0.0021182604350527302,1.0795987844467163,39.296708702626844,-0.00046531882945168224,1.0818880796432495,38.833615636529316,0.005471904928493531,1.080100178718567,43.976864831696965,-0.005072068371072948,1.0856702327728271,78.32182512942785,0.01568010434631488,1.0794938802719116,70.67195587332083,0.0011452823564337383,0.0051026394243626665,1.038888075656605,0.4823315169184165,-0.005072068371072948,0.012304011200254634,0.4666666666666667,0.001681177465285195,0.005936422924737549,0.755773419020698,0.012264543684123825,-0.008969571024957386,0.01568010434631488,0.4666666666666667,0.0009741187617690148,0.0055148557728675746,0.46459211564074965,0.9192659578702133,-0.01448189426502745,0.01568010434631488,0.4603174603174603
1.098454475402832,1.1049845218658447,1.0903223752975464,1.098454475402832,0,-0.005374859221748646,-0.006318140368247303,0,0.0,0.0,0.006530046463012695,0.008132100105285645,0.01466214656829834,0.0,0.4453676948363633,0.554632298343353,-0.005919933319091797,-0.005360440509851006,0,1.0910370349884033,0.00679852294274097,1.0850988745689392,0.012308187802671622,1.086748296022415,0.010771748455631558,1.0625412273406982,0.033799392470291956,1.0530731642246247,0.043094167257896165,,,1.093366518733816,0.004653477568018927,1.0877503598367233,0.00984059933267356,1.0797388675859714,0.017333457446957246,1.0698770177711034,0.026710974303002954,0.008011492250751928,0.007773370139675121,0.00023812211107680694,1,32.9908209992141,27.665565695636136,11.344994860825986,16.320570834810148,1,1,0,0,0,55.15144674998653,0,0,61.96593548432255,60.547551945583024,1.4183835387395263,129.8334333614818,-38.03406426013055,0.0,1.484015159433194,1.373071222623956,1.8223367025467452,0.012823402535105805,0.011674040955803582,1.1013359070263546,1.0721606850184755,1.086748296022415,0.02684634713666277,0.9012370252789114,1,0.1253582848009635,0.09721913006874949,0.08001628323390829,0.08791944487020814,1.1088085099449372,1.0575148998045139,0.7981418232490609,0.0,0.0,0.0,0.0,0.0,0.0,10984544753.02832,0,7,4,2,15,0,0,0,0.0,1.0,0.8660254037844387,-0.4999999999999998,0.012304011200254634,1.1043744087219238,63.24832707097596,0.010385541263550277,1.090869426727295,55.26577188342967,-0.0021182604350527302,1.0795987844467163,39.296708702626844,0.002119260589161071,1.082391619682312,48.440042627713375,-0.0019306529647782715,1.0835762023925781,73.97044951170419,-0.000647444013491739,1.0787951946258545,69.01501519775418,0.0006297230700160725,0.005355706321550741,1.0831235635768939,0.4454403838135003,-0.005374859221748646,0.012304011200254634,0.4,0.001583820869342311,0.006029795772150748,0.7258217306325335,-0.0683868219268253,-0.008969571024957386,0.01568010434631488,0.4666666666666667,0.0009513275200275118,0.005538404441272004,0.45797586939249296,0.878094266537548,-0.01448189426502745,0.01568010434631488,0.4603174603174603
1.0915361642837524,1.0991909503936768,1.0891940593719482,1.0915361642837524,0,-0.006318140368247303,0.00594474617600662,4,0.0,0.0,0.007654786109924316,0.0023421049118041992,0.009996891021728516,0.0,0.7657166629819975,0.2342833270148927,-0.00691831111907959,-0.006298222888037887,0,1.092966651916504,-0.0013088118746462651,1.0862167954444886,0.00489715198759888,1.087128084897995,0.0040547929416849815,1.0634818220138549,0.02637971010556117,1.0534547805786132,0.03614904436677202,,,1.0927564005837949,-0.0011166591193415565,1.0883327912901124,0.002943376253093044,1.0806127414154367,0.010108545224996046,1.0707263960657172,0.0194351873574381,0.007720049874675672,0.0077627060866752315,-4.265621199955969e-05,1,33.535991578431805,24.702817046610726,11.33874856157371,13.364068485037016,1,1,0,0,0,48.23508789408205,0,0,44.28640613063955,61.115494323315716,-16.829088192676167,67.03074747771413,-55.71359361381355,0.0,0.8917821373616075,1.034769915469913,0.5042848239497966,0.012446534333322165,0.011402768629612097,1.1018031400786725,1.0724530297173174,1.087128084897995,0.026997840241988858,0.6501895313668935,1,0.14126938081786342,0.10269082577464161,0.08073792989956056,0.08877449690586248,1.1088523411041344,1.0590662037708456,0.6521887856115592,0.0,0.0,0.0,0.0,0.0,0.0,10915361641.837524,1,8,4,2,15,0,0,0,0.9510565162951535,0.30901699437494745,0.8660254037844387,-0.4999999999999998,-0.005374859221748646,1.098454475402832,55.15144674998653,0.012304011200254634,1.1043744087219238,63.24832707097596,0.010385541263550277,1.090869426727295,55.26577188342967,-0.00046531882945168224,1.0818880796432495,38.833615636529316,-0.0029753684650426575,1.0803569555282593,64.19849744744602,0.00671099553549719,1.086059331893921,71.9605877816446,-2.329457612777226e-05,0.005576346055317877,1.1965379330017314,0.6947178015182797,-0.006318140368247303,0.012304011200254634,0.3333333333333333,0.0014161371170114307,0.006180466764225082,0.6877408713547982,-0.1840513854112256,-0.008969571024957386,0.01568010434631488,0.4666666666666667,0.0008984267583858244,0.0055922676566139305,0.4434008927569164,0.7887768417629752,-0.01448189426502745,0.01568010434631488,0.4603174603174603
1.0980443954467773,1.1094838380813599,1.0972250699996948,1.0980443954467773,0,0.00594474617600662,-0.0025880638328910897,1,0.0,0.0,0.01143944263458252,0.0008193254470825195,0.012258768081665039,0.0,0.933164120983383,0.06683587085919061,0.006508231163024902,0.005962451245671047,0,1.0966557741165162,0.0012662325434371624,1.0881463646888734,0.009096230965054408,1.0874594509601594,0.009733645126996482,1.064584608078003,0.0314298995230069,1.053840320110321,0.04194570504536621,,,1.0945190655381225,0.003220893924400947,1.0898268842372916,0.007540198565098466,1.081903975047388,0.014918533132471934,1.071797690159092,0.024488488290491217,0.00792290918990357,0.0077947467073209,0.00012816248258267111,1,36.19726709698404,30.630280764293204,9.280034778176365,21.35024598611684,1,1,0,0,0,54.753808301336655,0,0,60.91798888353562,55.72344349949924,5.194545384036381,139.99682417227177,-39.08201086091748,0.0,1.7085616680750704,1.7887106042523193,1.301179368048233,0.013180019595226867,0.012003175507911775,1.1028253136641664,1.0720935882561524,1.0874594509601594,0.028260111563749545,0.8444305277898472,1,0.1388440244346193,0.10435243664260808,0.08264831999837069,0.08918573947606002,1.1116607519145425,1.058940673533635,0.7417235148332277,0.0,0.0,0.0,0.0,0.0,0.0,10980443953.467773,2,9,4,2,15,0,0,0,0.5877852522924732,-0.8090169943749473,0.8660254037844387,-0.4999999999999998,-0.006318140368247303,1.0915361642837524,48.23508789408205,-0.005374859221748646,1.098454475402832,55.15144674998653,0.012304011200254634,1.1043744087219238,63.24832707097596,-0.0021182604350527302,1.0795987844467163,39.296708702626844,-0.0014897398063046796,1.0787487030029297,49.20717315354111,-0.001952945686590632,1.0839403867721558,73.32007202376766,0.0002491586933583242,0.005771258051070894,1.0040942914570523,-0.027425538786736488,-0.006318140368247303,0.012304011200254634,0.3333333333333333,0.0014149332284662378,0.006179550393642458,0.6883223940481741,-0.18195999435019672,-0.008969571024957386,0.01568010434631488,0.4666666666666667,0.00101912525611125,0.00561817350350121,0.38436429098653996,0.6891339533943488,-0.01448189426502745,0.01568010434631488,0.47619047619047616
1.0952062606811523,1.122536063194275,1.0953142642974854,1.0952062606811523,0,-0.0025880638328910897,0.02753679368654884,4,0.0,0.0,0.02732980251312256,-0.00010800361633300781,0.02722179889678955,0.0,1.0039675377937272,-0.003967541467253703,-0.002838134765625,-0.002584717682759753,0,1.0975231409072876,-0.002111008177931417,1.0902463793754578,0.004549321418596097,1.0877885162830352,0.00681910517200679,1.0656382417678834,0.027746769636796564,1.0541847789287566,0.038912989893659544,,,1.0947481305857991,0.00041847981513898347,1.0906544806132703,0.004173439020674241,1.082889329538778,0.011374136493230491,1.07271567331682,0.020966028391004254,0.007765151074492271,0.007788827580755175,-2.367650626290338e-05,1,40.21678012041204,34.80605468871968,7.042326129802794,27.76372855891688,1,1,0,0,0,56.87006920760676,0,0,43.4516218043716,49.552005606182256,-6.100383801810658,141.46784937231715,-56.54837798871736,0.0,0.39755756716624013,1.9549457590831931,0.3471804287491498,0.015052256835435224,0.013743764416302049,1.1035366004257865,1.0720404321402839,1.0877885162830352,0.028954312176625415,0.7355125949711226,1,0.1277592837939258,0.10202404948374222,0.08008018239603422,0.0886031685391006,1.1163486119146795,1.0561395845729387,0.6488508080622162,0.0,0.0,0.0,0.0,0.0,0.0,10952062605.811523,3,10,4,2,15,0,0,0,-0.587785252292473,-0.8090169943749475,0.8660254037844387,-0.4999999999999998,0.00594474617600662,1.0980443954467773,54.753808301336655,-0.006318140368247303,1.0915361642837524,48.23508789408205,-0.005374859221748646,1.098454475402832,55.15144674998653,0.010385541263550277,1.090869426727295,55.26577188342967,-0.004219871121378601,1.0742061138153076,45.4866472180855,0.006874012208263975,1.0914170742034912,77.83351465760876,0.00024487471609983466,0.005773486853103492,1.004850719487183,-0.028667478847343848,-0.006318140368247303,0.012304011200254634,0.3333333333333333,0.001440732024714371,0.006160505776341184,0.688354369829263,-0.16390301087745376,-0.008969571024957386,0.01568010434631488,0.4666666666666667,0.00106021452694764,0.005581474983971483,0.38747561140667763,0.7547167538961045,-0.01448189426502745,0.01568010434631488,0.47619047619047616
1.1257838010787964,1.1471836566925049,1.1250872611999512,1.1257838010787964,0,0.02753679368654884,0.007548715960574773,4,0.0,0.0,0.021399855613708496,0.0006965398788452148,0.02209639549255371,0.0,0.9684772126780739,0.031522782796301066,0.030577540397644043,0.027919435354427858,0,1.1018050193786622,0.021763180577522023,1.0948147416114806,0.028287031757448844,1.0897994995117188,0.033019194337947644,1.0673593592643738,0.05473736769330917,1.0548964297771455,0.06719841796213721,,,1.1050933540834649,0.01872280456398112,1.0960589914541203,0.027119716870830812,1.0860666978010016,0.036569672244397555,1.0747967763663093,0.04743875840428258,0.009992293653118711,0.008229520795227882,0.0017627728578908288,1,45.38664100376663,39.182266790985636,4.599067934332855,34.58319885665278,1,1,0,0,0,71.55952251059371,1,0,70.67610823730371,58.34857297507031,12.327535262233397,288.578741686943,-29.32389162566784,0.0,1.9385991007931258,4.229572706341789,3.4133745245316316,0.019975608725557533,0.01774373436946,1.1129048552940695,1.0666941437293682,1.0897994995117188,0.04240294804793497,1.278700440239372,1,0.22385159059724466,0.1644589415903269,0.12335195067006,0.1032181478680619,1.1299610016792085,1.0500585667769786,0.9477212340237745,0.0,0.0,0.0,0.0,0.0,0.0,11257838009.787964,4,11,4,2,15,0,0,0,-0.9510565162951536,0.30901699437494723,0.8660254037844387,-0.4999999999999998,-0.0025880638328910897,1.0952062606811523,56.87006920760676,0.00594474617600662,1.0980443954467773,54.753808301336655,-0.006318140368247303,1.0915361642837524,48.23508789408205,0.012304011200254634,1.1043744087219238,63.24832707097596,0.005471904928493531,1.080100178718567,43.976864831696965,-0.002561529979828587,1.0886249542236328,73.11494120325669,0.0024187988532746204,0.00891368879543415,1.7940336958217324,3.6442923563300793,-0.006318140368247303,0.02753679368654884,0.4,0.0026576108484312453,0.007494387126638001,1.5145594356130196,2.8649673330840826,-0.006318140368247303,0.02753679368654884,0.5,0.0014650765856827747,0.006502132143990084,1.1765591900623222,3.5166118171966616,-0.01448189426502745,0.02753679368654884,0.47619047619047616
1.1343141794204712,1.1424784660339355,1.1299690008163452,1.1343141794204712,0,0.007548715960574773,-0.0003062899835378224,2,0.0,0.0,0.008164286613464355,0.0043451786041259766,0.012509465217590332,0.0,0.6526487268791615,0.34735126512689174,0.008530378341674805,0.007577279343283084,0,1.10897696018219,0.02284738100585426,1.1000069975852966,0.03118814862756869,1.0921088337898255,0.03864573220264189,1.0695500588417053,0.060552678144722316,1.0557702302932739,0.07439492681844206,,,1.1148336291958003,0.017473952716134056,1.1019444049874052,0.029375142868934834,1.0896405853283697,0.0409984673749455,1.077130792172355,0.053088619839267714,0.012303819659035486,0.009044380567989403,0.0032594390910460833,0,49.86718710267085,34.71828337605607,4.075102256376738,30.643181119679333,1,1,0,0,0,76.14273960389123,1,0,82.36515392679784,65.49762798949105,16.867525937306795,234.65285717384126,-17.634845936173708,0.0,3.2645598721320113,4.79702159495643,4.490756582314015,0.019538149556168415,0.017224636620894684,1.1225716621860018,1.0616460053936492,1.0921088337898255,0.055787165987248984,1.192735174857726,0,0.2086190836726549,0.16484667840019496,0.12390282170816921,0.103810510610255,1.1333055495492281,1.0551529513245546,1.0129059019516262,0.0,0.0,0.0,0.0,0.0,0.0,11343141793.204712,0,14,4,2,16,0,0,0,0.0,1.0,0.8660254037844387,-0.4999999999999998,0.02753679368654884,1.1257838010787964,71.55952251059371,-0.0025880638328910897,1.0952062606811523,56.87006920760676,0.00594474617600662,1.0980443954467773,54.753808301336655,-0.005374859221748646,1.098454475402832,55.15144674998653,0.002119260589161071,1.082391619682312,48.440042627713375,-0.0028155966319873735,1.085564136505127,72.69064602399573,0.00305075678163149,0.00891932743800101,1.5701719320404428,2.9916553252846794,-0.006318140368247303,0.02753679368654884,0.4666666666666667,0.0028492318045643,0.007545026492790684,1.4127358755202017,2.538071072856546,-0.006318140368247303,0.02753679368654884,0.5,0.0015207306311880013,0.0065394474892706365,1.1425554704539465,3.3366401597281024,-0.01448189426502745,0.02753679368654884,0.47619047619047616
1.1339668035507202,1.1377859115600586,1.1285662651062012,1.1339668035507202,0,-0.0003062899835378224,-0.004152990399168905,1,0.0,0.0,0.003819108009338379,0.005400538444519043,0.009219646453857422,0.0,0.41423583724481244,0.5857641519087848,-0.00034737586975097656,-0.0003062430815224658,0,1.1174630880355836,0.014768913255713834,1.1052148699760438,0.026014790655773723,1.0942112922668457,0.03633257256729716,1.071574637889862,0.0582247501470341,1.0566300249099732,0.07319191837276917,,,1.1212113539807738,0.011376489743456064,1.1068709278432998,0.024479706642732024,1.0929240089003955,0.03755320059979561,1.0793596553636633,0.0505921708400332,0.01394691894290423,0.010024888242972369,0.003922030699931861,0,53.08963648771333,32.36843830253139,4.829061759216874,27.539376543314514,1,1,0,0,0,77.0845675030726,1,0,81.88915013771506,78.31013743393886,3.5790127037762005,176.51325329222396,-18.110849725256493,0.0,3.8872408130252056,4.813688669593574,4.212678197280306,0.01816234914252695,0.01601664976792499,1.1299635686999172,1.058459015833774,1.0942112922668457,0.06534803046263067,1.0559857321630766,0,0.18892008474969146,0.16470942089977605,0.12417413006379248,0.10373881049760823,1.1343384775899288,1.0616890810198212,0.9948840023972079,0.0,0.0,0.0,0.0,0.0,0.0,11339668034.507202,1,15,4,2,16,0,0,0,0.9510565162951535,0.30901699437494745,0.8660254037844387,-0.4999999999999998,0.007548715960574773,1.1343141794204712,76.14273960389123,0.02753679368654884,1.1257838010787964,71.55952251059371,-0.0025880638328910897,1.0952062606811523,56.87006920760676,-0.006318140368247303,1.0915361642837524,48.23508789408205,-0.00046531882945168224,1.0818880796432495,38.833615636529316,0.002358530074516342,1.0881274938583374,74.66388908855633,0.0032286953470651455,0.008816552098779028,1.5776206132473363,3.117211981778754,-0.006318140368247303,0.02753679368654884,0.4666666666666667,0.0026119258999850892,0.0075279998025472635,1.515588579133247,2.8015366055615014,-0.006318140368247303,0.02753679368654884,0.4666666666666667,0.001533692429266929,0.0065349308067220975,1.1395194421250268,3.3445574487821315,-0.01448189426502745,0.02753679368654884,0.47619047619047616
1.1292672157287598,1.1390169858932495,1.129420280456543,1.1292672157287598,0,-0.004152990399168905,0.009177768277881679,4,0.0,0.0,0.009749770164489746,-0.00015306472778320312,0.009596705436706543,0.0,1.0159497055732036,-0.015949715993446315,-0.004699587821960449,-0.004144378659790112,0,1.12370765209198,0.004947517733758344,1.110181713104248,0.01719133210132462,1.0959772408008575,0.030374695372815452,1.073414385318756,0.052032869196377174,1.0574783968925476,0.0678867946053352,,,1.1238966412301026,0.004778530517095536,1.110316510594909,0.017067840432265724,1.095616098295089,0.030714332678174694,1.0813168145936671,0.04434445149054378,0.014700412299819998,0.010959993054341895,0.003740419245478103,0,55.976831043087635,30.899421181153873,4.466019326859821,26.43340185429405,1,1,0,0,0,76.96602737448015,1,0,74.62085957734107,79.62505454728466,-5.0041949699435975,144.08363183126076,-25.379140281006148,0.0,2.843493433549038,4.60063794046397,3.420549367013148,0.01702026331508423,0.01507195380908424,1.1350131139774493,1.0569413676242656,1.0959772408008575,0.07123482444672964,0.9264023336260947,0,0.20729299146778085,0.16736365226903938,0.12580570753771708,0.10434802509882005,1.135030823689699,1.0669497704293622,0.915341967016375,0.0,0.0,0.0,0.0,0.0,0.0,11292672156.287598,2,16,4,2,16,0,0,0,0.5877852522924732,-0.8090169943749473,0.8660254037844387,-0.4999999999999998,-0.0003062899835378224,1.1339668035507202,77.0845675030726,0.007548715960574773,1.1343141794204712,76.14273960389123,0.02753679368654884,1.1257838010787964,71.55952251059371,0.00594474617600662,1.0980443954467773,54.753808301336655,-0.0021182604350527302,1.0795987844467163,39.296708702626844,0.0034771243239103676,1.091917634010315,73.90195438495331,0.0030511453075408638,0.008944252211250217,1.5455026267027316,2.9347296640445903,-0.006318140368247303,0.02753679368654884,0.4666666666666667,0.0020252247714073416,0.00733783006579264,1.7461386437479802,3.8859479082615143,-0.006318140368247303,0.02753679368654884,0.43333333333333335,0.001457473621424348,0.006573307719338188,1.1448599718465702,3.2598907630572325,-0.01448189426502745,0.02753679368654884,0.4603174603174603
1.1396790742874146,1.1396400928497314,1.13413405418396,1.1396790742874146,0,0.009177768277881679,0.01012583360643525,4,0.0,0.0,-3.898143768310547e-05,0.00554502010345459,0.005506038665771484,0.0,-0.007079760848295362,1.0070797426864182,0.010411858558654785,0.009220013131270802,0,1.1326022148132324,0.00624831850141172,1.11506267786026,0.022076244514061205,1.0984016537666321,0.037579532291740714,1.0754062700271607,0.059766067899765796,1.0583839893341065,0.07681057694077054,,,1.1291574522492067,0.009318117607352017,1.1148338280860637,0.022286053287220664,1.0988800224426687,0.03712784918078871,1.0836055306600887,0.051747192069048875,0.01595380564339499,0.011958755572152514,0.003995050071242477,0,58.5318563802681,28.76557478984978,4.0831787224957505,24.682396067354027,1,1,0,0,0,77.94212260113127,1,0,89.15926752379472,81.88975907961695,7.269508444177774,138.39857618100027,-10.840732331750441,0.0,4.060679271373302,4.474380376261244,4.180346688783532,0.016133945155869224,0.014156568738038234,1.1419481973793753,1.054855110153889,1.0984016537666321,0.07929074662160067,0.9739460012081042,0,0.1944155859363453,0.16628031322838202,0.1285197262310265,0.1051763288812402,1.1369428328215436,1.0724070521980669,1.0423988264369992,0.0,0.0,0.0,0.0,0.0,0.0,11396790741.874146,3,17,4,2,16,0,0,0,-0.587785252292473,-0.8090169943749475,0.8660254037844387,-0.4999999999999998,-0.004152990399168905,1.1292672157287598,76.96602737448015,-0.0003062899835378224,1.1339668035507202,77.0845675030726,0.007548715960574773,1.1343141794204712,76.14273960389123,-0.0025880638328910897,1.0952062606811523,56.87006920760676,0.010385541263550277,1.090869426727295,55.26577188342967,0.0018579471337151732,1.093948245048523,77.77211217389691,0.003944321267491549,0.008834576739549896,1.3259731490481277,2.439390882485019,-0.006318140368247303,0.02753679368654884,0.5333333333333333,0.0018084802357929016,0.007009261235001337,1.8689155130981003,5.031964638929461,-0.006318140368247303,0.02753679368654884,0.43333333333333335,0.0016410439128779711,0.0066254859531071865,1.0617662758702966,2.960467982911736,-0.01448189426502745,0.02753679368654884,0.47619047619047616
1.1512778997421265,1.1546543836593628,1.1453967094421387,1.1512778997421265,0,0.01012583360643525,-0.014129519405897227,0,0.0,0.0,0.003376483917236328,0.005881190299987793,0.009257674217224121,0.0,0.36472269400904506,0.635277295189106,0.011598825454711914,0.010177273335431173,0,1.1377010345458984,0.011933596509783984,1.1197530269622802,0.028153415903284573,1.101682037115097,0.045018309141538815,1.0776603770256044,0.06831235905033362,1.059334317445755,0.08679373515377509,,,1.1365309347468466,0.012975418832103403,1.1204406083408425,0.027522468454794558,1.102761346687073,0.04399551462010143,1.0862593490554628,0.05985545775713108,0.01767926165376954,0.01310285678847592,0.004576404865293621,0,61.75238472874606,37.69917382988535,3.572966544746091,34.12620728513926,1,1,0,0,0,79.71320230013706,1,0,95.59760439028271,86.45924383047283,9.138360559809882,153.60438690208542,-4.402395479333273,0.0,2.2645643540882388,4.247064279086588,5.506560717499132,0.01597946038467976,0.013879759514945095,1.1507277128139806,1.0526363614162135,1.101682037115097,0.08903780590425953,1.0056089229044667,0,0.10064943971196992,0.16371256211395435,0.1304274177366938,0.10367388953687606,1.1410722401584334,1.0771543986197143,1.15966839965245,0.0,0.0,0.0,0.0,0.0,0.0,11512778996.421265,1,22,4,2,17,0,0,0,0.9510565162951535,0.30901699437494745,0.8660254037844387,-0.4999999999999998,0.009177768277881679,1.1396790742874146,77.94212260113127,-0.004152990399168905,1.1292672157287598,76.96602737448015,-0.0003062899835378224,1.1339668035507202,77.0845675030726,0.02753679368654884,1.1257838010787964,71.55952251059371,0.012304011200254634,1.1043744087219238,63.24832707097596,-0.002523804174013747,1.0911908149719238,84.66760870644191,0.00425458317935433,0.008972697048283303,1.1724733124027484,1.8632372947400444,-0.006318140368247303,0.02753679368654884,0.5333333333333333,0.0021675894897904683,0.007153587400591139,1.6561318932526865,4.0532236148994665,-0.006318140368247303,0.02753679368654884,0.4666666666666667,0.0015819858581375959,0.0065308411706036995,1.0644117442751782,3.196888062275048,-0.01448189426502745,0.02753679368654884,0.47619047619047616
1.1351252794265747,1.144007682800293,1.13379967212677,1.1351252794265747,0,-0.014129519405897227,-0.0021091061414329868,1,0.0,0.0,0.008882403373718262,0.0013256072998046875,0.01020801067352295,0.0,0.8701404779819606,0.12985951222181155,-0.016152620315551758,-0.014030166233336668,0,1.1378632545471192,-0.0024062427619157,1.1234201073646546,0.010419229533229935,1.1042594909667969,0.027951571717947488,1.079739649295807,0.05129535630349413,1.060122561454773,0.07074910070945295,,,1.1360623829734227,-0.0008248698846209379,1.1226997885078782,0.0110675097161137,1.1051586750381472,0.02711520523030919,1.0881756600504084,0.04314525769642463,0.017541113469730973,0.013990508124726932,0.003550605345004041,0,59.3570207723935,32.26906743400514,12.615425094402877,19.65364233960226,1,1,0,0,0,70.23186203774083,1,0,74.45585641307645,86.40424277571795,-11.9483863626415,96.6881341209321,-25.544143456123177,0.0,0.07150576276124809,3.338399983330631,4.555254916351359,0.016179296015436655,0.014253313098783716,1.154697124756119,1.0538218571774747,1.1042594909667969,0.091351053257592,0.8059797423101382,0,0.15946695964806917,0.18277714580376303,0.14048507371963892,0.10818799691121317,1.1439492409473282,1.0792320568855815,0.8636534989115118,0.0,0.0,0.0,0.0,0.0,0.0,11351252793.265747,2,23,4,2,17,0,0,0,0.5877852522924732,-0.8090169943749473,0.8660254037844387,-0.4999999999999998,0.01012583360643525,1.1512778997421265,79.71320230013706,0.009177768277881679,1.1396790742874146,77.94212260113127,-0.004152990399168905,1.1292672157287598,76.96602737448015,0.007548715960574773,1.1343141794204712,76.14273960389123,-0.005374859221748646,1.098454475402832,55.15144674998653,-0.005072068371072948,1.0856702327728271,78.32182512942785,0.0031713311796837773,0.010152213672617753,0.6916669000449984,1.1372446090032151,-0.014129519405897227,0.02753679368654884,0.4666666666666667,0.0014729056584106544,0.007689034330950024,1.2654873183436737,3.515485057604235,-0.014129519405897227,0.02753679368654884,0.43333333333333335,0.0013801872225230466,0.006815203206411764,0.8257485173016602,2.8016900535461136,-0.01448189426502745,0.02753679368654884,0.47619047619047616
1.132733702659607,1.1394323110580444,1.1322335004806519,1.132733702659607,0,-0.0021091061414329868,0.003927005358487813,3,0.0,0.0,0.0066986083984375,0.0005002021789550781,0.007198810577392578,0.0,0.9305159836296387,0.0694840024791779,-0.0023915767669677734,-0.002106883539731602,0,1.1376166343688965,-0.004292247195883503,1.12753986120224,0.0046063483302207775,1.1068783283233643,0.023358822349581088,1.081791272163391,0.047090812897418566,1.0609048235416412,0.06770529968127326,,,1.1349528228688175,-0.0019552533500077907,1.124243467608144,0.007551953998692795,1.107201269676774,0.023060335622610673,1.089923034270377,0.03927861595654836,0.017042197931370184,0.014600846086055583,0.002441351845314601,0,56.66536143895787,30.20169335978003,13.201030536311517,17.000662823468513,1,1,0,0,0,70.1773057594141,1,0,66.99115907876632,79.01487329404182,-12.023714215275504,77.20205309315085,-33.00884077065059,0.0,-0.10874223894845603,3.7742715013833417,4.536598363685651,0.014981897957030779,0.013226319584674963,1.1575289772720738,1.0562276793746548,1.1068783283233643,0.09151981324064086,0.7552324086400293,0,0.1602983717456092,0.17773765265360528,0.14055126969509366,0.10839678357206256,1.1435680689965309,1.0836404771684078,0.8192090473129868,0.0,0.0,0.0,0.0,0.0,0.0,11327337025.59607,3,24,4,2,17,0,0,0,-0.587785252292473,-0.8090169943749475,0.8660254037844387,-0.4999999999999998,-0.014129519405897227,1.1351252794265747,70.23186203774083,0.01012583360643525,1.1512778997421265,79.71320230013706,0.009177768277881679,1.1396790742874146,77.94212260113127,-0.0003062899835378224,1.1339668035507202,77.0845675030726,-0.006318140368247303,1.0915361642837524,48.23508789408205,-0.0019306529647782715,1.0835762023925781,73.97044951170419,0.0030617453588850235,0.010203017248393844,0.7108738669911688,1.0860154111094538,-0.014129519405897227,0.02753679368654884,0.4666666666666667,0.0014677003099159089,0.00769148601748959,1.265985793995707,3.5110091568302977,-0.014129519405897227,0.02753679368654884,0.43333333333333335,0.0013402662601008457,0.00682835552978498,0.8369261835836069,2.7778159618394116,-0.01448189426502745,0.02753679368654884,0.4603174603174603
1.1371906995773315,1.1384334564208984,1.1316184997558594,1.1371906995773315,0,0.003927005358487813,-0.0025327013127678976,1,0.0,0.0,0.0012427568435668945,0.005572199821472168,0.0068149566650390625,0.0,0.1823572601285272,0.8176427251978654,0.004456996917724609,0.003934726146901352,0,1.1392013311386109,-0.0017649484828931028,1.1314544916152953,0.005069764541161481,1.1098004281520844,0.024680357502101957,1.0838051867485046,0.04925748038174804,1.061775506734848,0.07102743683294799,,,1.1356987817716555,0.001313656164372512,1.1262353494495576,0.00972740735953237,1.109422708928667,0.025029224949772555,1.0917766682039831,0.04159644787417616,0.016812640520890598,0.015043204973022587,0.0017694355478680111,0,54.06646370778956,28.226371100358023,12.92785281019327,15.298518290164752,1,1,0,0,0,68.54982541520373,0,0,73.32172679335389,71.58958076173222,1.7321460316216672,71.13287295661158,-26.678273053881828,0.0,0.7016482669656154,3.5650930229124356,5.260644989440766,0.013892972451431883,0.012216924087907068,1.1603611989179572,1.0592396573862115,1.1098004281520844,0.09111687016647695,0.7708648516751687,0,0.1580489221676673,0.17731375802243643,0.13943224874890484,0.10850746086616503,1.143636544318177,1.0880646545124497,0.8840088963722429,0.0,0.0,0.0,0.0,0.0,0.0,11371906994.773315,4,25,4,2,17,0,0,0,-0.9510565162951536,0.30901699437494723,0.8660254037844387,-0.4999999999999998,-0.0021091061414329868,1.132733702659607,70.1773057594141,-0.014129519405897227,1.1351252794265747,70.23186203774083,0.01012583360643525,1.1512778997421265,79.71320230013706,-0.004152990399168905,1.1292672157287598,76.96602737448015,0.00594474617600662,1.0980443954467773,54.753808301336655,-0.0029753684650426575,1.0803569555282593,64.19849744744602,0.003464763078454393,0.01010269313175485,0.6052575739922837,1.1307097052389856,-0.014129519405897227,0.02753679368654884,0.5333333333333333,0.0013694667482567035,0.0076386951303995905,1.3218880397654624,3.768958005798928,-0.014129519405897227,0.02753679368654884,0.43333333333333335,0.0013936738528753869,0.006835327543974902,0.811085747299929,2.7265825681258433,-0.01448189426502745,0.02753679368654884,0.4603174603174603
1.1343141794204712,1.140823245048523,1.133105993270874,1.1343141794204712,0,-0.0025327013127678976,0.005801755768966738,4,0.0,0.0,0.006509065628051758,0.001208186149597168,0.007717251777648926,0.0,0.8434434603467622,0.15655652669525724,-0.0028765201568603516,-0.002529496730562904,0,1.1381283521652221,-0.0033512677521472245,1.1353652834892274,-0.0009257850173411963,1.1128058314323426,0.019328033048237492,1.0857074975967407,0.04476959201888775,1.062607822418213,0.06748148788546038,,,1.1352372476545942,-0.0008131061026660502,1.1274782463681596,0.0060630286870058114,1.1112665215576896,0.020739991094486543,1.0934448058987474,0.037376713664476036,0.016211724810470063,0.015276908940512084,0.0009348158699579792,0,52.32020351628761,28.442128169358817,11.910041191283128,16.53208697807569,1,1,0,0,0,63.10527957655382,0,0,68.92743118944547,69.74677235385523,-0.8193411644097637,64.86135943690111,-31.072568657790253,0.0,-0.47073733193686573,3.570826806175864,5.150919418291111,0.013069543028260824,0.011521978005940068,1.161572039809799,1.064039623054886,1.1128058314323426,0.08764549393186595,0.7205251200749383,0,0.14287217477622538,0.17726071715012834,0.13984893970065246,0.10854419248949197,1.1437481216628023,1.091469949549759,0.8195433783743238,0.0,0.0,0.0,0.0,0.0,0.0,11343141793.204712,0,28,4,2,18,0,0,0,0.0,1.0,0.8660254037844387,-0.4999999999999998,0.003927005358487813,1.1371906995773315,68.54982541520373,-0.0021091061414329868,1.132733702659607,70.1773057594141,-0.014129519405897227,1.1351252794265747,70.23186203774083,0.009177768277881679,1.1396790742874146,77.94212260113127,-0.0025880638328910897,1.0952062606811523,56.87006920760676,-0.0014897398063046796,1.0787487030029297,49.20717315354111,0.002603546906699848,0.010020866544441153,0.8736644237059704,1.6140062836482674,-0.014129519405897227,0.02753679368654884,0.4666666666666667,0.0013704277038253934,0.0076381853508352615,1.3218583330965539,3.7700050934673097,-0.014129519405897227,0.02753679368654884,0.43333333333333335,0.001275076664819079,0.006837641418750492,0.8585323957635654,2.7808251457201996,-0.01448189426502745,0.02753679368654884,0.4444444444444444
1.1409143209457397,1.1419566869735718,1.1371389627456665,1.1409143209457397,0,0.005801755768966738,-0.0017440288024672278,1,0.0,0.0,0.0010423660278320312,0.003775358200073242,0.0048177242279052734,0.0,0.21636066260463013,0.7836393166386821,0.006600141525268555,0.00581861854892685,0,1.1360556364059449,0.0042768014907599294,1.1368783354759215,0.0035500591782968716,1.115846538543701,0.022465259723356112,1.087602436542511,0.049017805134572434,1.0635028243064881,0.07278917814106678,,,1.1371296054183095,0.003328306121891167,1.1295453347647104,0.010065099407799316,1.1134626548456932,0.024654321254613976,1.0953063555084335,0.04163946014169828,0.01608267991901724,0.015438063136213116,0.0006446167828041242,0,51.058688592094796,27.318681884495412,10.927017970560277,16.391663913935133,1,1,0,0,0,68.47556609613406,0,0,79.01009055148417,73.75308284476118,5.2570077067229875,69.99854424190103,-20.989909295751552,0.0,-0.9001804689126813,1.3439987191540936,6.210000694699214,0.012345938298239458,0.01082109153202969,1.1635996075467305,1.0680934695406716,1.115846538543701,0.08559074630651768,0.7624729975386616,0,0.12378919588929331,0.11865864536008672,0.13817812290247447,0.1086887877581235,1.1445204631874701,1.0951367099945122,0.9269771513651915,0.0,0.0,0.0,0.0,0.0,0.0,11409143208.457397,1,29,4,2,18,0,0,0,0.9510565162951535,0.30901699437494745,0.8660254037844387,-0.4999999999999998,-0.0025327013127678976,1.1343141794204712,63.10527957655382,0.003927005358487813,1.1371906995773315,68.54982541520373,-0.0021091061414329868,1.132733702659607,70.1773057594141,0.01012583360643525,1.1512778997421265,79.71320230013706,0.02753679368654884,1.1257838010787964,71.55952251059371,-0.004219871121378601,1.0742061138153076,45.4866472180855,0.002170063211280655,0.009706991732487895,1.0365717425848229,2.4649422962226537,-0.014129519405897227,0.02753679368654884,0.4666666666666667,0.001657672783857197,0.007637369480251726,1.2146321769926942,3.553775746685406,-0.014129519405897227,0.02753679368654884,0.4666666666666667,0.0014013574319757666,0.006846750064501816,0.8048645581162104,2.6860136028793664,-0.01448189426502745,0.02753679368654884,0.4603174603174603
1.1389262676239014,1.1398869752883911,1.1327080726623535,1.1389262676239014,0,-0.0017440288024672278,-0.005667270687163898,0,0.0,0.0,0.0009607076644897461,0.0062181949615478516,0.007178902626037598,0.0,0.13382374732635632,0.8661762387439383,-0.001988053321838379,-0.0017425088678141652,0,1.1368158340454102,0.0018564427193061839,1.1373395442962646,0.001395118314011512,1.1186732709407807,0.01810447885670663,1.089402527809143,0.045459541763509304,1.064306491613388,0.07011117238455045,,,1.1377284928201736,0.0010527772761086407,1.130988555204586,0.007018384299368741,1.1153488483848197,0.0211390536432714,1.0970169402972754,0.03820299002078209,0.01563970681976623,0.01547839187292374,0.00016131494684249077,0,47.56239064365697,24.78423754152404,14.922493547967395,9.861743993556644,1,1,0,0,0,71.54529528103657,1,0,73.49497055602353,73.81083076565106,-0.31586020962753025,56.13483486251389,-26.505029275456415,0.0,0.33485186756185836,0.4065970687051168,5.446354890444138,0.01179397962959236,0.010355349563727384,1.1647517465043296,1.072594795377232,1.1186732709407807,0.082380578416214,0.719766348207551,0,0.061865409808461995,0.1141160314667863,0.13872528941296042,0.1087126209026796,1.1452353726152151,1.0980594540968456,0.8662642874566707,0.0,0.0,0.0,0.0,0.0,0.0,11389262675.239014,2,30,4,2,18,0,1,0,0.5877852522924732,-0.8090169943749473,0.8660254037844387,-0.4999999999999998,0.005801755768966738,1.1409143209457397,68.47556609613406,-0.0025327013127678976,1.1343141794204712,63.10527957655382,0.003927005358487813,1.1371906995773315,68.54982541520373,-0.014129519405897227,1.1351252794265747,70.23186203774083,0.007548715960574773,1.1343141794204712,76.14273960389123,0.005471904928493531,1.080100178718567,43.976864831696965,0.002412118572566083,0.00954940177156584,1.035953810998237,2.7010610248020592,-0.014129519405897227,0.02753679368654884,0.4666666666666667,0.0015209208212910782,0.007661080108689764,1.2575087788435626,3.571243953012961,-0.014129519405897227,0.02753679368654884,0.43333333333333335,0.0013980281136603038,0.006848251411488865,0.8055397773927186,2.682756914596946,-0.01448189426502745,0.02753679368654884,0.4603174603174603
1.1324899196624756,1.1340954303741455,1.126697063446045,1.1324899196624756,0,-0.005667270687163898,-0.0025109355398079715,1,0.0,0.0,0.0016055107116699219,0.005792856216430664,0.007398366928100586,0.0,0.21700879472076037,0.7829911917627435,-0.006436347961425781,-0.005651242002073203,0,1.136767077445984,-0.003762563121322726,1.13719185590744,-0.00413469048351478,1.121203362941742,0.010066466970018784,1.0910815906524658,0.037951633737539625,1.0650659275054932,0.0633049939064021,,,1.1359823017676076,-0.0030743280061585887,1.1312195343519535,0.0011230226952696487,1.1166185573683498,0.014213772543875791,1.098408037527283,0.03102843466879035,0.014600976983603742,0.01530290889505974,-0.0007019319114559986,1,41.78738388311582,21.374503527668708,19.631801211121918,1.74270231654679,1,1,0,0,0,65.67045269823879,0,0,62.64843364340279,71.71783158363682,-9.069397940234033,30.99751511636961,-37.35156618807716,0.0,-0.021521651254741148,-0.1302404870777707,4.628481879309798,0.011852009569360906,0.010465443764697442,1.164233450936989,1.078173274946495,1.121203362941742,0.07675697275561061,0.6311472644311767,0,0.07556942919808701,0.11815452320291536,0.1416049011096432,0.109575918155599,1.146384052142985,1.0989760138655413,0.7069245415747849,0.0,0.0,0.0,0.0,0.0,0.0,11324899195.624756,3,1,5,2,18,1,0,0,-0.587785252292473,-0.8090169943749475,0.49999999999999994,-0.8660254037844387,-0.0017440288024672278,1.1389262676239014,71.54529528103657,0.005801755768966738,1.1409143209457397,68.47556609613406,-0.0025327013127678976,1.1343141794204712,63.10527957655382,-0.0021091061414329868,1.132733702659607,70.1773057594141,-0.0003062899835378224,1.1339668035507202,77.0845675030726,0.002119260589161071,1.082391619682312,48.440042627713375,0.00245550988463831,0.009508289264313853,1.0468843133493397,2.767210072830179,-0.014129519405897227,0.02753679368654884,0.4666666666666667,0.0012161076542552692,0.007761817103140904,1.3055380555507874,3.4746204331758856,-0.014129519405897227,0.02753679368654884,0.4,0.0013138639473329618,0.006902634026697198,0.8068443893959912,2.5614981633842793,-0.01448189426502745,0.02753679368654884,0.4603174603174603
1.1296498775482178,1.1378635168075562,1.1275228261947632,1.1296498775482178,0,-0.0025109355398079715,0.002363767033181694,3,0.0,0.0,0.008213639259338379,0.00212705135345459,0.010340690612792969,0.0,0.7943027683031743,0.2056972220262919,-0.0028400421142578125,-0.002507785777778466,0,1.1352589130401611,-0.004940754507206324,1.137230122089386,-0.006665532765325222,1.123705917596817,0.005289604475505305,1.0927779126167296,0.03374149898383427,1.0658072221279145,0.05990075314637999,,,1.1338714936944778,-0.0037231875652261603,1.1309780486898404,-0.0011743563396688916,1.1175838403446363,0.010796538628172092,1.0996332077241824,0.02729698367642852,0.013394208345204106,0.014921168785088614,-0.001526960439884508,0,38.142897188419525,23.15733409995975,17.30850892117875,5.848825178781002,1,1,0,0,0,65.66931304871528,0,0,15.431384434175378,50.5249295445339,-35.09354511035852,27.9385421068355,-84.56861522761112,0.0,-0.663109716946908,0.03388585218166984,4.414670870642889,0.011650500375151848,0.010313372847352186,1.1621224499683163,1.0852893852253176,1.123705917596817,0.0683747086608551,0.5773620044123814,0,0.06767009373607155,0.11686973420703023,0.14225756852739696,0.10955047410275343,1.1466448284730386,1.1000428269724314,0.635317144304819,0.0,0.0,0.0,0.0,0.0,0.0,11296498774.482178,4,2,5,2,18,0,0,0,-0.9510565162951536,0.30901699437494723,0.49999999999999994,-0.8660254037844387,-0.005667270687163898,1.1324899196624756,65.67045269823879,-0.0017440288024672278,1.1389262676239014,71.54529528103657,0.005801755768966738,1.1409143209457397,68.47556609613406,0.003927005358487813,1.1371906995773315,68.54982541520373,-0.004152990399168905,1.1292672157287598,76.96602737448015,-0.00046531882945168224,1.0818880796432495,38.833615636529316,0.0018917977702506707,0.009537258314902649,1.2265535694309668,3.04864899487348,-0.014129519405897227,0.02753679368654884,0.4,0.0010704782318044976,0.007790292351488682,1.347301977754954,3.4908790573559965,-0.014129519405897227,0.02753679368654884,0.36666666666666664,0.0013166455917246783,0.0069010312020263654,0.8065657805949438,2.565089714578486,-0.01448189426502745,0.02753679368654884,0.4603174603174603
1.1323232650756836,1.1364539861679077,1.1312856674194336,1.1323232650756836,0,0.002363767033181694,-0.0008714538758396441,2,0.0,0.0,0.004130721092224121,0.00103759765625,0.005168318748474121,0.0,0.7992388266532091,0.2007611539981395,0.0026733875274658203,0.002366562932783617,0,1.1348607301712037,-0.0022359265131270956,1.1364945411682128,-0.0036703002443588817,1.1257786095142364,0.005813448048804126,1.094582359790802,0.03447973087072831,1.0665974867343904,0.061621913657760485,,,1.1333554174882132,-0.0009107050590767551,1.1311850050568932,0.0010062544266422613,1.1186756495839731,0.01219979660374837,1.1009151707575746,0.028529077488906873,0.012509355472920092,0.01443880612265491,-0.001929450649734819,0,34.98434205301564,21.248203966975982,15.88156591488088,5.366638052095102,1,1,0,0,0,53.98729659523217,0,0,20.124252133558556,32.73469007037891,-12.610437936820354,31.267772911896067,-79.87574750875336,0.0,-0.17551701115159357,-0.6454281189930744,4.883710632926297,0.011004314807756927,0.00971835088635185,1.161082686561173,1.0904745324672998,1.1257786095142364,0.06271939570611319,0.5926897974627289,1,0.07103507381611308,0.10648673232436505,0.1414449679473499,0.10475197632538753,1.1462076418480533,1.1021903826170258,0.6845697100777298,0.0,0.0,0.0,0.0,0.0,0.0,11323232649.756836,0,5,5,2,19,0,0,0,0.0,1.0,0.49999999999999994,-0.8660254037844387,-0.0025109355398079715,1.1296498775482178,65.66931304871528,-0.005667270687163898,1.1324899196624756,65.67045269823879,-0.0017440288024672278,1.1389262676239014,71.54529528103657,-0.0025327013127678976,1.1343141794204712,63.10527957655382,0.009177768277881679,1.1396790742874146,77.94212260113127,-0.0021182604350527302,1.0795987844467163,39.296708702626844,0.002221919827988856,0.009456475607144573,1.146135739640799,3.054441586648327,-0.014129519405897227,0.02753679368654884,0.4666666666666667,0.0012333972720443458,0.007763594182373756,1.2976244452161838,3.455064204460345,-0.014129519405897227,0.02753679368654884,0.4,0.0015840370409026013,0.006598754254750024,1.0256133173338076,2.914649530082321,-0.014129519405897227,0.02753679368654884,0.47619047619047616
1.1313369274139404,1.1361182928085327,1.1281206607818604,1.1313369274139404,0,-0.0008714538758396441,0.002594115160183952,3,0.0,0.0,0.004781365394592285,0.003216266632080078,0.007997632026672363,0.0,0.5978476277555048,0.40215235974079433,-0.000986337661743164,-0.0008710742701114868,0,1.1329452514648437,-0.00141959565008265,1.1345004439353943,-0.0027884666225438393,1.1271267354488372,0.0037353313805061905,1.0962079739570618,0.03204588379964668,1.0674040055274963,0.0598957109486018,,,1.1326825874634556,-0.001188029342280128,1.1312083777272082,0.00011363917493190101,1.1196135220158225,0.01047093936125676,1.1021081808225301,0.02652075993750813,0.011594855711385632,0.013870016040401056,-0.0022751603290154243,0,30.62194888563864,19.111343008863553,18.26426473987369,0.8470782689898648,1,1,0,0,0,48.00076116935863,0,0,16.59623996826778,17.383958845333904,-0.7877188770661228,19.438174892374814,-83.40375967404414,0.0,-0.8394489714056985,-1.7320728846312972,3.709655775031817,0.010603423770278985,0.009372472083607763,1.1610203803499775,1.093233090547697,1.1271267354488372,0.06014167499032169,0.5621088690988008,1,0.04600766830573286,0.0880475506797884,0.1386553072853757,0.10410986712164777,1.1460856612189454,1.1036719661378294,0.6522648205485386,0.0,0.0,0.0,0.0,0.0,0.0,11313369273.139404,1,6,5,2,19,0,0,0,0.9510565162951535,0.30901699437494745,0.49999999999999994,-0.8660254037844387,0.002363767033181694,1.1323232650756836,53.98729659523217,-0.0025109355398079715,1.1296498775482178,65.66931304871528,-0.005667270687163898,1.1324899196624756,65.67045269823879,0.005801755768966738,1.1409143209457397,68.47556609613406,0.01012583360643525,1.1512778997421265,79.71320230013706,0.010385541263550277,1.090869426727295,55.26577188342967,0.00032803665716295727,0.006363249692822929,-0.37421557960298196,0.5688783180485166,-0.014129519405897227,0.01012583360643525,0.4,0.0013734177552187892,0.00768341647593184,1.2997499532006638,3.6128164190296355,-0.014129519405897227,0.02753679368654884,0.4,0.0014474074820060583,0.006558305176949045,1.0946400284975597,3.146698400586076,-0.014129519405897227,0.02753679368654884,0.4603174603174603
1.1342755556106567,1.1377729177474976,1.1327080726623535,1.1342755556106567,0,0.002594115160183952,-0.0032274857133955054,1,0.0,0.0,0.0034973621368408203,0.0015674829483032227,0.005064845085144043,0.0,0.6905170857145077,0.3094828945415523,0.0029386281967163086,0.0025974827880619134,0,1.1320151090621948,0.0019968341678184842,1.1344154715538024,-0.0001233375660345537,1.1289177894592286,0.004745931104088719,1.0979438376426698,0.03309068881217425,1.068272705078125,0.06178464554284968,,,1.133213576845856,0.0009371390233983146,1.1316802512477389,0.0022933193893126536,1.120699598578403,0.012113823319169104,1.1033696465004958,0.02801047600446749,0.0109806526693359,0.013292143366188027,-0.0023114906968521275,0,27.62770709513139,19.674812510924728,16.704400491165618,2.9704120197591095,1,1,0,0,0,50.20035493222628,0,0,27.107362507134464,21.275951536320267,5.831410970814197,33.53727368518736,-72.89263713517747,0.0,-0.4083417992410743,-0.07485727182000579,2.707518994698277,0.01004776597871607,0.008858311305510637,1.1601100647392912,1.097725514179166,1.1289177894592286,0.05526049030061127,0.5858828996079103,1,0.05507704196358229,0.05660404679855245,0.13330580756235397,0.10396560149045028,1.1458692734388927,1.1056782095240285,0.7115349341349078,0.0,0.0,0.0,0.0,0.0,0.0,11342755555.106567,2,7,5,2,19,0,0,0,0.5877852522924732,-0.8090169943749473,0.49999999999999994,-0.8660254037844387,-0.0008714538758396441,1.1313369274139404,48.00076116935863,0.002363767033181694,1.1323232650756836,53.98729659523217,-0.0025109355398079715,1.1296498775482178,65.66931304871528,-0.0017440288024672278,1.1389262676239014,71.54529528103657,-0.014129519405897227,1.1351252794265747,70.23186203774083,0.012304011200254634,1.1043744087219238,63.24832707097596,-2.270062863097445e-06,0.006084134035016663,-0.3735053004366394,1.0701503689617227,-0.014129519405897227,0.01012583360643525,0.4,0.0015242433593841967,0.00766069804481603,1.2511694483412517,3.5781959343892993,-0.014129519405897227,0.02753679368654884,0.43333333333333335,0.0014189272671082543,0.006549217296404228,1.1112579768020932,3.2015133913511242,-0.014129519405897227,0.02753679368654884,0.4603174603174603
1.1306205987930298,1.1336711645126343,1.123608112335205,1.1306205987930298,0,-0.0032274857133955054,-0.007277214631164086,0,0.0,0.0,0.003050565719604492,0.007012486457824707,0.0100630521774292,0.0,0.30314517260798907,0.6968548174546682,-0.003654956817626953,-0.003222282979850532,0,1.1316412448883058,-0.0009019167512638315,1.1342041611671447,-0.003159539169836356,1.1308720111846924,-0.00022231737027167409,1.0996335601806642,0.028179422338161952,1.0690688586235046,0.057575094033717855,,,1.1323492508282473,-0.0015266068607371341,1.1315172277931682,-0.0007924131228721487,1.12143448748319,0.008191393533506064,1.1044383112962814,0.02370642807894585,0.010082740309978133,0.012650262754946049,-0.002567522444967916,0,26.849308412206234,16.912431803376652,26.3361824423758,-9.423750638999149,1,1,0,0,0,50.890308934061714,0,0,22.587209787672453,22.0969374210249,0.49027236664755236,-29.80789728699168,-77.41278989022767,0.0,-0.1650629146441207,-0.18654904163403208,2.9283073728113784,0.010130389618280815,0.008960025695798658,1.1566266620034071,1.1051173603659776,1.1308720111846924,0.04554830354224962,0.4951190865885897,1,0.042928661996711304,0.057990855553940866,0.132159289864771,0.10434391474060575,1.146496126176267,1.1059745677031436,0.6082202155529403,0.0,0.0,0.0,0.0,0.0,0.0,11306205986.930298,3,8,5,2,19,0,0,0,-0.587785252292473,-0.8090169943749475,0.49999999999999994,-0.8660254037844387,0.002594115160183952,1.1342755556106567,50.20035493222628,-0.0008714538758396441,1.1313369274139404,48.00076116935863,0.002363767033181694,1.1323232650756836,53.98729659523217,-0.005667270687163898,1.1324899196624756,65.67045269823879,-0.0021091061414329868,1.132733702659607,70.1773057594141,-0.005374859221748646,1.098454475402832,55.15144674998653,-0.00019701644485360965,0.006141046403187735,-0.26533325840211963,0.8474308876314642,-0.014129519405897227,0.01012583360643525,0.4,0.0015158394511057684,0.007665940897155919,1.2508002896865553,3.566812321565193,-0.014129519405897227,0.02753679368654884,0.43333333333333335,0.0013248317266585047,0.006573048791108798,1.1375644426044607,3.1824256333954524,-0.014129519405897227,0.02753679368654884,0.4444444444444444
1.122422695159912,1.1291142702102661,1.1199839115142822,1.122422695159912,0,-0.007277214631164086,0.00048270107969245125,2,0.0,0.0,0.006691575050354004,0.002438783645629883,0.009130358695983887,0.0,0.7328928906164548,0.26710709843107316,-0.008197903633117676,-0.007250799818386553,0,1.1301958084106445,-0.006877669596895508,1.132727360725403,-0.00909721617210868,1.1320909261703491,-0.008540154227972496,1.1010338139533997,0.019426180044162633,1.0697757375240327,0.04921307867086999,,,1.1290403989388023,-0.005861352600424308,1.1301180689265133,-0.0068093538874482995,1.1215076880518362,0.0008158722563764709,1.105143581251718,0.015635175464766116,0.008610380874677137,0.011842286378892269,-0.0032319055042151316,0,27.351971626274025,14.560413980366834,27.4120951223238,-12.851681141956968,0,1,0,0,0,38.30747162849865,0,0,7.034180637605606,18.909584310804174,-11.87540367319857,-129.2470413384525,-92.96581907396451,0.0,-0.6397718914458284,-1.298639218814257,2.829638805089596,0.010197895973009715,0.009085610987800148,1.1531907300890007,1.1109911222516975,1.1320909261703491,0.037275811384098814,0.2708928700285253,1,0.06555418990865852,0.06281167990319125,0.13290234908293505,0.10561633614894086,1.146268029192411,1.1054764453003723,0.4154349549859902,0.0,0.0,0.0,0.0,0.0,0.0,11224226950.599121,4,9,5,2,19,0,0,0,-0.9510565162951536,0.30901699437494723,0.49999999999999994,-0.8660254037844387,-0.0032274857133955054,1.1306205987930298,50.890308934061714,0.002594115160183952,1.1342755556106567,50.20035493222628,-0.0008714538758396441,1.1313369274139404,48.00076116935863,-0.0025109355398079715,1.1296498775482178,65.66931304871528,0.003927005358487813,1.1371906995773315,68.54982541520373,-0.006318140368247303,1.0915361642837524,48.23508789408205,-0.00040529806031995504,0.006334728942930191,-0.22287569861152656,0.41389796482973196,-0.014129519405897227,0.01012583360643525,0.4,0.0013229236236104549,0.00781554737696984,1.2091808387328622,3.252774164115278,-0.014129519405897227,0.02753679368654884,0.43333333333333335,0.0012324166303528108,0.0066532038056166375,1.1051957674663389,2.9960300334334704,-0.014129519405897227,0.02753679368654884,0.4444444444444444
1.12296462059021,1.1242902278900146,1.1075055599212646,1.12296462059021,0,0.00048270107969245125,-0.012010660324811111,0,0.0,0.0,0.0013256072998046875,0.015459060668945312,0.01678466796875,0.0,0.07897727225674049,0.9210227217854413,0.0005419254302978516,0.0004828175985628671,0,1.1283240795135498,-0.004749928783914226,1.1315924048423767,-0.007624462937789067,1.133478844165802,-0.009276065211788254,1.1025155520439147,0.018547646250005823,1.070510332584381,0.04899932892221237,,,1.1270151394892716,-0.003594023590967721,1.129017538413236,-0.005361225770679212,1.1216156089806046,0.0012027396005223068,1.1058424455395022,0.015483376513736768,0.0074019294326312934,0.010954214989640075,-0.0035522855570087816,0,30.651959520586097,11.618451833031004,36.894734217960334,-25.27628238492933,0,1,0,0,0,27.434381056257465,0,1,42.351127570928014,23.990839332068692,18.360288238859322,-254.20201243737029,-57.64887215511532,0.0,-0.8264993552744904,-1.0005657194605333,2.2695097982165846,0.01107613223910842,0.009863295810958564,1.1464483855992924,1.1205093027323114,1.133478844165802,0.022884487873951222,0.09465708024543602,1,0.06009323221663364,0.06298802625652332,0.13185475936157184,0.10424474643740758,1.1477475858525912,1.1034430568961575,0.4406223045320381,0.0,0.0,0.0,0.0,0.0,0.0,11229646204.9021,0,12,5,2,20,0,0,0,0.0,1.0,0.49999999999999994,-0.8660254037844387,-0.007277214631164086,1.122422695159912,38.30747162849865,-0.0032274857133955054,1.1306205987930298,50.890308934061714,0.002594115160183952,1.1342755556106567,50.20035493222628,0.002363767033181694,1.1323232650756836,53.98729659523217,-0.0025327013127678976,1.1343141794204712,63.10527957655382,0.00594474617600662,1.0980443954467773,54.753808301336655,-0.0009849692068659036,0.005767620042615904,-0.3238848098619569,1.2136311454041906,-0.014129519405897227,0.01012583360643525,0.4,0.0014796760303128233,0.007747406471659345,1.1898066055868808,3.3630102010486533,-0.014129519405897227,0.02753679368654884,0.4666666666666667,0.0013537487806855604,0.006566801775199212,1.1269045246464997,3.18745789504991,-0.014129519405897227,0.02753679368654884,0.4603174603174603
1.1095577478408813,1.1177430152893066,1.109668493270874,1.1095577478408813,0,-0.012010660324811111,0.008076757706772764,4,0.0,0.0,0.008185267448425293,-0.00011074542999267578,0.008074522018432617,0.0,1.0137154036323544,-0.013715416016988148,-0.013406872749328613,-0.0119388202462588,0,1.123968243598938,-0.012821088085756105,1.128456747531891,-0.01674765101158715,1.1326675415039062,-0.020402980498850032,1.103916471004486,0.005110238758147423,1.071255657672882,0.03575438765721772,,,1.1211960089398083,-0.010380219966082405,1.1260237244790274,-0.014623117061145385,1.1207224340813657,-0.009962044124368519,1.105988143668968,0.003227524718075969,0.005301290397661695,0.009823630071244399,-0.004522339673582704,0,33.51194902898725,9.807235662463876,31.143164199451853,-21.33592853698798,0,1,0,0,0,28.69006152864982,0,1,5.95680922294372,18.447372477159117,-12.490563254215397,-262.475609803068,-94.04319048679001,0.0,-1.925083416382678,-2.7483722948508427,1.310391263724453,0.011372131583138757,0.010249247147562326,1.1492035226539075,1.116131560353905,1.1326675415039062,0.029198296133012773,-0.19877297976799857,1,0.0935860841106008,0.07192142699405461,0.13899418407532557,0.10753115341018599,1.146812196585081,1.101323670252526,0.18101438393621902,0.0,0.0,0.0,0.0,0.0,0.0,11095577477.408813,1,13,5,2,20,0,0,0,0.9510565162951535,0.30901699437494745,0.49999999999999994,-0.8660254037844387,0.00048270107969245125,1.12296462059021,27.434381056257465,-0.007277214631164086,1.122422695159912,38.30747162849865,-0.0032274857133955054,1.1306205987930298,50.890308934061714,-0.0008714538758396441,1.1313369274139404,48.00076116935863,0.005801755768966738,1.1409143209457397,68.47556609613406,-0.0025880638328910897,1.0952062606811523,56.87006920760676,-0.0024607354689489946,0.005549541859800683,-0.7276056345880018,0.2978220978095855,-0.014129519405897227,0.005801755768966738,0.3333333333333333,0.0008969238552026684,0.008086835160643555,1.1022715033110064,2.959363996350768,-0.014129519405897227,0.02753679368654884,0.43333333333333335,0.0011786444997381026,0.006773825955125885,0.97957090602891,2.8200058660873975,-0.014129519405897227,0.02753679368654884,0.4603174603174603
1.1185556650161743,1.1264559030532837,1.1182429790496826,1.1185556650161743,0,0.008076757706772764,-0.00032425159137525964,2,0.0,0.0,0.007900238037109375,0.0003126859664916992,0.008212924003601074,0.0,0.9619275592289235,0.03807242859514525,0.008997917175292969,0.008109462704389487,0,1.1208242654800415,-0.0020240466177747773,1.126419687271118,-0.006981431914863889,1.1318796157836915,-0.011771526477323047,1.1054598903656006,0.011846449304513396,1.0720762646198272,0.043354565179645865,,,1.1203158942985971,-0.0015711902252066867,1.124874792253973,-0.005617627295723238,1.1205619326691294,-0.0017904121979204213,1.1064809876433683,0.010912683911028509,0.00431285958484362,0.008721475973964244,-0.0044086163891206235,0,31.457867882768387,17.576315213254233,25.34841255213054,-7.772097338876307,0,1,0,0,0,39.355192424944875,0,0,32.074727326213655,26.794221373361797,5.280505952851858,-127.56875564386081,-67.92527238352008,0.0,-1.3858969733346105,-1.788579575939142,-0.6420536568118695,0.012108934733707236,0.010825509280711201,1.1495482069918386,1.1142110245755443,1.1318796157836915,0.031219912365596826,0.12294812804123931,1,0.12145400533811666,0.09042505035722806,0.103265998629337,0.10796364624233686,1.1477608249431104,1.0993250860082815,0.39703283961590036,0.0,0.0,0.0,0.0,0.0,0.0,11185556649.161743,2,14,5,2,20,0,0,0,0.5877852522924732,-0.8090169943749473,0.49999999999999994,-0.8660254037844387,-0.012010660324811111,1.1095577478408813,28.69006152864982,0.00048270107969245125,1.12296462059021,27.434381056257465,-0.007277214631164086,1.122422695159912,38.30747162849865,0.002594115160183952,1.1342755556106567,50.20035493222628,-0.0017440288024672278,1.1389262676239014,71.54529528103657,0.02753679368654884,1.1257838010787964,71.55952251059371,-0.000980316994770995,0.005162830542392204,-0.2730742051917748,0.34720629296620803,-0.012010660324811111,0.008076757706772764,0.4,0.0010955070924563916,0.008190370781318141,1.0078122546997768,2.5554301519486993,-0.014129519405897227,0.02753679368654884,0.43333333333333335,0.0012094201261579121,0.006801070442689914,0.96474783031937,2.719923909201947,-0.014129519405897227,0.02753679368654884,0.4603174603174603
1.1181930303573608,1.1227755546569824,1.117480754852295,1.1181930303573608,0,-0.00032425159137525964,0.0009621084651180851,2,0.0,0.0,0.004582524299621582,0.000712275505065918,0.0052947998046875,0.0,0.8654763885533544,0.13452359256019075,-0.00036263465881347656,-0.00032419902748050805,0,1.1183387517929078,-0.0001303017849468846,1.1249899983406066,-0.00604180312062097,1.1310909271240235,-0.011403059255649106,1.1068536758422851,0.01024467340312385,1.0728251183032989,0.04228826411296538,,,1.1196082729848518,-0.001264051687999368,1.1238468288852634,-0.00503075551052401,1.1203864584238132,-0.0019577424823059575,1.106940283436074,0.010165631325061542,0.0034603704614502018,0.0076692548714614355,-0.004208884410011234,0,29.918574722366493,16.468459432730846,24.658051041142482,-8.189591608411636,0,1,0,0,0,34.80226966763499,0,0,31.022121246852937,23.017885932003438,8.004235314849499,-123.10044998145132,-68.9778784628808,0.0,-1.0991811443145205,-1.262429718524627,-1.4212243270507963,0.011200383409837937,0.01001650261159004,1.149747809412239,1.1124340448358079,1.1310909271240235,0.03298918210581744,0.15433943938630657,1,0.12254093836003323,0.08797954187486966,0.09924293353496567,0.10796869257074163,1.1454342056174354,1.1006326719780835,0.39195886644061595,0.0,0.0,0.0,0.0,0.0,0.0,11181930302.573608,3,15,5,2,20,0,0,0,-0.587785252292473,-0.8090169943749475,0.49999999999999994,-0.8660254037844387,0.008076757706772764,1.1185556650161743,39.355192424944875,-0.012010660324811111,1.1095577478408813,28.69006152864982,0.00048270107969245125,1.12296462059021,27.434381056257465,-0.0032274857133955054,1.1306205987930298,50.890308934061714,-0.005667270687163898,1.1324899196624756,65.67045269823879,0.007548715960574773,1.1343141794204712,76.14273960389123,-0.0008613266914338131,0.005155519548600285,-0.35311081370367453,0.4089304864884312,-0.012010660324811111,0.008076757706772764,0.4,0.0011002093337256055,0.008189484229387593,1.0063572837655934,2.55530840842824,-0.014129519405897227,0.02753679368654884,0.43333333333333335,0.001162922887026847,0.006801388331499271,0.9854597065497116,2.7472765903259533,-0.014129519405897227,0.02753679368654884,0.4444444444444444
1.1192693710327148,1.1219944953918457,1.1141440868377686,1.1192693710327148,0,0.0009621084651180851,-0.00045882807253922446,2,0.0,0.0,0.0027251243591308594,0.005125284194946289,0.007850408554077148,0.0,0.34713152897022154,0.6528684582915881,0.001076340675354004,0.0009625714398468048,0,1.1177080869674683,0.0013968620101361129,1.1239519476890565,-0.004166171663791185,1.1305910348892212,-0.010013933956777077,1.107985076904297,0.010184518061315151,1.0736119854450226,0.042526896218016974,,,1.1194953056674728,-0.00020181838511867944,1.123142604600256,-0.0034485680191740364,1.1203037112096579,-0.0009232677411501466,1.1074237770673148,0.010696531995818326,0.002838893390598063,0.006703182575288761,-0.0038642891846906984,0,29.655197294194835,14.865489990877775,26.395013030316758,-11.529523039438983,0,1,0,0,0,37.60754507225057,0,0,34.14637512277271,32.4144078986131,1.731967224159611,-112.9005817732573,-65.85362458696102,0.0,-0.2809390919120691,-0.9189136140157594,-1.2961078289050576,0.0107537200957365,0.009607803423454355,1.1499752492462751,1.1112068205321672,1.1305910348892212,0.03429040874579155,0.20796691398578493,1,0.11479442312043323,0.08833517747068809,0.09940051844273834,0.10738443866343689,1.1441823963449425,1.1011675159619965,0.42082774303871834,0.0,0.0,0.0,0.0,0.0,0.0,11192693709.327148,4,16,5,2,20,0,0,0,-0.9510565162951536,0.30901699437494723,0.49999999999999994,-0.8660254037844387,-0.00032425159137525964,1.1181930303573608,34.80226966763499,0.008076757706772764,1.1185556650161743,39.355192424944875,-0.012010660324811111,1.1095577478408813,28.69006152864982,-0.007277214631164086,1.122422695159912,38.30747162849865,-0.0025109355398079715,1.1296498775482178,65.66931304871528,-0.0003062899835378224,1.1339668035507202,77.0845675030726,-0.0010589864843251284,0.005013710462806327,-0.31521615193045954,0.7319418280441834,-0.012010660324811111,0.008076757706772764,0.4,0.001202888297064633,0.008167019760894198,0.9765319817465823,2.561835414008771,-0.014129519405897227,0.02753679368654884,0.4666666666666667,0.001072107289604402,0.006764583794802935,1.0341762978001738,2.926853969054822,-0.014129519405897227,0.02753679368654884,0.4444444444444444
1.1187559366226196,1.128604531288147,1.1173559427261353,1.1187559366226196,0,-0.00045882807253922446,0.00409175580635506,3,0.0,0.0,0.009848594665527344,0.001399993896484375,0.011248588562011719,0.0,0.8755404754720583,0.1244595156379376,-0.0005134344100952148,-0.00045872282699526806,0,1.1168663501739502,0.0016918643382943799,1.12259521484375,-0.0034200023926902468,1.1295448780059814,-0.009551582847644458,1.108770318031311,0.009006029768309443,1.0743969655036927,0.04128731971427535,,,1.1192488493191886,-0.0004403960717267452,1.1224677326036965,-0.0033068176241790592,1.1201890612402476,-0.0012793596787255002,1.1078681754812483,0.009827668382710764,0.0022786713634488365,0.005818280332920777,-0.0035396089694719407,0,26.246154170247284,20.95053469220825,22.736173797311814,-1.785639105103563,0,1,0,0,0,29.713930726801024,0,1,34.743313530492,33.30393663337255,1.4393768971194518,-74.20497638955827,-65.25668616068887,0.0,-0.3747833093244113,-1.1981850829636653,-0.9308053009718154,0.010819702557906529,0.009671191189029755,1.1491213950664052,1.1099683609455575,1.1295448780059814,0.03466266359110886,0.22444175405396874,1,0.11444834200885663,0.08651198534920973,0.09856694780262236,0.1073800379024247,1.1439411213139634,1.1006623110823373,0.4180712316636945,0.0,0.0,0.0,0.0,0.0,0.0,11187559365.226196,0,19,5,2,21,0,0,0,0.0,1.0,0.49999999999999994,-0.8660254037844387,0.0009621084651180851,1.1192693710327148,37.60754507225057,-0.00032425159137525964,1.1181930303573608,34.80226966763499,0.008076757706772764,1.1185556650161743,39.355192424944875,0.00048270107969245125,1.12296462059021,27.434381056257465,0.002363767033181694,1.1323232650756836,53.98729659523217,-0.004152990399168905,1.1292672157287598,76.96602737448015,-0.0009207282683098834,0.004998740706969395,-0.41156951464464303,0.8389451113255327,-0.012010660324811111,0.008076757706772764,0.4,0.0008414093191949827,0.007984524505344816,1.1341234447527493,3.2664794040550476,-0.014129519405897227,0.02753679368654884,0.43333333333333335,0.001023089029642488,0.006764306572916799,1.0563601002625,2.96016140357705,-0.014129519405897227,0.02753679368654884,0.42857142857142855
1.1233429908752441,1.1277261972427368,1.12186861038208,1.1233429908752441,0,0.00409175580635506,0.004842086185194891,3,0.0,0.0,0.004383206367492676,0.0014743804931640625,0.005857586860656738,0.0,0.7482955689660374,0.2517044139620863,0.004587054252624512,0.004100138468147239,0,1.1196233987808228,0.003322181367537924,1.1217958211898804,0.0013791900058823803,1.1281481325626372,-0.004259318123456035,1.1096612739562988,0.012329633500620218,1.0752308440208436,0.04474587668077845,,,1.120613563171207,0.0024356546212680463,1.122602387722396,0.0006597198267899174,1.120422685657655,0.002606431621486216,1.1084750309868954,0.013412985742917716,0.0021797020647411625,0.005090564679284854,-0.0029108626145436913,0,23.291650129492577,18.58060126280177,20.164248109940942,-1.5836468471391711,0,1,0,0,0,36.38153528897827,0,0,52.168961702960026,40.35288345207491,11.816078250885113,-41.389041491815945,-47.831037967637045,0.0,1.2424087940612338,-0.7065920279796023,-1.43339329296579,0.010573110299534616,0.009412183442169732,1.1449911308552885,1.111305134269986,1.1281481325626372,0.029859550895853824,0.3573549186540878,1,0.05763421231585556,0.09054230693005692,0.09376826027598006,0.10751562571806479,1.1435471058140858,1.1012546646159471,0.5222759807972859,0.0,0.0,0.0,0.0,0.0,0.0,11233429907.752441,1,20,5,2,21,0,0,0,0.9510565162951535,0.30901699437494745,0.49999999999999994,-0.8660254037844387,-0.00045882807253922446,1.1187559366226196,29.713930726801024,0.0009621084651180851,1.1192693710327148,37.60754507225057,-0.00032425159137525964,1.1181930303573608,34.80226966763499,-0.012010660324811111,1.1095577478408813,28.69006152864982,-0.0008714538758396441,1.1313369274139404,48.00076116935863,0.009177768277881679,1.1396790742874146,77.94212260113127,-0.0010347282658173288,0.004851818408398441,-0.497101373372911,1.0757827158564237,-0.012010660324811111,0.008076757706772764,0.4,0.0005676674727316637,0.007714187082934457,1.253246090184699,4.231473264313345,-0.014129519405897227,0.02753679368654884,0.43333333333333335,0.001093863584712084,0.006772847802464279,1.021683731530626,2.8838365596091227,-0.014129519405897227,0.02753679368654884,0.4444444444444444
1.1287955045700073,1.1362345218658447,1.1287446022033691,1.1287955045700073,0,0.004842086185194891,0.003822646550956042,3,0.0,0.0,0.007439017295837402,5.0902366638183594e-05,0.007489919662475586,0.0,0.9932038702346047,0.006796116414117529,0.005452513694763184,0.004853828028098093,0,1.1216713666915894,0.006351359221012931,1.1212478160858155,0.006731507767718137,1.127831643819809,0.0008546139447269674,1.1105159974098207,0.01646037256660504,1.0760956180095673,0.04897323766917716,,,1.1233408769708073,0.004855718874419823,1.1235551749297208,0.004664060703692519,1.1210428944659774,0.006915533778064198,1.1092719123038803,0.017600366463636385,0.0025122804637434104,0.004574907836176565,-0.0020626273724331547,0,23.00182261010409,26.070486283698063,16.979264199065558,9.091222084632506,0,1,0,0,0,46.71490329766263,0,0,70.12970160790597,52.347325613786005,17.782375994119967,29.00113015324112,-29.8702980626911,0.0,0.9154519416505691,-0.483132252435714,-1.9528208764499788,0.010882233058343413,0.009640570868081842,1.1443575183916368,1.1113057692479813,1.127831643819809,0.029305569959700063,0.5291621690910442,1,0.039543695729346594,0.09349376545584241,0.08767953816839248,0.10735449544142503,1.1447743626988454,1.1012454304654715,0.6329140786991697,0.0,0.0,0.0,0.0,0.0,0.0,11287955044.700073,2,21,5,2,21,0,0,0,0.5877852522924732,-0.8090169943749473,0.49999999999999994,-0.8660254037844387,0.00409175580635506,1.1233429908752441,36.38153528897827,-0.00045882807253922446,1.1187559366226196,29.713930726801024,0.0009621084651180851,1.1192693710327148,37.60754507225057,0.008076757706772764,1.1185556650161743,39.355192424944875,0.002594115160183952,1.1342755556106567,50.20035493222628,0.01012583360643525,1.1512778997421265,79.71320230013706,-0.0005956539333065207,0.0050758815768531616,-0.6062278932767035,0.6832274652481461,-0.012010660324811111,0.008076757706772764,0.4666666666666667,0.0009082323196297815,0.0076681816563561565,1.1566801135066802,4.153055125438607,-0.014129519405897227,0.02753679368654884,0.4666666666666667,0.001226878240239327,0.0067626975491149495,0.9735295266088871,2.8336590796871826,-0.014129519405897227,0.02753679368654884,0.4603174603174603
1.133118748664856,1.134455680847168,1.1267098188400269,1.133118748664856,0,0.003822646550956042,-0.004364242923425007,1,0.0,0.0,0.0013369321823120117,0.0064089298248291016,0.007745862007141113,0.0,0.17259953299187433,0.8274004540980069,0.004323244094848633,0.0038299621826652225,0,1.1246565103530883,0.007524286867248486,1.121497631072998,0.010362141808273995,1.1278508961200715,0.004670699347262497,1.1114995646476746,0.019450465481818835,1.0769974279403687,0.052109057239441814,,,1.1266001675354902,0.005786064316896988,1.1250264939658954,0.007192945803182749,1.1219374021844128,0.009966105379566104,1.110207082357252,0.020637290618695125,0.0030890917814825336,0.004277744625237759,-0.0011886528437552255,0,21.739125393026693,23.49737950336006,17.896172340116575,5.601207163243487,0,1,0,0,0,53.00526792741544,0,0,84.62314023581224,68.9739345155594,15.649205720252837,33.015273700934166,-15.376859433798824,0.0,1.3348069521346373,0.22095386148925922,-0.1767673399655445,0.01046405025151644,0.009234734014349924,1.1444016944978908,1.1113000977422522,1.1278508961200715,0.029349266704115442,0.6591419446547677,1,0.03617574678926377,0.09439600290954026,0.07475156739384005,0.1071894536618596,1.1449007449025912,1.1030445438965255,0.7185125255901968,0.0,0.0,0.0,0.0,0.0,0.0,11331187485.64856,3,22,5,2,21,0,0,0,-0.587785252292473,-0.8090169943749475,0.49999999999999994,-0.8660254037844387,0.004842086185194891,1.1287955045700073,46.71490329766263,0.00409175580635506,1.1233429908752441,36.38153528897827,-0.00045882807253922446,1.1187559366226196,29.713930726801024,-0.00032425159137525964,1.1181930303573608,34.80226966763499,-0.0032274857133955054,1.1306205987930298,50.890308934061714,-0.014129519405897227,1.1351252794265747,70.23186203774083,3.70072159014753e-05,0.004989275739572348,-0.9360044180996344,1.4349355371659993,-0.012010660324811111,0.008076757706772764,0.5333333333333333,0.001246258550269893,0.007561414718116401,1.0969458459987504,4.310737511641294,-0.014129519405897227,0.02753679368654884,0.5,0.0013291271086101248,0.0067523008942419575,0.9351361040693841,2.8071857984971107,-0.014129519405897227,0.02753679368654884,0.47619047619047616
1.1281843185424805,1.1376564502716064,1.1279934644699097,1.1281843185424805,0,-0.004364242923425007,0.008030940913750891,4,0.0,0.0,0.009472131729125977,0.00019085407257080078,0.009662985801696777,0.0,0.980248944320897,0.01975104533033497,-0.004934430122375488,-0.0043547334538010345,0,1.1264394998550415,0.0015489678651259275,1.1220737934112548,0.005445742576434487,1.1274005770683289,0.0006951756013111599,1.1122349095344544,0.014339964309579178,1.0778731191158295,0.046676365176685275,,,1.1271282178711537,0.0009369835254660064,1.125512313131524,0.0023740347213836444,1.122400136729455,0.0051534043192160706,1.1109120720115748,0.015547806945760634,0.0031121764020689557,0.004044630980603999,-0.0009324545785350429,0,21.821693852672517,24.694893896318963,15.66996237606122,9.024931520257743,0,1,0,0,0,46.54939267207622,0,0,68.32032935155337,74.35772373175719,-6.037394380203821,34.698419477835856,-31.679670318057692,0.0,0.7964970489221956,0.5133202854337826,-0.40162874172849916,0.010357241658207153,0.009180451710824872,1.1433609615769842,1.1114401925596735,1.1274005770683289,0.02831360003157482,0.5245527111602892,1,0.062230403149786735,0.08888941422609764,0.07592032678341387,0.10701402603552132,1.1450882395391082,1.1036592729062795,0.5919782116305372,0.0,0.0,0.0,0.0,0.0,0.0,11281843184.424805,4,23,5,2,21,0,0,0,-0.9510565162951536,0.30901699437494723,0.49999999999999994,-0.8660254037844387,0.003822646550956042,1.133118748664856,53.00526792741544,0.004842086185194891,1.1287955045700073,46.71490329766263,0.00409175580635506,1.1233429908752441,36.38153528897827,0.0009621084651180851,1.1192693710327148,37.60754507225057,-0.007277214631164086,1.122422695159912,38.30747162849865,-0.0021091061414329868,1.132733702659607,70.1773057594141,-8.654660967299377e-05,0.005079020019101904,-0.8462600989975839,1.0164954371710713,-0.012010660324811111,0.008076757706772764,0.5333333333333333,0.0009026255802888389,0.007574763489915308,1.2132478166035416,4.5010348189805525,-0.014129519405897227,0.02753679368654884,0.4666666666666667,0.0011391402849719315,0.006741249992518589,1.0036113787725103,2.957473144726105,-0.014129519405897227,0.02753679368654884,0.4603174603174603
1.1372811794281006,1.1418914794921875,1.136932134628296,1.1372811794281006,0,0.008030940913750891,0.0013771138296125233,3,0.0,0.0,0.004610300064086914,0.0003490447998046875,0.0049593448638916016,0.0,0.9296187495836564,0.07038123025239039,0.009096860885620117,0.008063275419894305,0,1.1301445484161377,0.006314794794465284,1.123505449295044,0.012261382479697103,1.1275489270687102,0.00863133476950595,1.1132080340385437,0.02162501935964367,1.0788940703868866,0.0541175547612982,,,1.130512538390136,0.005987232080596483,1.1273229079463818,0.008833557191679997,1.123502436188614,0.012264097250205719,1.1119461546553602,0.0227843988347749,0.003820471757767896,0.003999799136036778,-0.00017932737826888232,0,23.289071359775413,25.743972503090387,13.01918201738392,12.724790485706466,1,1,0,0,0,54.36533393365281,0,0,86.59247678058924,79.84531545598495,6.747161324604292,108.68804923818615,-13.407522928594053,0.0,1.6558788381857648,1.2748895713531994,0.007956436049183502,0.01080389756374047,0.009499759389514738,1.1438317830897606,1.1112660710476598,1.1275489270687102,0.02888186158260441,0.7988496694598163,1,0.07291883432843584,0.09656465960653914,0.07994967197757917,0.10763587101338853,1.1472108297506896,1.1039952394957278,0.7702299021943386,0.0,0.0,0.0,0.0,0.0,0.0,11372811793.281006,0,26,5,2,22,0,0,0,0.0,1.0,0.49999999999999994,-0.8660254037844387,-0.004364242923425007,1.1281843185424805,46.54939267207622,0.003822646550956042,1.133118748664856,53.00526792741544,0.004842086185194891,1.1287955045700073,46.71490329766263,-0.00045882807253922446,1.1187559366226196,29.713930726801024,0.00048270107969245125,1.12296462059021,27.434381056257465,0.003927005358487813,1.1371906995773315,68.54982541520373,0.0002912649823649527,0.005470039590615015,-0.6549958882153076,0.5136761258655943,-0.012010660324811111,0.008076757706772764,0.5333333333333333,0.0012565924051769048,0.007653719869622127,1.0606755047229968,3.9715668219981755,-0.014129519405897227,0.02753679368654884,0.5,0.0013055704795308684,0.006780422544077425,0.9302218405876461,2.7336939913093254,-0.014129519405897227,0.02753679368654884,0.47619047619047616
1.1388484239578247,1.1409013271331787,1.1325156688690186,1.1388484239578247,0,0.0013771138296125233,-0.004522343467707766,1,0.0,0.0,0.002052903175354004,0.006332755088806152,0.008385658264160156,0.0,0.24481121054585284,0.7551887775290251,0.001567244529724121,0.001378062486160571,0,1.1332456350326539,0.004944019770713792,1.1264345169067382,0.011020531387899712,1.1274456322193145,0.010113828384835877,1.1142737197875976,0.022054459000169224,1.0800143492221832,0.05447527125224383,,,1.133291166912699,0.004903644453326361,1.1290960642558345,0.008637316088382585,1.1246391760233703,0.012634494810534358,1.113001145608398,0.02322304729792135,0.004456888232464262,0.004091216955322275,0.000365671277141987,1,22.088557882205635,22.99778969050171,17.248516235237048,5.74927345526466,1,1,0,0,0,53.42725107311167,0,0,91.1502857463602,82.02103062616759,9.12925512019261,98.48426684856517,-8.849713962823095,0.0,1.3802937489732825,2.6398514339556423,0.39973444920438084,0.010481465657129763,0.009203565141516646,1.143394271038655,1.1114969933999739,1.1274456322193145,0.02829163262894019,0.8574847917094276,1,0.07356967722921619,0.0623462357328392,0.07953286296764522,0.10750679445613247,1.147827431588384,1.1059015689598652,0.7858360652301697,0.0,0.0,0.0,0.0,0.0,0.0,11388484238.578247,1,27,5,2,22,0,0,0,0.9510565162951535,0.30901699437494745,0.49999999999999994,-0.8660254037844387,0.008030940913750891,1.1372811794281006,54.36533393365281,-0.004364242923425007,1.1281843185424805,46.54939267207622,0.003822646550956042,1.133118748664856,53.00526792741544,0.00409175580635506,1.1233429908752441,36.38153528897827,-0.012010660324811111,1.1095577478408813,28.69006152864982,-0.0025327013127678976,1.1343141794204712,63.10527957655382,0.0004411694960617638,0.005466709286006813,-0.7497003444166768,0.6267681058327818,-0.012010660324811111,0.008076757706772764,0.6,0.000384603076612361,0.005829053249522275,-0.5001432908301309,0.35158282308357747,-0.014129519405897227,0.01012583360643525,0.5,0.0013478679656885417,0.006772291485253903,0.9151601021607226,2.7369783880466114,-0.014129519405897227,0.02753679368654884,0.49206349206349204
1.1337097883224487,1.1345586776733398,1.128426194190979,1.1337097883224487,0,-0.004522343467707766,-0.009163703876655521,0,0.0,0.0,0.0008488893508911133,0.0052835941314697266,0.00613248348236084,0.0,0.1384250507140068,0.8615749329793863,-0.0051386356353759766,-0.004512133069532231,0,1.134228491783142,-0.0004573184013673126,1.1279499292373658,0.005106484636659969,1.127184808254242,0.005788740160305839,1.11518536567688,0.016611070333284017,1.0810460996627809,0.0487154882397931,,,1.1334307073826158,0.0002462266444613892,1.1298058679583907,0.003455390323620078,1.1253110732307094,0.007463460718359904,1.1138132492442432,0.017863442538432306,0.004494794727681217,0.004171932509794064,0.0003228622178871529,0,19.21642087673128,19.946448016445718,20.166076257446164,-0.21962824100044642,1,1,0,0,0,52.26489986714808,0,0,76.20627469604278,84.64967907433073,-8.443404378287951,48.638277439328284,-23.7937250131405,0.0,0.4353564248391839,1.3547938453340347,-0.6314700842144694,0.010473567538425222,0.009238314465820338,1.1425009827833414,1.1118686337251424,1.127184808254242,0.02717597756034708,0.7130094556088044,1,0.08575504837817408,0.06345917568013158,0.07838697286510113,0.10771912987048246,1.1484635675460535,1.1065692973923527,0.6478330035525215,0.0,0.0,0.0,0.0,0.0,0.0,11337097882.224487,2,28,5,2,22,0,0,0,0.5877852522924732,-0.8090169943749473,0.49999999999999994,-0.8660254037844387,0.0013771138296125233,1.1388484239578247,53.42725107311167,0.008030940913750891,1.1372811794281006,54.36533393365281,-0.004364242923425007,1.1281843185424805,46.54939267207622,0.004842086185194891,1.1287955045700073,46.71490329766263,0.008076757706772764,1.1185556650161743,39.355192424944875,0.005801755768966738,1.1409143209457397,68.47556609613406,-3.32610791310173e-05,0.005574263347850568,-0.47469491881737447,0.08139090017386671,-0.012010660324811111,0.008076757706772764,0.5333333333333333,-1.7765570997056983e-05,0.005733310372227668,-0.39490177856344194,0.35991054217236634,-0.014129519405897227,0.01012583360643525,0.4666666666666667,0.0011811504053699674,0.006785667359084901,0.9698118956283462,2.7944549701778363,-0.014129519405897227,0.02753679368654884,0.47619047619047616
1.123368263244629,1.1369450092315674,1.12271249294281,1.123368263244629,0,-0.009163703876655521,0.012798111458263317,4,0.0,0.0,0.013576745986938477,0.0006557703018188477,0.014232516288757324,0.0,0.9539244934692744,0.04607549950456123,-0.010341525077819824,-0.009121845099538218,0,1.1322783946990966,-0.007869205661253154,1.1284674525260925,-0.004518685381308174,1.1267287254333496,-0.002982494554871651,1.1158143782615662,0.006769840064397403,1.0818934094905854,0.03833543423629737,,,1.1300765593366202,-0.005936143118777437,1.1288154672331965,-0.0048255930629976795,1.1251671613798886,-0.0015987830936103897,1.114187955675631,0.00823946033648082,0.003648305853307887,0.004067207178496829,-0.0004189013251889419,1,19.021661006425308,16.497465958647542,23.62074367158284,-7.123277712935298,1,1,0,0,0,50.672134028579904,0,0,46.131391788185766,71.16265074352957,-25.0312589553438,1.6772063534396489,-53.868607920997526,0.0,-0.8604998753851678,0.4628210645897246,-1.3660238438200634,0.01097476070513617,0.009769512868790485,1.1419225003944045,1.1115349504722947,1.1267287254333496,0.026969712614476483,0.3894131894056741,1,0.10497794257165714,0.08259983647605193,0.08411198340298497,0.10932663970446481,1.1490708901438016,1.105171847323257,0.41450598260892924,0.0,0.0,0.0,0.0,0.0,0.0,11233682631.44629,3,29,5,2,22,0,0,0,-0.587785252292473,-0.8090169943749475,0.49999999999999994,-0.8660254037844387,-0.004522343467707766,1.1337097883224487,52.26489986714808,0.0013771138296125233,1.1388484239578247,53.42725107311167,0.008030940913750891,1.1372811794281006,54.36533393365281,0.003822646550956042,1.133118748664856,53.00526792741544,-0.00032425159137525964,1.1181930303573608,34.80226966763499,-0.0017440288024672278,1.1389262676239014,71.54529528103657,-0.000429008956681685,0.006010861806065275,-0.42682194994589107,-0.5349219158659804,-0.012010660324811111,0.008076757706772764,0.5333333333333333,-0.0003130127007676469,0.005971785391291554,-0.32312312037866303,-0.05425840919702803,-0.014129519405897227,0.01012583360643525,0.4666666666666667,0.0010890603076505957,0.006886930960294616,0.9174166719494375,2.5906721171944502,-0.014129519405897227,0.02753679368654884,0.47619047619047616
1.1378376483917236,1.1390429735183716,1.1314393281936646,1.1378376483917236,0,0.012798111458263317,-0.0022049726468498553,1,0.0,0.0,0.0012053251266479492,0.006398320198059082,0.007603645324707031,0.0,0.1585193758156326,0.841480611032781,0.014469385147094727,0.01288035777690097,0,1.1342090606689452,0.003199222919554545,1.1303242802619935,0.006647090715705017,1.127138113975525,0.009492655942146433,1.1166921663284302,0.01893582009348571,1.0829262447357177,0.05070650362189344,,,1.1326635890216548,0.004568045905034568,1.1302034951037392,0.006754671367042775,1.1261057159733578,0.010418144718485234,1.1151153946056738,0.02037659402240366,0.0040977791303813405,0.0040733215688737315,2.4457561507608937e-05,1,17.780498915590783,15.936654506514751,19.36553707325276,-3.428882566738009,1,1,0,0,0,58.82482657769253,0,0,87.41944287832033,69.91903645418296,17.500406424137367,88.9522270178102,-12.580556811342197,0.0,0.8556518372560218,1.6589641278110134,0.4722098304276168,0.011601420647617038,0.010196024593662778,1.1430858202847272,1.1111904076663228,1.127138113975525,0.028297696812927715,0.8354568401626224,1,0.14200603221173363,0.10336667169042515,0.093989937893447,0.10985338135583707,1.1513448080914486,1.1049391255009804,0.7089330655941555,0.0,0.0,0.0,0.0,0.0,0.0,11378376482.917236,4,30,5,2,22,0,0,0,-0.9510565162951536,0.30901699437494723,0.49999999999999994,-0.8660254037844387,-0.009163703876655521,1.123368263244629,50.672134028579904,-0.004522343467707766,1.1337097883224487,52.26489986714808,0.0013771138296125233,1.1388484239578247,53.42725107311167,-0.004364242923425007,1.1281843185424805,46.54939267207622,0.0009621084651180851,1.1192693710327148,37.60754507225057,-0.005667270687163898,1.1324899196624756,65.67045269823879,0.0009093461159468085,0.006584708010272121,-0.27786017942991903,0.05437928865011343,-0.012010660324811111,0.012798111458263317,0.6,0.0002520240278134271,0.006383660594208849,-0.2216681233759658,-0.04154718461490885,-0.014129519405897227,0.012798111458263317,0.5,0.0014345790772255273,0.006920112565406771,0.8813028578467155,2.343435386543783,-0.014129519405897227,0.02753679368654884,0.49206349206349204
1.1353315114974976,1.1449114084243774,1.135589361190796,1.1353315114974976,0,-0.0022049726468498553,0.008780564361130163,4,0.0,0.0,0.009579896926879883,-0.00025784969329833984,0.009322047233581543,0.0,1.02766018923434,-0.02766019996159724,-0.0025061368942260742,-0.002202543480212769,0,1.1338191270828246,0.0013338849896020744,1.1319818377494812,0.0029591231378587324,1.1272885262966157,0.007134806141060768,1.1175749802589416,0.01588844726360361,1.0839648580551147,0.04738774781851118,,,1.1335528965136024,0.0015690620960069346,1.130992420702779,0.0038365338395800475,1.1267891082344053,0.007581190748035871,1.1159081835033924,0.01740584770279674,0.004203312468373799,0.004099319748773745,0.00010399271960005382,0,16.756964463805595,21.109257016566826,17.234960873240908,3.8742961433259175,1,1,0,0,0,67.56486994315495,0,0,68.86340278669944,67.47141248440184,1.3919903022976001,108.68948336975787,-31.136596888280398,0.0,-0.17143235691137182,1.4816077691544915,0.5029553016560495,0.011297504192412305,0.009950841738300612,1.1434967622939272,1.1110802902993042,1.1272885262966157,0.028756144709679944,0.7481141417056297,1,0.13147750825678475,0.10472468500476893,0.09388366281167365,0.11009099631356586,1.1514216937240185,1.1062316769543694,0.6439438743089393,0.0,0.0,0.0,0.0,0.0,0.0,11353315113.974976,0,2,6,2,23,0,0,0,0.0,1.0,1.2246467991473532e-16,-1.0,0.012798111458263317,1.1378376483917236,58.82482657769253,-0.009163703876655521,1.123368263244629,50.672134028579904,-0.004522343467707766,1.1337097883224487,52.26489986714808,0.008030940913750891,1.1372811794281006,54.36533393365281,-0.00045882807253922446,1.1187559366226196,29.713930726801024,-0.0025109355398079715,1.1296498775482178,65.66931304871528,0.0007301678675106549,0.006633533301266931,-0.18675245208942978,-0.08525885142458305,-0.012010660324811111,0.012798111458263317,0.5333333333333333,-0.000127400669677624,0.006169534672245903,-0.16183392859368842,0.18195832673974163,-0.014129519405897227,0.012798111458263317,0.4666666666666667,0.001371006697488496,0.006935080900786283,0.9016013209067395,2.3322099531079328,-0.014129519405897227,0.02753679368654884,0.47619047619047616
1.1453442573547363,1.145514726638794,1.1367640495300293,1.1453442573547363,0,0.008780564361130163,-0.006040683214396936,0,0.0,0.0,0.0001704692840576172,0.008580207824707031,0.008750677108764648,0.0,0.019480696178219868,0.9805192923940932,0.01001274585723877,0.008819226591491394,0,1.135118293762207,0.009008720542892146,1.1341819643974305,0.009841712535300307,1.1279888927936554,0.015386112904497429,1.11876846075058,0.023754509922411682,1.0851206994056701,0.055499409306726255,,,1.1374833501273138,0.006910788738887064,1.133200395572311,0.010716429087743728,1.1281635637248,0.015228903042825426,1.1170625393406999,0.025317936029075616,0.005036831847510914,0.004286822168521179,0.0007500096789897354,0,16.121334529937176,19.260012257438177,15.136017708069526,4.123994549368652,1,1,0,0,0,68.0073965945379,0,0,99.45659577045463,85.24648047849145,14.210115291963177,133.62277923051994,-0.5434039107759646,0.0,0.5703861251646458,1.9585528781685957,1.149935948563452,0.011148932318930183,0.009734132114746108,1.1460395084706867,1.1099382771166242,1.1279888927936554,0.032004952869217715,0.9807416204947177,1,0.14715143168431785,0.11049655517418558,0.09824379487601549,0.1105556830591759,1.1526976520737726,1.1081019227980518,0.8351098878306568,0.0,0.0,0.0,0.0,0.0,0.0,11453442572.547363,1,3,6,2,23,0,0,0,0.9510565162951535,0.30901699437494745,1.2246467991473532e-16,-1.0,-0.0022049726468498553,1.1353315114974976,67.56486994315495,0.012798111458263317,1.1378376483917236,58.82482657769253,-0.009163703876655521,1.123368263244629,50.672134028579904,0.0013771138296125233,1.1388484239578247,53.42725107311167,0.00409175580635506,1.1233429908752441,36.38153528897827,0.002363767033181694,1.1323232650756836,53.98729659523217,0.0021162495132400734,0.005914356278068787,-0.05887422957100486,-0.36698787364974805,-0.009163703876655521,0.012798111458263317,0.6,-0.0001722429778544602,0.006096902229200429,-0.20453319599287603,0.19938550636465796,-0.014129519405897227,0.012798111458263317,0.4666666666666667,0.001402239669032808,0.0069643534142727614,0.8884986129216872,2.239612913685671,-0.014129519405897227,0.02753679368654884,0.47619047619047616
1.1384464502334595,1.143458366394043,1.1359375715255737,1.1384464502334595,0,-0.006040683214396936,0.0032955128033733162,3,0.0,0.0,0.005011916160583496,0.002508878707885742,0.007520794868469238,0.0,0.6664077642850046,0.33359222241852876,-0.0068978071212768555,-0.006022474968884589,0,1.136065626144409,0.0020956746987590424,1.1351470589637755,0.002906575974750858,1.1281974375247956,0.009084414010229525,1.1198658657073974,0.016591794600923748,1.0862607324123383,0.04804161299324927,,,1.1378043834960292,0.0005643031848769908,1.1340074809047953,0.0039144091225316036,1.1289252590217378,0.00843385426518739,1.1179011240815924,0.01837848232499817,0.005082221883057514,0.004445902111428446,0.0006363197716290677,0,15.091244057672585,17.047206799033074,14.40646474094733,2.6407420580857437,1,1,0,0,0,62.51487846770411,0,0,77.4684975262381,81.92949869446404,-4.461001168225948,97.68029798741014,-22.5315021549925,0.0,0.4178019771726271,0.8549773297625407,0.6284178167657251,0.010916632786961172,0.009589061289412084,1.1466458635603762,1.109749011489215,1.1281974375247956,0.032704250905622075,0.7777747166918085,0,0.15117052939660683,0.11586706899537004,0.10078163703770493,0.10878166495619568,1.1529994018476963,1.1093328706998515,0.6667252630707841,0.0,0.0,0.0,0.0,0.0,0.0,11384464501.334595,2,4,6,2,23,0,0,0,0.5877852522924732,-0.8090169943749473,1.2246467991473532e-16,-1.0,0.008780564361130163,1.1453442573547363,68.0073965945379,-0.0022049726468498553,1.1353315114974976,67.56486994315495,0.012798111458263317,1.1378376483917236,58.82482657769253,-0.004522343467707766,1.1337097883224487,52.26489986714808,0.004842086185194891,1.1287955045700073,46.71490329766263,-0.0008714538758396441,1.1313369274139404,48.00076116935863,0.0011750867851620932,0.0060204154280143266,0.20507689053701922,-0.3913341085095506,-0.009163703876655521,0.012798111458263317,0.5333333333333333,9.738489519554953e-05,0.005618461983692549,0.10855438272429949,-0.03905343657713272,-0.012010660324811111,0.012798111458263317,0.4666666666666667,0.0010928948012143879,0.006852600778039136,0.9608193984410835,2.6265988170986914,-0.014129519405897227,0.02753679368654884,0.4603174603174603
1.1422044038772583,1.1494252681732178,1.1406149864196777,1.1422044038772583,0,0.0032955128033733162,0.002779412678818525,3,0.0,0.0,0.007220864295959473,0.0015894174575805664,0.008810281753540039,0.0,0.8195951521185527,0.18040483653107264,0.003757953643798828,0.0033009489754200518,0,1.139832854270935,0.0020806116416358655,1.136055624485016,0.005412392808220368,1.128776627779007,0.011895866433275115,1.1211028146743773,0.018822171191433146,1.0874175226688385,0.0503825623196863,,,1.139271056956439,0.002574757607200384,1.1352685459774818,0.006109442407913779,1.1299088993814062,0.010881854635798938,1.1188541938775007,0.02086975231039534,0.0053596465960756845,0.004628651008357894,0.0007309955877177901,0,16.77502604874938,22.045343626506337,12.476126961599443,9.569216664906895,1,1,0,0,0,63.71729262062724,0,0,77.4835788630535,84.8028907199154,-7.319311856861901,123.90898467130097,-22.516420825122044,0.0,1.676755632941318,0.8018272774241719,0.6990231101588806,0.010924924140667458,0.009564771509045045,1.1482445510808443,1.1093087044771697,1.128776627779007,0.034493845497878414,0.8448692447975973,0,0.12239866058884764,0.11551826106343945,0.1010119830825621,0.10477785773954335,1.1540672481363932,1.1103675515737232,0.7285371463626521,0.0,0.0,0.0,0.0,0.0,0.0,11422044037.772583,3,5,6,2,23,0,0,0,-0.587785252292473,-0.8090169943749475,1.2246467991473532e-16,-1.0,-0.006040683214396936,1.1384464502334595,62.51487846770411,0.008780564361130163,1.1453442573547363,68.0073965945379,-0.0022049726468498553,1.1353315114974976,67.56486994315495,-0.009163703876655521,1.123368263244629,50.672134028579904,0.003822646550956042,1.133118748664856,53.00526792741544,0.002594115160183952,1.1342755556106567,50.20035493222628,0.0014164044114786647,0.006028564771995336,0.07045920097537381,-0.4381375871182532,-0.009163703876655521,0.012798111458263317,0.6,0.0002775388600224263,0.005631904475748771,0.013910835272743258,-0.07661649761593356,-0.012010660324811111,0.012798111458263317,0.5,0.0008963139830724584,0.0066003846305937135,0.9883375450900614,3.2576449382509756,-0.014129519405897227,0.02753679368654884,0.4603174603174603
1.1453834772109985,1.1458691358566284,1.137229561805725,1.1453834772109985,0,0.002779412678818525,-0.004023623614523357,1,0.0,0.0,0.0004856586456298828,0.008153915405273438,0.00863957405090332,0.0,0.05621326203666002,0.9437867263886954,0.0031790733337402344,0.002783278827038677,0,1.1413420200347901,0.0035409693193728664,1.1377755403518677,0.0066866763158832665,1.1299246668815612,0.013681275116095515,1.1224355101585388,0.02044479771240848,1.088564522266388,0.05219622142479352,,,1.1413085303746255,0.003570416436542656,1.1368246892441767,0.007528678737404482,1.1310551644058204,0.012668093612780096,1.1198945579297948,0.022760106296119353,0.005769524838356244,0.0048568257743575646,0.0009126990639986791,0,16.16793344317609,19.654149668497347,15.373169712356079,4.280979956141268,1,1,0,0,0,65.43363997504835,0,0,85.33279660332434,80.09495766420531,5.23783893911903,102.65256857124278,-14.667203033786947,0.0,0.6631727144852828,1.524499001256996,1.305732306109464,0.010620210795365573,0.00927218787920575,1.1504919136676963,1.1093574200954261,1.1299246668815612,0.03640463366655702,0.8758113665528958,0,0.08990411837347737,0.11209411436893295,0.10048704158122214,0.10479679550917388,1.1547117335749266,1.1122308903934643,0.7804126344168234,0.0,0.0,0.0,0.0,0.0,0.0,11453834771.109985,4,6,6,2,23,0,0,0,-0.9510565162951536,0.30901699437494723,1.2246467991473532e-16,-1.0,0.0032955128033733162,1.1422044038772583,63.71729262062724,-0.006040683214396936,1.1384464502334595,62.51487846770411,0.008780564361130163,1.1453442573547363,68.0073965945379,0.012798111458263317,1.1378376483917236,58.82482657769253,-0.004364242923425007,1.1281843185424805,46.54939267207622,-0.0032274857133955054,1.1306205987930298,50.890308934061714,0.0015375580257253607,0.006037037700125345,0.0016690968283423248,-0.4604133972998258,-0.009163703876655521,0.012798111458263317,0.6,0.00023928577070011668,0.005610116971585528,0.02909716475175326,-0.031018088564559593,-0.012010660324811111,0.012798111458263317,0.5,0.0009507085337440499,0.006601577597946775,0.962871552767761,3.2187791889364403,-0.014129519405897227,0.02753679368654884,0.47619047619047616
1.1407841444015503,1.1440337896347046,1.138757586479187,1.1407841444015503,0,-0.004023623614523357,0.0017697730981871202,3,0.0,0.0,0.003249645233154297,0.0020265579223632812,0.005276203155517578,0.0,0.6159059982679757,0.3840939827790017,-0.004599332809448242,-0.0040155396865389,0,1.1424325466156007,-0.0014428880889199025,1.1381258368492126,0.0023356885205798594,1.1308156430721283,0.008815319534719812,1.1237670707702636,0.015142883229447568,1.089677095413208,0.04690109491956629,,,1.1411337350502673,-0.00030635388118727125,1.1374338361914649,0.0029454971385489692,1.1317758295906895,0.007959451398889428,1.1207137573992756,0.017908575466280663,0.005658006600775423,0.005017061939641136,0.0006409446611342863,0,15.641786518345459,17.93288395979266,14.02682248765831,3.9060614721343523,1,1,0,0,0,60.10766155125859,0,0,67.65171808325319,76.822697849877,-9.170979766623816,83.03880770985067,-32.34828154239409,0.0,0.48026790843325173,0.30801221692697833,1.635876512548795,0.010087634786891701,0.008842720014573266,1.1516554558195682,1.1099758303246885,1.1308156430721283,0.03685801991380427,0.7391696455317145,0,0.09517166760606315,0.10875196708137182,0.09786400509920863,0.1045975238779683,1.1543430417882032,1.1139925026406365,0.6639723349553351,0.0,0.0,0.0,0.0,0.0,0.0,11407841443.015503,0,9,6,2,24,0,0,0,0.0,1.0,1.2246467991473532e-16,-1.0,0.002779412678818525,1.1453834772109985,65.43363997504835,0.0032955128033733162,1.1422044038772583,63.71729262062724,-0.006040683214396936,1.1384464502334595,62.51487846770411,-0.0022049726468498553,1.1353315114974976,67.56486994315495,0.008030940913750891,1.1372811794281006,54.36533393365281,-0.007277214631164086,1.122422695159912,38.30747162849865,0.0012999049895930854,0.006189481503769336,0.0775142259289368,-0.7018572185903477,-0.009163703876655521,0.012798111458263317,0.6,0.00018958836064160135,0.005642032373087349,0.04536540212148532,-0.09258136155803386,-0.012010660324811111,0.012798111458263317,0.5,0.0007803177535849936,0.006589024665101057,1.0302291322483597,3.3721004720525865,-0.014129519405897227,0.02753679368654884,0.4603174603174603
1.1428048610687256,1.1448328495025635,1.1374623775482178,1.1428048610687256,0,0.0017697730981871202,0.0008232114164616173,2,0.0,0.0,0.0020279884338378906,0.0053424835205078125,0.007370471954345703,0.0,0.27515041355352116,0.7248495728788269,0.002020716667175293,0.0017713400707004188,0,1.1419246673583985,0.0007707983156945986,1.1385214805603028,0.0037622306484184076,1.1324779987335205,0.0091188193023104,1.1250211644172667,0.015807432884242356,1.0908031940460206,0.047672822376924495,,,1.1416907770564202,0.0009758193151740979,1.1382601477110434,0.003992684156097326,1.1325927948853587,0.009016538096111582,1.1215800751902343,0.01892400395308269,0.005667352825684757,0.00514712011684986,0.0005202327088348968,0,14.314818828038579,16.120796750983043,14.385151998633843,1.7356447523492005,1,1,0,0,0,58.45515078458277,0,0,75.21632581188207,76.06694683281985,-0.8506210209377798,80.15753978686499,-24.7836738137652,0.0,-0.2217146739684761,0.34740682145839585,1.7667734240895294,0.009725346409218903,0.008510067413672854,1.1513932626311891,1.1135627348358519,1.1324779987335205,0.033405088517660914,0.7729769543204789,0,0.06800689232842266,0.10887788807148818,0.09791749955665395,0.10446703904808632,1.1544410449237439,1.1155396592868685,0.7008799626387568,0.0,0.0,0.0,0.0,0.0,0.0,11428048609.687256,1,10,6,2,24,0,0,0,0.9510565162951535,0.30901699437494745,1.2246467991473532e-16,-1.0,-0.004023623614523357,1.1407841444015503,60.10766155125859,0.002779412678818525,1.1453834772109985,65.43363997504835,0.0032955128033733162,1.1422044038772583,63.71729262062724,0.008780564361130163,1.1453442573547363,68.0073965945379,0.0013771138296125233,1.1388484239578247,53.42725107311167,0.00048270107969245125,1.12296462059021,27.434381056257465,0.0011451061423818894,0.0061435357595663615,0.15880885586615948,-0.5982652665109268,-0.009163703876655521,0.012798111458263317,0.6,5.5188938282280763e-05,0.005551023559898175,0.08814444218760119,0.08693047104609847,-0.012010660324811111,0.012798111458263317,0.5,0.0008394085279465452,0.006580804893440718,1.0075227652315821,3.3650991186938977,-0.014129519405897227,0.02753679368654884,0.47619047619047616
1.143746018409729,1.149095058441162,1.1406019926071167,1.143746018409729,0,0.0008232114164616173,0.006264395784009404,4,0.0,0.0,0.0053490400314331055,0.0031440258026123047,0.00849306583404541,0.0,0.6298126110137539,0.3701873772119352,0.000941157341003418,0.0008235503479053402,0,1.1429845809936523,0.0006661833664878269,1.1395251035690308,0.0037040998281721027,1.1337375164031982,0.008827882786661467,1.1262482523918151,0.015536331247751223,1.091963267326355,0.04742169679884989,,,1.1423758575075231,0.001199395796997571,1.1391041278185334,0.004075036142374033,1.1334189595908677,0.00911142224202588,1.1224493278655086,0.01897340923426949,0.005685168227665738,0.005254729739013036,0.00043043848865270164,0,15.440965382025338,20.15530667234374,12.681376212568297,7.473930459775444,1,1,0,0,0,56.686928180493105,0,0,78.73957388087653,73.86920592533725,4.87036795553928,97.06909670566124,-21.260425744770743,0.0,0.46550877954625314,0.8852556616037344,3.081252024545411,0.009561042332529104,0.008359410374155348,1.1520959272712115,1.115379105535185,1.1337375164031982,0.03238564588501289,0.7725862821468515,0,0.0464658133549355,0.10543670461159162,0.08608255665836573,0.10374481202855086,1.154946309751738,1.1167021404216217,0.7071372810834502,0.0,0.0,0.0,0.0,0.0,0.0,11437460183.09729,2,11,6,2,24,0,0,0,0.5877852522924732,-0.8090169943749473,1.2246467991473532e-16,-1.0,0.0017697730981871202,1.1428048610687256,58.45515078458277,-0.004023623614523357,1.1407841444015503,60.10766155125859,0.002779412678818525,1.1453834772109985,65.43363997504835,-0.006040683214396936,1.1384464502334595,62.51487846770411,-0.004522343467707766,1.1337097883224487,52.26489986714808,-0.012010660324811111,1.1095577478408813,28.69006152864982,0.000877181157799671,0.006057826346519232,0.3001034652272389,-0.377478528063489,-0.009163703876655521,0.012798111458263317,0.6,0.0001407636122465756,0.005542111503555525,0.04029755692019517,0.10393615010271094,-0.012010660324811111,0.012798111458263317,0.5333333333333333,0.0007433640709338094,0.006535308867635427,1.0611340361019859,3.600638954483418,-0.014129519405897227,0.02753679368654884,0.47619047619047616
1.1509333848953247,1.1628718376159668,1.1502846479415894,1.1509333848953247,0,0.006264395784009404,0.007868715947294892,4,0.0,0.0,0.01193845272064209,0.0006487369537353516,0.012587189674377441,0.0,0.948460532862075,0.051539459193339916,0.007187366485595703,0.006284058146895805,0,1.1447303771972657,0.005418749883011387,1.1422816157341003,0.00757411214651027,1.1353745341300965,0.01370371643554491,1.1276291584968567,0.020666569430916493,1.093051918745041,0.05295399518756927,,,1.1452283666367904,0.004981555054202946,1.1409240135226553,0.00877303935508178,1.134716324428235,0.014291730908015277,1.123566349709815,0.024357293265450775,0.006207689094420266,0.005445321610094482,0.0007623674843257834,0,20.567495484159462,32.36349520830461,9.697077389024887,22.666417819279726,1,1,0,0,0,63.91960012038948,0,0,70.27229182129989,74.74273050468615,-4.470438683386263,178.8386196804764,-29.72770792969206,0.0,0.764222322067365,2.4537920958421333,2.8946006794111856,0.010836345915690262,0.009415267692260296,1.1537356414330193,1.1170134268271736,1.1353745341300965,0.03234370113008322,0.9236904238989558,0,0.059064604988995476,0.09185036955798574,0.0845384236535807,0.104103122811855,1.1589358845188837,1.1155905008561227,0.8153782703284277,0.0,0.0,0.0,0.0,0.0,0.0,11509333847.953247,3,12,6,2,24,0,0,0,-0.587785252292473,-0.8090169943749475,1.2246467991473532e-16,-1.0,0.0008232114164616173,1.143746018409729,56.686928180493105,0.0017697730981871202,1.1428048610687256,58.45515078458277,-0.004023623614523357,1.1407841444015503,60.10766155125859,0.0032955128033733162,1.1422044038772583,63.71729262062724,-0.009163703876655521,1.123368263244629,50.672134028579904,0.008076757706772764,1.1185556650161743,39.355192424944875,0.0010399644400032285,0.006174315923451691,0.2379487008620495,-0.6081696091241994,-0.009163703876655521,0.012798111458263317,0.6,0.0005384858279523524,0.005539062280104367,-0.09832744329998175,0.11794419706392914,-0.012010660324811111,0.012798111458263317,0.5666666666666667,0.0008834581306772696,0.006557880325366272,0.9960873478445045,3.422139438247062,-0.014129519405897227,0.02753679368654884,0.49206349206349204
1.1600254774093628,1.1612108945846558,1.1492931842803955,1.1600254774093628,0,0.007868715947294892,-0.003763006263429779,1,0.0,0.0,0.0011854171752929688,0.010732293128967285,0.011917710304260254,0.0,0.09946685521652,0.9005331363926066,0.009092092514038086,0.007899755652734862,0,1.1476587772369384,0.010775589675809716,1.1445003986358642,0.01356493950604687,1.1374123394489288,0.01988121376404428,1.1292376923561096,0.02726422006538698,1.0942462384700775,0.06011374453088658,,,1.1501607368943145,0.008576836347959027,1.1438627002744564,0.014129997446035603,1.136591076500911,0.02061814604293266,1.1249961194235227,0.031137314411961103,0.007271623773545288,0.005810582042784644,0.0014610417307606444,0,24.346044635613296,27.68006813479539,9.497686927787033,18.18238120700836,1,1,0,0,0,63.91749459743505,0,0,92.91233379757091,80.64139983324911,12.270933964321799,185.80804333793463,-7.087665953421044,0.0,1.2783491721058748,1.9499995494964173,3.741075638669722,0.010980527834166262,0.009465764370746449,1.157235815470077,1.1175888634277806,1.1374123394489288,0.03485714956989077,1.0703625799348564,0,0.07483281728498459,0.07864564292883826,0.08720523124613865,0.10475115210438207,1.1613920849960129,1.1174699736593479,0.968885655949835,0.0,0.0,0.0,0.0,0.0,0.0,11600254773.093628,4,13,6,2,24,0,0,0,-0.9510565162951536,0.30901699437494723,1.2246467991473532e-16,-1.0,0.006264395784009404,1.1509333848953247,63.91960012038948,0.0008232114164616173,1.143746018409729,56.686928180493105,0.0017697730981871202,1.1428048610687256,58.45515078458277,0.002779412678818525,1.1453834772109985,65.43363997504835,0.012798111458263317,1.1378376483917236,58.82482657769253,-0.00032425159137525964,1.1181930303573608,34.80226966763499,0.0018554950313845553,0.006217260061746722,-0.06046158419529089,-0.7144243632081501,-0.009163703876655521,0.012798111458263317,0.6666666666666666,0.0008844742108557811,0.005664764600625866,-0.20268289023150096,-0.03401498215945445,-0.012010660324811111,0.012798111458263317,0.6,0.00105305039384048,0.006598702333707029,0.9207612121419958,3.176214816194355,-0.014129519405897227,0.02753679368654884,0.5079365079365079
1.1556684970855713,1.1614806652069092,1.1524852514266968,1.1556684970855713,0,-0.003763006263429779,-0.00046212368991682803,2,0.0,0.0,0.005812168121337891,0.0031832456588745117,0.008995413780212402,0.0,0.6461257034679824,0.35387428541524185,-0.004356980323791504,-0.0037559350275186846,0,1.1506356477737427,0.00437397296105746,1.1465340971946716,0.007966967412877501,1.1392579674720764,0.014404577348243741,1.1305336737632752,0.022232706378753964,1.0953927636146545,0.0550265944486541,,,1.1519966569580669,0.0031873703842868473,1.1456789767069355,0.008719301375745836,1.1380042187664414,0.015522155301607832,1.1261989577632108,0.026167258472938437,0.0076747579404941035,0.006183417222326537,0.001491340718167567,0,27.689349527161703,24.91759710973369,8.43464285468483,16.48295425504886,1,1,0,0,0,59.952597952886194,0,0,82.06310219680088,81.74924260522388,0.3138595915769997,165.62417467136962,-17.936897554191063,0.0,1.3047475069728698,1.7912816989682057,3.2520434307312662,0.010715845960305748,0.009272421967374137,1.158636238138794,1.1198796968053588,1.1392579674720764,0.03401910931202965,0.9234260580676462,0,0.07340178930520981,0.08128463948960227,0.08925449216659104,0.10515575684998454,1.1624091467490432,1.1195457629078203,0.8427410730633144,0.0,0.0,0.0,0.0,0.0,0.0,11556684969.855713,0,16,6,2,25,0,0,0,0.0,1.0,1.2246467991473532e-16,-1.0,0.007868715947294892,1.1600254774093628,63.91749459743505,0.006264395784009404,1.1509333848953247,63.91960012038948,0.0008232114164616173,1.143746018409729,56.686928180493105,-0.004023623614523357,1.1407841444015503,60.10766155125859,-0.0022049726468498553,1.1353315114974976,67.56486994315495,0.0009621084651180851,1.1192693710327148,37.60754507225057,0.001069231886239177,0.006125583333202168,0.2356669669774785,-0.5543363215451285,-0.009163703876655521,0.012798111458263317,0.6,0.0006802484343020654,0.005719768213006373,-0.10253253312084219,-0.16718240663008313,-0.012010660324811111,0.012798111458263317,0.5666666666666667,0.000955883150381018,0.006624190036948474,0.949096249268883,3.142313468811016,-0.014129519405897227,0.02753679368654884,0.49206349206349204
1.1551345586776733,1.1574074029922485,1.1512514352798462,1.1551345586776733,0,-0.00046212368991682803,-0.005965765260147934,0,0.0,0.0,0.0022728443145751953,0.0038831233978271484,0.006155967712402344,0.0,0.36920990879713944,0.6307900749584612,-0.0005339384078979492,-0.00046201692717095166,0,1.1531015872955321,0.0017630461221833649,1.1475131273269654,0.006641694171984902,1.1408475458621978,0.012523156810952951,1.1315488767623902,0.020843714573498984,1.0965280938148498,0.053447298877300486,,,1.1530426241979357,0.0018142732416430718,1.1471336816255107,0.00697466832298721,1.13927313283394,0.013922408319140933,1.1273336872108368,0.024660729719834018,0.00786054879157061,0.006518843536175351,0.0013417052553952582,0,29.58212283691845,22.894196298107172,9.37725198652869,13.516944311578483,1,1,0,0,0,63.40787513217291,0,0,80.73355259654235,85.2363295303047,-4.502776933762348,132.07033654161592,-19.26644715444959,0.0,1.0788978966555396,0.8547911477330361,3.2517031520633566,0.010107862193918626,0.008750376410359018,1.1599426100120867,1.121752481712309,1.1408475458621978,0.03347522500700814,0.8741022448502345,0,0.0766177720750639,0.07165310546859484,0.08925541535752157,0.10506696922547042,1.1625414748209586,1.1221100260452843,0.8168030963703194,0.0,0.0,0.0,0.0,0.0,0.0,11551345585.776733,1,17,6,2,25,0,0,0,0.9510565162951535,0.30901699437494745,1.2246467991473532e-16,-1.0,-0.003763006263429779,1.1556684970855713,59.952597952886194,0.007868715947294892,1.1600254774093628,63.91749459743505,0.006264395784009404,1.1509333848953247,63.91960012038948,0.0017697730981871202,1.1428048610687256,58.45515078458277,0.008780564361130163,1.1453442573547363,68.0073965945379,-0.00045882807253922446,1.1187559366226196,29.713930726801024,0.0009466160516038869,0.0061373769139480665,0.3021866799456059,-0.5500369076468161,-0.009163703876655521,0.012798111458263317,0.5333333333333333,0.0006938927738328258,0.00571642627954854,-0.109940454089061,-0.15876219313838225,-0.012010660324811111,0.012798111458263317,0.5666666666666667,0.0008933554041297925,0.006618596942330269,0.9796917608389685,3.202175837543753,-0.014129519405897227,0.02753679368654884,0.47619047619047616
1.1482638120651245,1.1530035734176636,1.1482374668121338,1.1482638120651245,0,-0.005965765260147934,-0.00044775907821049477,2,0.0,0.0,0.0047397613525390625,2.6345252990722656e-05,0.004766106605529785,0.0,0.9944723535123215,0.005527625506192733,-0.006870746612548828,-0.005948005416632356,0,1.1540051460266114,-0.004975137312651978,1.1484948635101317,-0.0002011776911922114,1.1418209612369536,0.005642610309611884,1.132545063495636,0.013879137329497748,1.0975431454181672,0.046212913591666904,,,1.151449686820332,-0.0027668380923603353,1.1473075478469896,0.0008334854240661382,1.139939109073287,0.007302761020169468,1.128154476420809,0.017824984045032632,0.007368438773702524,0.006688762583680786,0.0006796761900217376,0,28.868019183946164,20.71916462872782,12.63795387200948,8.081210756718342,1,1,0,0,0,66.28747521305702,0,0,53.52574174684499,72.10746551339608,-18.581723766551086,76.34095664693689,-46.47425793501305,0.0,0.39499972744623246,0.8623472654029296,2.218451656556253,0.009679759483468083,0.008429909033897254,1.1603042427920722,1.123337679681835,1.1418209612369536,0.03237509588802185,0.6742886062068828,0,0.09656583979673478,0.07145204610889001,0.09235542004679938,0.10593659732277104,1.162250799079296,1.1235317611454236,0.6387568538780489,0.0,0.0,0.0,0.0,0.0,0.0,11482638119.651245,2,18,6,2,25,0,0,0,0.5877852522924732,-0.8090169943749473,1.2246467991473532e-16,-1.0,-0.00046212368991682803,1.1551345586776733,63.40787513217291,-0.003763006263429779,1.1556684970855713,59.952597952886194,0.007868715947294892,1.1600254774093628,63.91749459743505,0.0008232114164616173,1.143746018409729,56.686928180493105,-0.006040683214396936,1.1384464502334595,62.51487846770411,0.00409175580635506,1.1233429908752441,36.38153528897827,0.000850387932107876,0.006239712303261024,0.2843929377271974,-0.6342361900035284,-0.009163703876655521,0.012798111458263317,0.5333333333333333,0.0004085634264884297,0.005830792717722058,-0.0025030016539636674,-0.3474345598239506,-0.012010660324811111,0.012798111458263317,0.5333333333333333,0.0007691694931160924,0.0066733783632486445,0.995289020564294,3.0926836432051545,-0.014129519405897227,0.02753679368654884,0.4603174603174603
1.1477497816085815,1.1486859321594238,1.1448458433151245,1.1477497816085815,0,-0.00044775907821049477,0.003069228728114232,3,0.0,0.0,0.0009361505508422852,0.0029039382934570312,0.0038400888442993164,0.0,0.24378355929281745,0.7562164146661191,-0.0005140304565429688,-0.0004476588490355118,0,1.1533684253692627,-0.004871508302644156,1.1490494012832642,-0.0011310390772738543,1.14255251288414,0.004548822540215047,1.1336693358421326,0.012420240382304604,1.0985755789279938,0.04476178382200735,,,1.150216385083082,-0.0021444691679538552,1.1473755838103115,0.00032613357257860187,1.1405176774092347,0.006341071464267767,1.1289229197615058,0.01667683542945997,0.006857906401076752,0.0067225913471599796,0.00013531505391677252,0,25.944839819026168,19.527355289743543,16.991427490156394,2.5359277995871494,1,1,0,0,0,57.93350339694711,0,0,44.57227483203881,59.61052305847539,-15.038248226436579,43.09544420666224,-55.42772480142555,0.0,-0.2766105604828484,0.4854978419361,1.6791595077971566,0.008901136731578914,0.007755293769978647,1.160741402564477,1.124363623203803,1.14255251288414,0.03183904367394189,0.6428693216434486,0,0.08345326952909364,0.07033972163492347,0.09142826199784193,0.10575551758383096,1.161156268003729,1.1255517210774135,0.6234613942640892,0.0,0.0,0.0,0.0,0.0,0.0,11477497815.085815,3,19,6,2,25,0,0,0,-0.587785252292473,-0.8090169943749475,1.2246467991473532e-16,-1.0,-0.005965765260147934,1.1482638120651245,66.28747521305702,-0.00046212368991682803,1.1551345586776733,63.40787513217291,-0.003763006263429779,1.1556684970855713,59.952597952886194,0.006264395784009404,1.1509333848953247,63.91960012038948,0.0032955128033733162,1.1422044038772583,63.71729262062724,0.004842086185194891,1.1287955045700073,46.71490329766263,0.0014314509186708773,0.005615124809548451,0.4971421289936444,-0.4736504858839415,-0.006040683214396936,0.012798111458263317,0.5333333333333333,0.0005012209809945967,0.005792983389579478,-0.044952207181575034,-0.2737604323419597,-0.012010660324811111,0.012798111458263317,0.5333333333333333,0.0008021225898748742,0.0066619714118984555,0.986994542852905,3.1135223130721443,-0.014129519405897227,0.02753679368654884,0.4603174603174603
1.1512778997421265,1.1534557342529297,1.1496102809906006,1.1512778997421265,0,0.003069228728114232,-0.0010355737465834497,1,0.0,0.0,0.0021778345108032227,0.001667618751525879,0.0038454532623291016,0.0,0.5663401179527396,0.4336598560425242,0.003528118133544922,0.003073943632812405,0,1.1516189098358154,-0.0002961137497368149,1.149638843536377,0.0014257139229614246,1.1437071919441224,0.006619445738094143,1.1347340059280395,0.014579534610050349,1.0996593070030212,0.046940531768053795,,,1.1505702233027635,0.0006150657517192126,1.1479759401075138,0.002876331653793862,1.1413147309153748,0.008729554132616668,1.129799585643099,0.01901072922141389,0.006661209192138973,0.006710314916155779,-4.9105724016806386e-05,1,25.69652239027906,25.27843807555406,15.466141389094386,9.812296686459675,1,1,0,0,0,62.55778011174824,0,0,56.954691500094896,51.68423602632623,5.2704554737686635,77.98637250536069,-43.04530812863083,0.0,-0.7540849608555056,0.5146243723962884,1.6025814680647787,0.008475112186614812,0.007361482564528508,1.1609637165964757,1.1264506672917691,1.1437071919441224,0.030176473091003433,0.7193578335900866,1,0.055062774644227964,0.07061898954509595,0.09115051698276382,0.10516935544183324,1.1610588765520442,1.127158427805585,0.711479427478455,0.0,0.0,0.0,0.0,0.0,0.0,11512778996.421265,4,20,6,2,25,0,0,0,-0.9510565162951536,0.30901699437494723,1.2246467991473532e-16,-1.0,-0.00044775907821049477,1.1477497816085815,57.93350339694711,-0.005965765260147934,1.1482638120651245,66.28747521305702,-0.00046212368991682803,1.1551345586776733,63.40787513217291,0.007868715947294892,1.1600254774093628,63.91749459743505,0.002779412678818525,1.1453834772109985,65.43363997504835,0.003822646550956042,1.133118748664856,53.00526792741544,0.0007828587366609385,0.004694875928891613,0.16586617260019243,-0.8545228620551364,-0.006040683214396936,0.008780564361130163,0.5333333333333333,0.000846102426303874,0.005619311980475588,-0.145262462595765,-0.01787454561815413,-0.012010660324811111,0.012798111458263317,0.5666666666666667,0.0009313495279572104,0.006625046667715434,0.9554251576326408,3.1615831015542497,-0.014129519405897227,0.02753679368654884,0.47619047619047616
1.1500862836837769,1.1551746129989624,1.1455540657043457,1.1500862836837769,0,-0.0010355737465834497,0.008500688032483909,4,0.0,0.0,0.005088329315185547,0.004532217979431152,0.0096205472946167,0.0,0.5289022657933983,0.4710977238121828,-0.0011916160583496094,-0.0010350377250471102,0,1.1505024671554565,-0.0003617407033228437,1.1505690574645997,-0.000419595744947876,1.1443474471569062,0.005014942306750481,1.135831606388092,0.012549991666246374,1.1007349240779876,0.044834917491733295,,,1.1504089100964348,-0.0002804450746151099,1.1483006083500158,0.0015550590329924674,1.1419644755648861,0.0071121371916249565,1.130595142429008,0.01723971775711819,0.006336132785129678,0.0066354784899505595,-0.0002993457048208817,0,22.949121715139633,21.520178039213484,19.435135909843844,2.08504212936964,1,1,0,0,0,54.33687959535579,0,0,52.53052768614018,51.35249800609129,1.178029680048894,58.967798698945124,-47.46947194258554,0.0,-0.48302894955361,0.8154162492419958,1.9413463546091414,0.00862783686768173,0.00750190397827909,1.1615502128123647,1.1271446815014476,1.1443474471569062,0.030065633818985582,0.6667998208872228,1,0.051321574578476824,0.06672983299177862,0.08950859019467823,0.10508555417024533,1.161933624152746,1.127422276682019,0.6567117367790574,0.0,0.0,0.0,0.0,0.0,0.0,11500862835.837769,0,23,6,2,26,0,0,0,0.0,1.0,1.2246467991473532e-16,-1.0,0.003069228728114232,1.1512778997421265,62.55778011174824,-0.00044775907821049477,1.1477497816085815,57.93350339694711,-0.005965765260147934,1.1482638120651245,66.28747521305702,-0.003763006263429779,1.1556684970855713,59.952597952886194,-0.004023623614523357,1.1407841444015503,60.10766155125859,-0.004364242923425007,1.1281843185424805,46.54939267207622,0.0008608186633453657,0.004651224369491321,0.1294765333503939,-0.7738672840287167,-0.006040683214396936,0.008780564361130163,0.5333333333333333,0.0007954932654280106,0.005629525468301906,-0.11694594284783094,-0.04679458510642049,-0.012010660324811111,0.012798111458263317,0.5333333333333333,0.0009455571345952234,0.006619767683806562,0.9519720810550831,3.172512449118652,-0.014129519405897227,0.02753679368654884,0.47619047619047616
1.1599044799804688,1.1635890007019043,1.1582921743392944,1.1599044799804688,0,0.008500688032483909,0.00113727887091598,3,0.0,0.0,0.003684520721435547,0.0016123056411743164,0.005296826362609863,0.0,0.6956091062156683,0.3043908749051027,0.009818196296691895,0.008536921477221768,0,1.1514564514160157,0.007336819775798142,1.152279019355774,0.006617720531175042,1.1454002499580382,0.01266302318486101,1.1365140199661254,0.020580881099014015,1.1019366896152496,0.05260537270993182,,,1.1535741000577795,0.0054876230506764045,1.1500858193700856,0.008537328557713275,1.1432933647808552,0.014529180007394338,1.1317445282153398,0.024881897778685547,0.00679245458923039,0.006666873709806526,0.00012558087942386373,1,23.961017679971405,29.43666180017134,15.663745440900351,13.772916359270988,1,1,0,0,0,68.62956793368572,0,0,86.02200592368594,65.16907503664034,20.852930887045602,140.0358582403487,-13.977993696943315,0.0,0.4129320923664359,1.4962851046811165,1.9892442574091174,0.009277820887741157,0.00799878011256367,1.1637265674380814,1.127073932477995,1.1454002499580382,0.031999848924626303,0.8957213430535903,1,0.08517264823859763,0.07717211479335058,0.08999258035750927,0.10584891611417938,1.16468373786554,1.127572454314575,0.8712181979470033,0.0,0.0,0.0,0.0,0.0,0.0,11599044798.804688,1,24,6,2,26,0,0,0,0.9510565162951535,0.30901699437494745,1.2246467991473532e-16,-1.0,-0.0010355737465834497,1.1500862836837769,54.33687959535579,0.003069228728114232,1.1512778997421265,62.55778011174824,-0.00044775907821049477,1.1477497816085815,57.93350339694711,-0.00046212368991682803,1.1551345586776733,63.40787513217291,0.0017697730981871202,1.1428048610687256,58.45515078458277,0.008030940913750891,1.1372811794281006,54.36533393365281,0.0008421602414356153,0.004617624960829023,0.10376684359658325,-0.8110995790868538,-0.006040683214396936,0.008500688032483909,0.5333333333333333,0.0014792048773378448,0.005253582562611834,0.08703659998697662,-0.477705733976991,-0.009163703876655521,0.012798111458263317,0.5666666666666667,0.0011277167615400896,0.006667854966282284,0.8744771384085507,2.912363865620024,-0.014129519405897227,0.02753679368654884,0.49206349206349204
1.161224365234375,1.1631423234939575,1.1590977907180786,1.161224365234375,0,0.00113727887091598,0.006138461676132699,4,0.0,0.0,0.0019179582595825195,0.0021265745162963867,0.004044532775878906,0.0,0.4742100802347251,0.5257898950405409,0.00131988525390625,0.0011379258176627462,0,1.1540485620498657,0.006217938585826532,1.1540268540382386,0.006236866213577885,1.1467759788036347,0.012599135835190456,1.1370522236824037,0.02125860268015023,1.1033011412620544,0.0524999220075244,,,1.156124188449978,0.004411443627689859,1.1517994418107453,0.008182781637742886,1.1446215870366714,0.014505036672632032,1.132900600255302,0.025001103247884293,0.007177854774073955,0.006769069922660013,0.00040878485141394253,0,24.837994182825003,27.58651629659365,14.679251737320868,12.907264559272782,1,1,0,0,0,67.24282724489697,0,0,91.02926443968686,76.52726601650431,14.501998423182542,129.80594986249363,-8.970735180942397,0.0,1.1287086672130853,1.5281667908184637,1.9647866042425077,0.008580049139492858,0.007388795305739411,1.165533092360589,1.1280188652466803,1.1467759788036347,0.03271277721545405,0.8851441827217862,0,0.06099465772431651,0.07711276197713181,0.08998166811640443,0.1057151921584297,1.1647259342875496,1.1304057377295782,0.8979735113970779,0.0,0.0,0.0,0.0,0.0,0.0,11612243651.34375,2,25,6,2,26,0,0,0,0.5877852522924732,-0.8090169943749473,1.2246467991473532e-16,-1.0,0.008500688032483909,1.1599044799804688,68.62956793368572,-0.0010355737465834497,1.1500862836837769,54.33687959535579,0.003069228728114232,1.1512778997421265,62.55778011174824,-0.005965765260147934,1.1482638120651245,66.28747521305702,0.0008232114164616173,1.143746018409729,56.686928180493105,0.0013771138296125233,1.1388484239578247,53.42725107311167,0.001320691047123143,0.0042070784645157205,0.10258081128093666,-0.445313364460517,-0.005965765260147934,0.008500688032483909,0.6,0.0012478889161426185,0.005103709808131011,0.16089530912636707,-0.22685533153886983,-0.009163703876655521,0.012798111458263317,0.5666666666666667,0.0011694154707023222,0.006659431148871678,0.8594103298122387,2.919457150977279,-0.014129519405897227,0.02753679368654884,0.5079365079365079
1.1683744192123413,1.1743428707122803,1.1668611764907837,1.1683744192123413,0,0.006138461676132699,0.000724660809128604,2,0.0,0.0,0.005968451499938965,0.0015132427215576172,0.007481694221496582,0.0,0.7977406244452234,0.2022593621888203,0.007150053977966309,0.006157340640977205,0,1.1581734895706177,0.008807773302275113,1.1557709574699402,0.010904809088558842,1.1490262866020202,0.016838720518618233,1.137740375995636,0.026925337063128385,1.1046575069427491,0.05768024185176368,,,1.1602075987040992,0.007039102671504871,1.1543494383340678,0.012149683892339391,1.1463810560867211,0.019185037040631236,1.13429173041048,0.03004755107094237,0.00796838224734664,0.007008932387597338,0.0009594498597493015,0,28.581290780439478,38.5920871847051,11.883880441300768,26.708206743404332,1,1,0,0,0,69.44290820908307,0,0,83.81677935486071,86.95601657274449,-3.1392372178837746,186.31490514789252,-16.183220373993233,0.0,1.7969628863578668,1.5153817367633993,3.0576282613900663,0.00918517665128118,0.007861500987574864,1.1667284006258958,1.1313241725781447,1.1490262866020202,0.03081237431858039,1.0464921443725947,1,0.060598516525963084,0.07689795084832453,0.08942415107103782,0.10559870640351249,1.1679179591400575,1.1311772525349328,1.0124238212385874,0.0,0.0,0.0,0.0,0.0,0.0,11683744191.123413,3,26,6,2,26,0,0,0,-0.587785252292473,-0.8090169943749475,1.2246467991473532e-16,-1.0,0.00113727887091598,1.161224365234375,67.24282724489697,0.008500688032483909,1.1599044799804688,68.62956793368572,-0.0010355737465834497,1.1500862836837769,54.33687959535579,-0.00044775907821049477,1.1477497816085815,57.93350339694711,0.006264395784009404,1.1509333848953247,63.91960012038948,-0.004522343467707766,1.1337097883224487,52.26489986714808,0.0015102209719737685,0.004363528207694738,0.044773611610137,-0.7660861510392348,-0.005965765260147934,0.008500688032483909,0.6,0.0014633126917262171,0.005171012088008415,0.053000650646453214,-0.3750324669423483,-0.009163703876655521,0.012798111458263317,0.6,0.0013338334516151999,0.006652093236043284,0.8014616260622992,2.855604311786701,-0.014129519405897227,0.02753679368654884,0.5238095238095238
1.1692214012145996,1.1750881671905518,1.1684290170669556,1.1692214012145996,0,0.000724660809128604,0.0030093924011487484,3,0.0,0.0,0.0058667659759521484,0.000792384147644043,0.006659150123596191,0.0,0.8810082035938626,0.11899178138920641,0.0008469820022583008,0.0007249234391461606,0,1.1617621898651123,0.006420600802743648,1.1566905498504638,0.010833365297807873,1.150595474243164,0.016188075902235255,1.1385394597053529,0.026948509465356763,1.1059769225120544,0.05718426606332505,,,1.1632121995409328,0.005166040706520825,1.1566374326233804,0.010879786642897571,1.1480729335036008,0.018420839819485613,1.1356615214224064,0.029550952511981476,0.008564499119779523,0.0073200457340337755,0.0012444533857457474,0,31.97700326297707,35.813178167084644,10.682608137288776,25.13057002979587,1,1,0,0,0,75.67842596385455,1,0,84.40759352526955,86.4178791066057,-2.0102855813361487,170.1587180979988,-15.592406208955294,0.0,1.558572563278804,0.7927346411195746,4.081754796733605,0.008855652828205083,0.007573974286006345,1.1696350066704988,1.1315559418158294,1.150595474243164,0.033095093543982025,0.989138242853611,0,0.06399067258726598,0.06821387601650143,0.08080333465221859,0.10526890258413789,1.1691326062917249,1.1337099949789045,1.0025067271816834,0.0,0.0,0.0,0.0,0.0,0.0,11692214011.145996,4,27,6,2,26,0,0,0,-0.9510565162951536,0.30901699437494723,1.2246467991473532e-16,-1.0,0.006138461676132699,1.1683744192123413,69.44290820908307,0.00113727887091598,1.161224365234375,67.24282724489697,0.008500688032483909,1.1599044799804688,68.62956793368572,0.003069228728114232,1.1512778997421265,62.55778011174824,0.007868715947294892,1.1600254774093628,63.91749459743505,-0.009163703876655521,1.123368263244629,50.672134028579904,0.0013732375139944404,0.004353078451224353,0.1515365739301203,-0.7215329171618083,-0.005965765260147934,0.008500688032483909,0.6,0.001455397769859901,0.005171987332180381,0.0578156408391372,-0.37686316588332,-0.009163703876655521,0.012798111458263317,0.6,0.0012584803703554392,0.006631317548245559,0.8401663188187501,2.968417783017661,-0.014129519405897227,0.02753679368654884,0.5238095238095238
1.1727453470230103,1.177163004875183,1.170905351638794,1.1727453470230103,0,0.0030093924011487484,0.005079122744651506,4,0.0,0.0,0.0044176578521728516,0.0018399953842163086,0.00625765323638916,0.0,0.7059607834910784,0.2940392005284903,0.0035239458084106445,0.003013925168020821,0,1.166294002532959,0.0055314906665790975,1.1583982348442077,0.012385302088701478,1.1524661660194397,0.017596335146093045,1.1392007851600647,0.02944569754249926,1.1073035275936127,0.05910016331809698,,,1.166389915368292,0.005448805301241588,1.1591155733002465,0.011758770165412491,1.1499005196902239,0.019866785725911162,1.1371157890930184,0.03133327157059118,0.009215053610022617,0.007699047309231544,0.001516006300791073,0,35.3607545404877,34.6387297680644,9.387452335132794,25.25127743293161,1,1,0,0,0,76.32125369926261,1,0,87.9170250875455,85.38046598922524,2.5365590983202537,164.6975038246333,-12.082974638939099,0.0,1.970205510725287,1.4776598981891764,3.0678980152069046,0.008733779605855538,0.007447294186484156,1.172516269458052,1.1324160625808275,1.1524661660194397,0.03479512722898328,1.0057126255006208,0,0.053058395216581025,0.06389320399737415,0.07065379495175671,0.10531353055622274,1.1709197214077587,1.1359846029843366,1.052257601874961,0.0,0.0,0.0,0.0,0.0,0.0,11727453469.230103,0,30,6,2,27,0,1,1,0.0,1.0,1.2246467991473532e-16,-1.0,0.000724660809128604,1.1692214012145996,75.67842596385455,0.006138461676132699,1.1683744192123413,69.44290820908307,0.00113727887091598,1.161224365234375,67.24282724489697,-0.0010355737465834497,1.1500862836837769,54.33687959535579,-0.003763006263429779,1.1556684970855713,59.952597952886194,0.012798111458263317,1.1378376483917236,58.82482657769253,0.0018421052483725809,0.00410177162528873,-0.023440210625243756,-0.3362979690122621,-0.005965765260147934,0.008500688032483909,0.6666666666666666,0.0015710051189828337,0.005166482906014379,-0.011051449698625924,-0.3672391212287205,-0.009163703876655521,0.012798111458263317,0.6333333333333333,0.001272609446736196,0.006634128846237312,0.83276976669758,2.9505357999816892,-0.014129519405897227,0.02753679368654884,0.5238095238095238
1.178717017173767,1.1830259561538696,1.1767750978469849,1.178717017173767,0,0.005079122744651506,0.0015571728454564678,3,0.0,0.0,0.004308938980102539,0.0019419193267822266,0.006250858306884766,0.0,0.6893355599539138,0.3106644240482835,0.005971670150756836,0.005092043354003998,0,1.1700565099716187,0.0074017853219912055,1.160756480693817,0.01547313039136955,1.1541348040103911,0.02129925635708041,1.1397495675086975,0.03418948396429489,1.108704972267151,0.06314758799821774,,,1.1704989493034503,0.00702099542635648,1.162131180050019,0.014271914657351337,1.1520350750593753,0.023160702820355095,1.1387472098020672,0.03509980698449944,0.010096104990643617,0.008178458845513959,0.0019176461451296586,0,39.373717979318876,38.071798733340515,7.948101493869836,30.12369723947068,1,1,0,0,0,78.24541226700816,1,0,88.71417932415324,87.01293264565608,1.7012466784971565,178.96543484291482,-11.285820413930297,0.0,1.6219040031309362,2.041533457633671,3.8213953578232207,0.008940023542522716,0.007584537604453978,1.1770406990269553,1.131228908993827,1.1541348040103911,0.03969362146429688,1.0365914111179773,0,0.037718689134931246,0.06524981846271878,0.07042571373882861,0.10552522437298309,1.1737383859456378,1.1379782917755468,1.139223098533419,0.0,0.0,0.0,0.0,0.0,0.0,11787170170.73767,1,1,7,3,27,1,0,0,0.9510565162951535,0.30901699437494745,-0.4999999999999997,-0.8660254037844388,0.0030093924011487484,1.1727453470230103,76.32125369926261,0.000724660809128604,1.1692214012145996,75.67842596385455,0.006138461676132699,1.1683744192123413,69.44290820908307,0.008500688032483909,1.1599044799804688,68.62956793368572,-0.00046212368991682803,1.1551345586776733,63.40787513217291,-0.0022049726468498553,1.1353315114974976,67.56486994315495,0.0020627285581368733,0.004185744149435145,-0.16657126724754345,-0.5431255931640592,-0.005965765260147934,0.008500688032483909,0.6666666666666666,0.0016039173502593817,0.005186201957996371,-0.024131643317205548,-0.40523381130410707,-0.009163703876655521,0.012798111458263317,0.6333333333333333,0.0013606164558489452,0.006647464303219169,0.7901711940910634,2.8577575855621213,-0.014129519405897227,0.02753679368654884,0.5396825396825397
1.180553913116455,1.1810001134872437,1.1749224662780762,1.180553913116455,0,0.0015571728454564678,-0.00044854130647288505,2,0.0,0.0,0.0004462003707885742,0.005631446838378906,0.0060776472091674805,0.0,0.07341662786445813,0.9265833556818066,0.0018368959426879883,0.0015583858685068543,0,1.1739224195480347,0.005649004872407826,1.1639854907989502,0.01423421713333295,1.156240177154541,0.0210282745230721,1.1406581401824951,0.03497609969633797,1.110198894739151,0.06337154414794965,,,1.1738506039077854,0.005710530016156401,1.1649654466756245,0.013381054677609638,1.1541475815821218,0.022879510257992397,1.1403866883634157,0.035222460117595444,0.010817865093502688,0.008706340095111705,0.0021115249983909828,0,41.422306292747336,34.466955420841174,10.081799753208252,24.385155667632922,1,1,0,0,0,76.18729246773957,1,0,93.52531213990746,90.05217218386872,3.473139956038736,149.8400565792038,-6.47468759817608,0.0,1.6645833880844174,2.8120803522718063,3.0741548259942686,0.008558373364742019,0.007249455758800943,1.1807583684080296,1.1317219859010523,1.156240177154541,0.0424102046197813,0.995830536823786,0,0.03635262138296829,0.04815634069300495,0.06567082521935075,0.1052884956843148,1.1753270450430156,1.1410935515840477,1.1526828678596925,0.0,0.0,0.0,0.0,0.0,0.0,11805539130.16455,2,2,7,3,27,0,0,0,0.5877852522924732,-0.8090169943749473,-0.4999999999999997,-0.8660254037844388,0.005079122744651506,1.178717017173767,78.24541226700816,0.0030093924011487484,1.1727453470230103,76.32125369926261,0.000724660809128604,1.1692214012145996,75.67842596385455,0.00113727887091598,1.161224365234375,67.24282724489697,-0.005965765260147934,1.1482638120651245,66.28747521305702,0.008780564361130163,1.1453442573547363,68.0073965945379,0.002111659320069863,0.004174494218513137,-0.2064863447887253,-0.4973988952354664,-0.005965765260147934,0.008500688032483909,0.6666666666666666,0.0014944202389347676,0.005150027756363652,0.03452323683257113,-0.3285773985667695,-0.009163703876655521,0.012798111458263317,0.6333333333333333,0.0014189566666506783,0.006632551797542722,0.7706631882678999,2.88119930438287,-0.014129519405897227,0.02753679368654884,0.5555555555555556
1.18002450466156,1.1813349723815918,1.1720856428146362,1.18002450466156,0,-0.00044854130647288505,-0.0024396416038004946,1,0.0,0.0,0.0013104677200317383,0.007938861846923828,0.009249329566955566,0.0,0.1416824534553628,0.8583175357330429,-0.0005294084548950195,-0.0004484407268217256,0,1.1762524366378784,0.0032068523778303604,1.167212963104248,0.010976181606261015,1.158131182193756,0.01890400906436418,1.1416039562225342,0.03365488366279901,1.1116976141929626,0.06146175856647229,,,1.1759085708257104,0.0035002157800494427,1.167282224827307,0.010916194440506066,1.1560643906991173,0.020725587651636346,1.1419411125319705,0.03334969869139237,0.011217834128189663,0.009208638901727297,0.0020091952264623663,0,41.07860876988581,29.553232545710735,13.017004819470092,16.536227726240643,1,1,0,0,0,70.83558749125223,1,0,92.13870425913879,91.45939857439981,0.6793056847389778,122.55730954143692,-7.8612954789447524,0.0,0.9971191818006986,2.811999929788289,3.6521748053739644,0.008650500858370493,0.007330780694353838,1.1838936452520026,1.1323687191355096,1.158131182193756,0.04448971489951976,0.924907399688735,0,0.03396976620193311,0.04815780581299315,0.06027827906997653,0.1037568511402603,1.1775888434919897,1.1429868400585077,1.0703907525821033,0.0,0.0,0.0,0.0,0.0,0.0,11800245045.6156,3,3,7,3,27,0,0,0,-0.587785252292473,-0.8090169943749475,-0.4999999999999997,-0.8660254037844388,0.0015571728454564678,1.180553913116455,76.18729246773957,0.005079122744651506,1.178717017173767,78.24541226700816,0.0030093924011487484,1.1727453470230103,76.32125369926261,0.006138461676132699,1.1683744192123413,69.44290820908307,-0.00044775907821049477,1.1477497816085815,57.93350339694711,-0.006040683214396936,1.1384464502334595,62.51487846770411,0.0016641301807043772,0.004055638049820214,0.04924204160120553,-0.28367458706777626,-0.005965765260147934,0.008500688032483909,0.6,0.0013520473103538033,0.005142477435725153,0.11826734751133035,-0.3024069809417175,-0.009163703876655521,0.012798111458263317,0.6,0.0012469871020471361,0.006536067260387553,0.8434417192692615,3.272631287144103,-0.014129519405897227,0.02753679368654884,0.5396825396825397
1.1771491765975952,1.1786893606185913,1.1756683588027954,1.1771491765975952,0,-0.0024396416038004946,0.0007889830282926394,2,0.0,0.0,0.0015401840209960938,0.0014808177947998047,0.0030210018157958984,0.0,0.5098255691076993,0.4901743977906997,-0.0028753280639648438,-0.0024366680966051994,0,1.1778379917144775,-0.0005848132100247927,1.169800090789795,0.006282343252521194,1.159719467163086,0.015029246146607278,1.1424031257629395,0.030414877155040765,1.113104156255722,0.0575373111996591,,,1.1763221060830054,0.0007030985902947151,1.1688002174073513,0.007143187488490854,1.157626226691597,0.016864640204383274,1.1433218209267009,0.029586906283759484,0.0111739907157542,0.009601709264532679,0.001572281451221522,0,40.780737583404886,27.428292959403127,12.081054791219682,15.347238168183445,1,1,0,0,0,73.09213156005409,1,0,84.60774679817496,90.09058773240706,-5.482840934232101,104.35353617687318,-15.392252939908586,0.0,0.6780388534421311,2.2471791442590483,3.059414987520226,0.00807792019175638,0.0068622740020244394,1.1860826134267692,1.1333563208994026,1.159719467163086,0.045464695571420875,0.8305695985054468,0,0.04648479260095178,0.054704733263815045,0.061634051560485084,0.10153710158256064,1.1780495235704134,1.145737842803388,0.972135554429266,0.0,0.0,0.0,0.0,0.0,0.0,11771491764.975952,4,4,7,3,27,0,0,0,-0.9510565162951536,0.30901699437494723,-0.4999999999999997,-0.8660254037844388,-0.00044854130647288505,1.18002450466156,70.83558749125223,0.0015571728454564678,1.180553913116455,76.18729246773957,0.005079122744651506,1.178717017173767,78.24541226700816,0.000724660809128604,1.1692214012145996,75.67842596385455,0.003069228728114232,1.1512778997421265,62.55778011174824,0.0032955128033733162,1.1422044038772583,63.71729262062724,0.000976906343964685,0.003794118655175078,0.22975041879366667,0.06316487507702799,-0.005965765260147934,0.008500688032483909,0.5333333333333333,0.0014162006876746204,0.005080336033691838,0.1193388292143722,-0.21409875122404093,-0.009163703876655521,0.012798111458263317,0.6,0.0010129608670621341,0.0063962361817561505,0.9241495724865579,3.831730698671773,-0.014129519405897227,0.02753679368654884,0.5238095238095238
1.178078293800354,1.179008960723877,1.1719070672988892,1.178078293800354,0,0.0007889830282926394,-0.0037627227491737413,1,0.0,0.0,0.0009306669235229492,0.006171226501464844,0.007101893424987793,0.0,0.13104489953959833,0.8689550863796499,0.0009291172027587891,0.0007892943572074344,0,1.1789045810699463,-0.0007008941883763775,1.1725992918014527,0.00467252704034693,1.1615841746330262,0.01419967612000117,1.1432784080505372,0.030438680029050813,1.114492952823639,0.057053156513831915,1.0868212217092514,0.08396695809747357,1.1769075019887882,0.0009948035079119233,1.1702276137755057,0.006708677723685552,1.1591411946255792,0.016337180630749737,1.1446848198629227,0.029172636218337322,0.011086419149926474,0.009898651241611439,0.0011877679083150353,0,37.681213755315014,24.160416343193475,16.95169224009045,7.208724103103027,1,1,1,0,0,74.45714382979264,1,0,87.04125767921774,87.9292362455105,-0.8879785662927588,88.32203885547929,-12.958742058865795,0.0,0.45474039107307185,2.433905222042787,2.8544864877016574,0.007947783289520569,0.006746396509188905,1.1875812632263623,1.1355870860396902,1.1615841746330262,0.044761437283374,0.8172301203341822,0,0.04410768669471504,0.052379621823123175,0.06147247366473044,0.10070593938062836,1.1793306412529374,1.147539508094855,0.9606070176103266,0.0,0.0,0.0,0.0,0.0,0.0,11780782937.00354,0,7,7,3,28,0,0,0,0.0,1.0,-0.4999999999999997,-0.8660254037844388,-0.0024396416038004946,1.1771491765975952,73.09213156005409,-0.00044854130647288505,1.18002450466156,70.83558749125223,0.0015571728454564678,1.180553913116455,76.18729246773957,0.0030093924011487484,1.1727453470230103,76.32125369926261,-0.0010355737465834497,1.1500862836837769,54.33687959535579,0.002779412678818525,1.1453834772109985,65.43363997504835,0.0012803722967461794,0.0035629229478561356,0.17588283890922346,0.6678191567484129,-0.005965765260147934,0.008500688032483909,0.6,0.0011748020914926784,0.004924866626964298,0.19908780484597755,0.08838554488199296,-0.009163703876655521,0.012798111458263317,0.6,0.0011107996329358055,0.006343877884483063,0.9164381657022496,3.984975910137171,-0.014129519405897227,0.02753679368654884,0.5396825396825397
1.1736538410186768,1.17648446559906,1.168470025062561,1.1736538410186768,0,-0.0037627227491737413,-0.0010205990022104786,1,0.0,0.0,0.0028306245803833008,0.005183815956115723,0.008014440536499023,0.0,0.35319053553060104,0.6468094519919219,-0.004424452781677246,-0.0037556525780887374,0,1.1778919458389283,-0.0035980421929732165,1.1739742279052734,-0.0002729080238337289,1.1631266236305238,0.009050792126474416,1.1439331984519958,0.025981099686853915,1.1157678174972534,0.05187999018118106,1.0871239793300629,0.07959521013783366,1.1758229483320846,-0.0018447568286537042,1.1707547256590705,0.0024762789300094568,1.1602162054695124,0.01158200978805346,1.1458208599082464,0.024290866034879066,0.010538520189558032,0.010026625031200758,0.0005118951583572735,0,32.81214438838311,20.371545909447562,19.90307414547838,0.46847176396918044,1,1,1,0,0,78.55397856968818,1,0,75.45288760609698,82.36729736116321,-6.914409755066231,59.60893873481714,-24.547112131986555,0.0,-0.4295497631170542,1.1853873552104544,2.881324813150332,0.008169181349290223,0.006960469146084596,1.1880716671138685,1.138181580147179,1.1631266236305238,0.04289308313369677,0.7110081973615515,0,0.03518651031837205,0.04844685635372631,0.06119163376160408,0.1000674020644051,1.1807466532148367,1.1480699278176758,0.7829399308453894,0.0,0.0,0.0,0.0,0.0,0.0,11736538409.186768,1,8,7,3,28,0,0,0,0.9510565162951535,0.30901699437494745,-0.4999999999999997,-0.8660254037844388,0.0007889830282926394,1.178078293800354,74.45714382979264,-0.0024396416038004946,1.1771491765975952,73.09213156005409,-0.00044854130647288505,1.18002450466156,70.83558749125223,0.005079122744651506,1.178717017173767,78.24541226700816,0.008500688032483909,1.1599044799804688,68.62956793368572,-0.004023623614523357,1.1407841444015503,60.10766155125859,0.0010603323594623852,0.0037738965352393837,0.16151770637570328,0.1200278478267274,-0.005965765260147934,0.008500688032483909,0.6,0.0010034742055331366,0.005006315500017712,0.2641267706327089,-0.056164089598544624,-0.009163703876655521,0.012798111458263317,0.5666666666666667,0.0011513618173655442,0.0063036538144458885,0.9337247859153402,4.115026443894262,-0.014129519405897227,0.02753679368654884,0.5396825396825397
1.1724566221237183,1.1728830337524414,1.1690847873687744,1.1724566221237183,0,-0.0010205990022104786,0.0005630181784850364,2,0.0,0.0,0.00042641162872314453,0.0033718347549438477,0.003798246383666992,0.0,0.11226539155812452,0.887734582113937,-0.001197218894958496,-0.0010200783680964721,0,1.176272487640381,-0.003244032021859966,1.1750974535942078,-0.0022473298382083007,1.1645621538162232,0.006778915303873978,1.1446038055419923,0.024334024004143195,1.1170031666755675,0.04964485061239987,1.087397672533989,0.07822248624433059,1.1747008395959626,-0.0019104588133479483,1.171016555884401,0.001229757283923938,1.1611229029994536,0.009760998593698167,1.146865399602971,0.02231405919768381,0.009893652884947368,0.01000003060195008,-0.00010637771700271192,1,28.592284270375426,18.757522449732935,18.3261673788523,0.43135507088063463,1,1,1,0,0,77.36514973201999,1,0,71.79396615662444,78.09603714731304,-6.302070990688605,44.83056891664031,-28.206033576508855,0.0,-0.6858891324464267,0.9672770590785973,2.5946477885352204,0.0076891643227051725,0.006558165288982428,1.1880744719683431,1.1410498356641032,1.1645621538162232,0.04037967071667589,0.6678794109034999,0,0.028064022821383375,0.04969317096362016,0.061713209023445924,0.09968019062122573,1.1805531269338059,1.1497964696429852,0.7367560197713807,0.0,0.0,0.0,0.0,0.0,0.0,11724566220.237183,2,9,7,3,28,0,0,0,0.5877852522924732,-0.8090169943749473,-0.4999999999999997,-0.8660254037844388,-0.0037627227491737413,1.1736538410186768,78.55397856968818,0.0007889830282926394,1.178078293800354,74.45714382979264,-0.0024396416038004946,1.1771491765975952,73.09213156005409,0.0015571728454564678,1.180553913116455,76.18729246773957,0.00113727887091598,1.161224365234375,67.24282724489697,0.0017697730981871202,1.1428048610687256,58.45515078458277,0.0013900101099915488,0.003302878042658682,0.6669727768986756,0.17969847217307305,-0.0037627227491737413,0.008500688032483909,0.6,0.0011201990210497129,0.004912988144042255,0.25306946422165916,0.10190327534950912,-0.009163703876655521,0.012798111458263317,0.5666666666666667,0.0010408007827906699,0.006279261786268482,0.9911085674996499,4.2952118195347815,-0.014129519405897227,0.02753679368654884,0.5238095238095238
1.17311692237854,1.1750881671905518,1.166575312614441,1.17311692237854,0,0.0005630181784850364,-0.0024255019929678916,1,0.0,0.0,0.0019712448120117188,0.006541609764099121,0.00851285457611084,0.0,0.23156096127701037,0.7684390269760488,0.0006603002548217773,0.0005631767029209414,0,1.174890971183777,-0.001509968966140307,1.1755717039108275,-0.0020881598492991094,1.1656713306903839,0.006387385012812885,1.1454163455963136,0.024183849642364752,1.1182489681243897,0.049065955536961026,1.0876783496141433,0.07855132235265239,1.1741728671901552,-0.000899309582968133,1.1713396891911916,0.0015172653190158591,1.162011348879386,0.009557198738986639,1.147894871084366,0.02197244000938059,0.009328340311805627,0.00986569254392119,-0.0005373522321155625,0,26.233387395265023,16.02759516424832,19.94927461582546,-3.9216794515771376,1,1,1,0,0,75.82966736914494,1,0,73.55608769663348,73.60098048645163,-0.04489278981814948,41.02211569975722,-26.443912036499803,0.0,-0.585376172760177,0.4059061109362494,2.5679568274824316,0.007798989689825928,0.006648092394190654,1.1885613354237903,1.1427813259569775,1.1656713306903839,0.03927351411805905,0.6626384902189641,0,0.030942466315367664,0.04045669370374231,0.06174085264255473,0.09941279298479806,1.1815291704385373,1.1503332116792335,0.7303417343913938,0.0,0.0,0.0,0.0,0.0,0.0,11731169222.7854,3,10,7,3,28,0,0,0,-0.587785252292473,-0.8090169943749475,-0.4999999999999997,-0.8660254037844388,-0.0010205990022104786,1.1724566221237183,77.36514973201999,-0.0037627227491737413,1.1736538410186768,78.55397856968818,0.0007889830282926394,1.178078293800354,74.45714382979264,-0.00044854130647288505,1.18002450466156,70.83558749125223,0.006138461676132699,1.1683744192123413,69.44290820908307,0.0008232114164616173,1.143746018409729,56.686928180493105,0.0014573952604379178,0.003272880511476503,0.6274624974467344,0.24318642772711505,-0.0037627227491737413,0.008500688032483909,0.6666666666666666,0.0014444230895543982,0.004515812360131025,0.5309777968141437,0.1269724735504025,-0.006040683214396936,0.012798111458263317,0.6,0.001090817957574418,0.0062624173184791,0.9776146929260512,4.339909155570797,-0.014129519405897227,0.02753679368654884,0.5396825396825397
1.1702749729156494,1.1713716983795166,1.1665889024734497,1.1702749729156494,0,-0.0024255019929678916,-0.0017655424559011193,1,0.0,0.0,0.0010967254638671875,0.003686070442199707,0.0047827959060668945,0.0,0.22930634350200388,0.7706936355897241,-0.002841949462890625,-0.0024225628395899415,0,1.1735161304473878,-0.0027619199663038163,1.1756770610809326,-0.004594874258971204,1.1661838054656983,0.003508166834786719,1.1462288475036622,0.020978468097586855,1.119503380060196,0.04535188875283991,1.0879614233970643,0.07565851843717253,1.1728735690986534,-0.002215580904239678,1.171175886687262,-0.0007692387469518946,1.1626234691783686,0.006581239618386636,1.1487725221365732,0.018717762013677364,0.00855241750889335,0.009603037536915621,-0.0010506200280222706,0,24.189010103502156,14.199112048005595,17.67339283552613,-3.4742807875205344,1,1,1,0,0,72.98065025907327,1,0,48.44709400988824,64.59904928771537,-16.151955277827135,23.176777790178363,-51.55290558580642,0.0,-0.5839704787302225,0.09010882797348962,1.6805132489995378,0.0076295270518611825,0.006519431097634143,1.1890004141848967,1.1433671967465,1.1661838054656983,0.03913038169507135,0.5896532749747199,0,0.030906177137647813,0.04278365043075573,0.060089069366361894,0.08386036040141007,1.1816039386727757,1.151085830465331,0.6287788960247356,0.0,0.0,0.0,0.0,0.0,0.0,11702749728.156494,4,11,7,3,28,0,0,0,-0.9510565162951536,0.30901699437494723,-0.4999999999999997,-0.8660254037844388,0.0005630181784850364,1.17311692237854,75.82966736914494,-0.0010205990022104786,1.1724566221237183,77.36514973201999,-0.0037627227491737413,1.1736538410186768,78.55397856968818,-0.0024396416038004946,1.1771491765975952,73.09213156005409,0.000724660809128604,1.1692214012145996,75.67842596385455,0.006264395784009404,1.1509333848953247,63.91960012038948,0.0010910798790324428,0.003385162323253064,0.8099441779568223,0.28044531994892996,-0.0037627227491737413,0.008500688032483909,0.6,0.0009369693078466911,0.004024618539383566,0.2952670312604065,-0.4433097472954713,-0.006040683214396936,0.008780564361130163,0.5666666666666667,0.0006152259626614539,0.005282706154247137,-0.18648422731239145,0.36083050488887236,-0.014129519405897227,0.012798111458263317,0.5238095238095238
1.1682106256484985,1.169864296913147,1.1656641960144043,1.1682106256484985,0,-0.0017655424559011193,-0.0013541264909105511,1,0.0,0.0,0.0016536712646484375,0.0025464296340942383,0.004200100898742676,0.0,0.39372178553407966,0.6062781906569692,-0.002064347267150879,-0.0017639848025044226,0,1.1715425968170166,-0.00284408887673937,1.1752235889434814,-0.005967343967874905,1.1668109118938446,0.001199606243193374,1.1469465947151185,0.018539686964943458,1.1207644772529601,0.04233373670764218,1.0882705241441726,0.0734560935203552,1.1713192546152684,-0.002653955404776087,1.1707196926812982,-0.0021431835035069513,1.1630373326206005,0.004448088451121768,1.1495348007056685,0.016246419707990345,0.007682360060697668,0.009218902041672031,-0.0015365419809743631,0,23.073812738184,12.99125828692656,17.876013221184362,-4.884754934257803,1,1,1,0,0,61.4815962810311,0,0,38.08413527058404,53.362438992368574,-15.278303721784532,9.484199152698038,-61.91586431149842,0.0,-0.837607161067655,-0.3866757080744798,0.7056007302025158,0.007227027031779041,0.006186407547139476,1.1890938286411434,1.1445279951465457,1.1668109118938446,0.038194563520531126,0.5314077756827519,0,0.025555910723607536,0.04030364983272523,0.05483431505938753,0.08279254918951721,1.1809766282592251,1.152068520132109,0.5583937001193338,0.0,0.0,0.0,0.0,0.0,0.0,11682106255.484985,0,14,7,3,29,0,0,0,0.0,1.0,-0.4999999999999997,-0.8660254037844388,-0.0024255019929678916,1.1702749729156494,72.98065025907327,0.0005630181784850364,1.17311692237854,75.82966736914494,-0.0010205990022104786,1.1724566221237183,77.36514973201999,0.0007889830282926394,1.178078293800354,74.45714382979264,0.0030093924011487484,1.1727453470230103,76.32125369926261,0.007868715947294892,1.1600254774093628,63.91749459743505,0.0010424152984112648,0.0034229545223263278,0.8044897450740188,0.20060417009490075,-0.0037627227491737413,0.008500688032483909,0.6,0.0009516169808783156,0.004013573569756985,0.2924257641486754,-0.42353237286645845,-0.006040683214396936,0.008780564361130163,0.5666666666666667,0.0004673805909713604,0.005215440370584399,-0.14666090577521806,0.46775145601125045,-0.014129519405897227,0.012798111458263317,0.5079365079365079
1.1666297912597656,1.1692078113555908,1.1602139472961426,1.1666297912597656,0,-0.0013541264909105511,-0.005062042569506026,0,0.0,0.0,0.0025780200958251953,0.006415843963623047,0.008993864059448242,0.0,0.28664209844852184,0.7133578904327867,-0.0015808343887329102,-0.0013532100752122799,0,1.1701377868652343,-0.002997933871161207,1.1740148663520813,-0.00629044435751791,1.1673856735229493,-0.0006475001195087593,1.1476524519920348,0.01653578932640909,1.1219302129745483,0.03984167434329278,1.0885794216394424,0.07169928804607228,1.1697561001634342,-0.0026726161145597116,1.1700904770779854,-0.002957622496481016,1.163303440667946,0.0028594005443873804,1.1502051924921037,0.014279711805723405,0.006787036410039304,0.008732528915345487,-0.0019454925053061824,0,25.17341551688824,10.903665442395395,24.741362367518896,-13.8376969251235,1,1,1,0,0,57.41840901280443,0,0,28.124852903189066,38.21869406122044,-10.093841158031374,-14.242545607299714,-71.87514665844533,0.0,-0.5984771244658127,-1.0254561305124144,0.9484808318161342,0.007462605302134935,0.006396721014158994,1.1889829363163438,1.1457884107295548,1.1673856735229493,0.037001075619453094,0.482500506692336,1,0.01772313388991332,0.02641854744749075,0.05317594376836113,0.08285884438471679,1.1814579959488987,1.151607574740359,0.5032497318591977,0.0,0.0,0.0,0.0,0.0,0.0,11666297911.597656,1,15,7,3,29,0,0,0,0.9510565162951535,0.30901699437494745,-0.4999999999999997,-0.8660254037844388,-0.0017655424559011193,1.1682106256484985,61.4815962810311,-0.0024255019929678916,1.1702749729156494,72.98065025907327,0.0005630181784850364,1.17311692237854,75.82966736914494,-0.0037627227491737413,1.1736538410186768,78.55397856968818,0.005079122744651506,1.178717017173767,78.24541226700816,-0.003763006263429779,1.1556684970855713,59.952597952886194,0.0003854276635183007,0.0027732875842956845,0.692876137677538,0.10895778006712639,-0.0037627227491737413,0.006138461676132699,0.5333333333333333,0.0006137939524769585,0.003749734312956328,0.30414255902933646,-0.2469314992568171,-0.006040683214396936,0.008500688032483909,0.5333333333333333,0.00045074826545750754,0.0052196165753371744,-0.13708988010795753,0.4545084921300169,-0.014129519405897227,0.012798111458263317,0.5079365079365079
1.1607391834259033,1.1716736555099487,1.1564035415649414,1.1607391834259033,0,-0.005062042569506026,0.0024404861817701115,3,0.0,0.0,0.01093447208404541,0.004335641860961914,0.015270113945007324,0.0,0.716070099530168,0.28392989392109247,-0.005890607833862305,-0.005049252022783085,0,1.1677942991256713,-0.006041402843331323,1.172033393383026,-0.009636423432918373,1.1680094420909881,-0.006224486294774345,1.1481817245483399,0.010936821678998232,1.1230627810955047,0.0335479038761235,1.0888653284311294,0.06600802965388852,1.166750461250924,-0.005152153887353572,1.1686518165161266,-0.006770736225897078,1.1631134956870541,-0.002041341941049546,1.1506182901757822,0.00879604751259011,0.005538320829072463,0.008093687298090882,-0.0025553664690184195,0,28.466117283250902,8.293005071464941,24.792119625528535,-16.499114554063596,0,1,1,0,0,39.14618573702077,0,0,16.285682240405595,27.49822347139289,-11.212541230987295,-42.81820844047427,-83.71431738397108,0.0,-0.9993920863861638,-1.6784264971215324,0.4851923705447625,0.00850360645451792,0.007326026875983507,1.1879374539085878,1.1480814302733884,1.1680094420909881,0.0341230320539501,0.3175869533953546,1,0.03233683534289422,0.029030529788081846,0.056455902803918004,0.08308377645573219,1.1829882266423573,1.1489738008242858,0.3458939048377917,0.0,0.0,0.0,0.0,0.0,0.0,11607391833.259033,2,16,7,3,29,0,0,0,0.5877852522924732,-0.8090169943749473,-0.4999999999999997,-0.8660254037844388,-0.0013541264909105511,1.1666297912597656,57.41840901280443,-0.0017655424559011193,1.1682106256484985,61.4815962810311,-0.0024255019929678916,1.1702749729156494,72.98065025907327,-0.0010205990022104786,1.1724566221237183,77.36514973201999,0.0015571728454564678,1.180553913116455,76.18729246773957,-0.00046212368991682803,1.1551345586776733,63.40787513217291,-2.786043250983302e-05,0.0030963490286345157,0.5128309322572212,-0.02094299082875313,-0.005062042569506026,0.006138461676132699,0.4666666666666667,0.0006464153073066555,0.003693684472042376,0.37179521992492154,-0.28105670417379774,-0.005965765260147934,0.008500688032483909,0.5333333333333333,0.0004363188659283469,0.005233785963951209,-0.13556662216500417,0.4252130112109735,-0.014129519405897227,0.012798111458263317,0.5079365079365079
1.1635754108428955,1.1635754108428955,1.1569386720657349,1.1635754108428955,0,0.0024404861817701115,-0.0017437986838320166,1,0.0,0.0,0.0,0.0066367387771606445,0.0066367387771606445,0.0,0.0,0.9999999849323589,0.0028362274169921875,0.0024434665920183385,0,1.1658859968185424,-0.001981828482161996,1.1703884840011596,-0.005821206676940638,1.1688007235527038,-0.0044706618536975995,1.1488408207893372,0.01282561490298706,1.1242371904850006,0.03499103266404591,1.0891959357261658,0.06828842503925814,1.1656921111149146,-0.0018158314289464794,1.1678708310279373,-0.0036779926089028914,1.163147711624524,0.00036770834354094006,1.1511264125548846,0.010814623008518653,0.004723119403413412,0.0074195737191553885,-0.002696454315741977,0,31.319792147429464,7.403999291653032,22.134417447494087,-14.730418155841054,0,1,1,0,0,42.40360397128987,0,0,26.939214048591733,23.783249730728787,3.1559643178629457,-71.08043840129577,-73.06078557578493,0.0,-0.8133470205423987,-1.3939620536424613,1.3334565294915501,0.008254690764203617,0.0070942464807798615,1.1864703890514285,1.151131058053979,1.1688007235527038,0.030235548526191834,0.35213888895069007,1,0.04279867077396644,0.035417301670033874,0.05217903094452695,0.08127564044543213,1.1822612902245453,1.149242527167731,0.4340829972065927,0.0,0.0,0.0,0.0,0.0,0.0,11635754107.428955,3,17,7,3,29,0,0,0,-0.587785252292473,-0.8090169943749475,-0.4999999999999997,-0.8660254037844388,-0.005062042569506026,1.1607391834259033,39.14618573702077,-0.0013541264909105511,1.1666297912597656,57.41840901280443,-0.0017655424559011193,1.1682106256484985,61.4815962810311,0.0005630181784850364,1.17311692237854,75.82966736914494,-0.00044854130647288505,1.18002450466156,70.83558749125223,-0.005965765260147934,1.1482638120651245,66.28747521305702,-0.0002743921321340055,0.0026910011516781338,0.1712692646287121,-0.1449284837230151,-0.005062042569506026,0.005079122744651506,0.4666666666666667,0.0006179144199198821,0.0036757942990206962,0.3926395085007592,-0.21661978331836368,-0.005965765260147934,0.008500688032483909,0.5333333333333333,0.00032937788027578233,0.005119884101574198,-0.16199842894539038,0.5863225792753226,-0.014129519405897227,0.012798111458263317,0.5079365079365079
1.161548137664795,1.1669564247131348,1.1612648963928223,1.161548137664795,0,-0.0017437986838320166,0.0013133100172193406,3,0.0,0.0,0.005408287048339844,0.00028324127197265625,0.0056915283203125,0.0,0.9502345677548063,0.04976541467522086,-0.002027273178100586,-0.0017422791501393096,0,1.1641406297683716,-0.002226957926784068,1.1688283801078796,-0.006228666814019235,1.1693142354488373,-0.006641583286974395,1.149623329639435,0.010372795694797432,1.1253285717964172,0.03218576927033867,1.0895158046483993,0.06611407801746383,1.1643107866315414,-0.002372776322464354,1.1668981089720694,-0.004584780252603893,1.163029224664544,-0.0012734736739301589,1.1515351076572342,0.008695375277843143,0.003868884307525411,0.006709435836829393,-0.002840551529303982,0,30.27965978710474,12.390961053688958,20.01167113247561,-7.620710078786651,0,1,1,0,0,34.302520504535465,0,0,19.324303073053173,20.849733120683492,-1.5254300476303193,-65.0017409328365,-80.6756965513235,0.0,-0.7457080987652187,-1.3253238623411545,1.2022094255487392,0.007912935771684802,0.0068124045094781205,1.1853622416072715,1.153266229290403,1.1693142354488373,0.027448577414952737,0.2580354302841443,1,0.04227417765458561,0.035017452372757704,0.05270705162820109,0.07889255910230872,1.1811774210936656,1.1495256780069263,0.3798356250693169,0.0,0.0,0.0,0.0,0.0,0.0,11615481375.64795,4,18,7,3,29,0,0,0,-0.9510565162951536,0.30901699437494723,-0.4999999999999997,-0.8660254037844388,0.0024404861817701115,1.1635754108428955,42.40360397128987,-0.005062042569506026,1.1607391834259033,39.14618573702077,-0.0013541264909105511,1.1666297912597656,57.41840901280443,-0.0024255019929678916,1.1702749729156494,72.98065025907327,-0.0024396416038004946,1.1771491765975952,73.09213156005409,-0.00044775907821049477,1.1477497816085815,57.93350339694711,-0.0004389560983313802,0.00270100047769117,0.36311428641906723,-0.10702875152925592,-0.005062042569506026,0.005079122744651506,0.4,0.0004671407078315307,0.003676843102568134,0.50688917808629,-0.13497931714183953,-0.005965765260147934,0.008500688032483909,0.5,0.00014097101852550826,0.004969764087575571,-0.1884085191967055,0.7510290622267503,-0.014129519405897227,0.012798111458263317,0.49206349206349204
1.1630746126174927,1.1716736555099487,1.1614941358566284,1.1630746126174927,0,0.0013133100172193406,0.005469826150893581,4,0.0,0.0,0.008599042892456055,0.0015804767608642578,0.010179519653320312,0.0,0.8447395457581637,0.15526044441819023,0.001526474952697754,0.001314172786360107,0,1.1631134271621704,-3.337133229475153e-05,1.1673280119895935,-0.0036437054778518663,1.169963651895523,-0.00588825077281685,1.1504255294799806,0.01099513415886233,1.1264705407619475,0.03249447759862112,1.0898433059453965,0.06719434451345419,1.1638987286268585,-0.0007080651340407584,1.166309878763673,-0.002773933673041018,1.1630325867351328,3.613465592944287e-05,1.151987637263519,0.009624213745338173,0.003277292028540213,0.006023007075171558,-0.0027457150466313448,0,26.739701437623577,17.999934243027536,16.70543367941037,1.2945005636171665,0,1,1,0,0,24.94845170221808,0,1,26.757674177842766,24.340397099829215,2.4172770780135515,-57.74203291331298,-73.2423254210571,0.0,-0.4396478612882615,-1.2735725003862886,1.0246624970398965,0.00821514695590287,0.007063301757320968,1.1836064005957538,1.1563209031952921,1.169963651895523,0.023321662475516054,0.2475201129129592,1,0.046483214091802436,0.03599293034563305,0.05200386768118028,0.07339284773877791,1.1815649923256442,1.1487044045020327,0.43730830832562445,0.0,0.0,0.0,0.0,0.0,0.0,11630746125.174927,0,21,7,3,30,0,0,0,0.0,1.0,-0.4999999999999997,-0.8660254037844388,-0.0017437986838320166,1.161548137664795,34.302520504535465,0.0024404861817701115,1.1635754108428955,42.40360397128987,-0.005062042569506026,1.1607391834259033,39.14618573702077,-0.0017655424559011193,1.1682106256484985,61.4815962810311,0.0007889830282926394,1.178078293800354,74.45714382979264,0.003069228728114232,1.1512778997421265,62.55778011174824,-0.0005520282572600074,0.002579080672252361,0.39779952330888485,0.38361805891571304,-0.005062042569506026,0.005079122744651506,0.4,0.0006450384955562872,0.0035799041137278237,0.46274578197705757,-0.002528030635865978,-0.005965765260147934,0.008500688032483909,0.5333333333333333,0.00038609529508291403,0.004623314836372274,0.09168944031733674,0.40663294612279627,-0.012010660324811111,0.012798111458263317,0.5079365079365079
1.1694538593292236,1.174936294555664,1.1680059432983398,1.1694538593292236,0,0.005469826150893581,0.0038079958892339527,3,0.0,0.0,0.00548243522644043,0.001447916030883789,0.006930351257324219,0.0,0.7910760860120628,0.20892389955865437,0.006379246711730957,0.005484812962107408,0,1.163678240776062,0.00496324348972399,1.1669080138206482,0.0021817018807006594,1.1704411208629608,-0.0008434953421022628,1.1516234517097472,0.015482845101370879,1.1277699613571166,0.03696134787829419,1.090218918323517,0.0726780094958197,1.1657504388609803,0.003176855220868857,1.16679356808145,0.0022800015532480344,1.1635082365569174,0.005110082150677098,1.1526725871484484,0.014558576534585477,0.0032853315245326975,0.005475471965043786,-0.0021901404405110887,0,25.593264930211646,19.727702701667077,13.669054214293592,6.058648487373485,0,1,1,0,0,34.480998650177966,0,0,52.34484056655812,32.80893927248468,19.53590129407344,5.998175151294578,-47.65515903234176,0.0,0.24207062862748874,-0.357855233175719,1.6840106625227724,0.008701351620205338,0.007440525806167516,1.1832441240387008,1.1576381176872208,1.1704411208629608,0.021877227220462925,0.4614441406313041,1,0.06403929248112092,0.04648461781583503,0.054432472423944334,0.0739090192859075,1.1829487503128573,1.1481433438320359,0.6122760108462675,0.0,0.0,0.0,0.0,0.0,0.0,11694538592.292236,1,22,7,3,30,0,0,0,0.9510565162951535,0.30901699437494745,-0.4999999999999997,-0.8660254037844388,0.0013133100172193406,1.1630746126174927,24.94845170221808,-0.0017437986838320166,1.161548137664795,34.302520504535465,0.0024404861817701115,1.1635754108428955,42.40360397128987,-0.0013541264909105511,1.1666297912597656,57.41840901280443,-0.0037627227491737413,1.1736538410186768,78.55397856968818,-0.0010355737465834497,1.1500862836837769,54.33687959535579,-0.0005259813635105358,0.0026412374249901375,0.5142842727322973,0.6771281627486332,-0.005062042569506026,0.005469826150893581,0.4,0.0007683735973131692,0.003682263602984442,0.39957376119574606,-0.3032367230486512,-0.005965765260147934,0.008500688032483909,0.5333333333333333,0.0005063958076595264,0.004655830587504473,0.03395607275570448,0.323924584109474,-0.012010660324811111,0.012798111458263317,0.5238095238095238
1.1739156246185303,1.1752538681030273,1.1712344884872437,1.1739156246185303,0,0.0038079958892339527,0.0029862395798766583,3,0.0,0.0,0.0013382434844970703,0.002681136131286621,0.004019379615783691,0.0,0.3329477628704563,0.667052212250083,0.004461765289306641,0.003815255517207236,0,1.1663135290145874,0.006518054806166962,1.1670539140701295,0.00587951453235136,1.1710756838321685,0.002425070151594211,1.1527306509017945,0.018378077826181505,1.1290952706336974,0.039695812254804785,1.0906215661764145,0.07637301601003288,1.1684721674468304,0.004658610810669428,1.1678892690871547,0.005160040074321248,1.164279154191111,0.008276769614832258,1.153505647441393,0.017693868357419484,0.0036101148960436813,0.005102400551243766,-0.0014922856552000846,0,24.780155304773512,18.402091840841265,12.3976916796374,6.004400161203865,0,1,1,0,0,42.30525366805591,0,0,77.46851696487174,52.190343903090856,25.278173061780883,38.61152925106063,-22.53148259275646,0.0,1.1351767374421673,0.12443978457550298,1.207956765396534,0.008314505907351787,0.007082711680701376,1.183195049959445,1.158956317704892,1.1710756838321685,0.020697835833432727,0.6171653985373656,1,0.043225942860020454,0.05068858590983565,0.048124164882552306,0.073887012243797,1.1829721615105866,1.1497141378811793,0.7276886604645612,0.0,0.0,0.0,0.0,0.0,0.0,11739156245.185303,2,23,7,3,30,0,0,0,0.5877852522924732,-0.8090169943749473,-0.4999999999999997,-0.8660254037844388,0.005469826150893581,1.1694538593292236,34.480998650177966,0.0013133100172193406,1.1630746126174927,24.94845170221808,-0.0017437986838320166,1.161548137664795,34.302520504535465,-0.005062042569506026,1.1607391834259033,39.14618573702077,-0.0010205990022104786,1.1724566221237183,77.36514973201999,0.008500688032483909,1.1599044799804688,68.62956793368572,-0.00037592649392537,0.002825546373245306,0.5004453204356573,0.03366204391368345,-0.005062042569506026,0.005469826150893581,0.4,0.0008678664130722471,0.0037238848082741622,0.32051874807432174,-0.46239186385382736,-0.005965765260147934,0.008500688032483909,0.5333333333333333,0.0005045067684650206,0.004654444274158842,0.03457752572707806,0.3274404513498502,-0.012010660324811111,0.012798111458263317,0.5238095238095238
1.1774264574050903,1.1787587404251099,1.1733232736587524,1.1774264574050903,0,0.0029862395798766583,-0.0015412344485053924,1,0.0,0.0,0.0013322830200195312,0.004103183746337891,0.005435466766357422,0.0,0.24510921559758506,0.7548907660047314,0.0035108327865600586,0.0029907028347133987,0,1.1690837383270263,0.007136117545599507,1.1674848675727845,0.008515390655232213,1.1715282857418061,0.005034595950063725,1.153915319442749,0.020375098123888158,1.130384497642517,0.0416158924299832,1.0910460084676743,0.07917214137542761,1.1714569307662503,0.005095813923287507,1.1693565288283756,0.006901170239422383,1.1652530285032578,0.010447026099064782,1.1544437184203615,0.01990806352533636,0.004103500325117748,0.004902620506018563,-0.0007991201809008147,0,25.942486909483545,22.61299129539222,11.264747515554847,11.348243779837373,0,1,1,0,0,50.34375767402364,0,0,92.99945114638348,74.27093622593776,18.72851492044572,77.4263305011532,-7.000548411244723,0.0,1.1903866679479957,0.36735767290889676,1.3952594051404699,0.007930634021885872,0.00673556634585102,1.183896444711806,1.1591601267718061,1.1715282857418061,0.021114571657333565,0.738441776328496,1,0.04354391174697475,0.05269566350112394,0.04881913844195845,0.0737893296940792,1.1832599708548173,1.1515374347672738,0.8161082230235556,0.0,0.0,0.0,0.0,0.0,0.0,11774264573.050903,3,24,7,3,30,0,0,0,-0.587785252292473,-0.8090169943749475,-0.4999999999999997,-0.8660254037844388,0.0038079958892339527,1.1739156246185303,42.30525366805591,0.005469826150893581,1.1694538593292236,34.480998650177966,0.0013133100172193406,1.1630746126174927,24.94845170221808,0.0024404861817701115,1.1635754108428955,42.40360397128987,0.0005630181784850364,1.17311692237854,75.82966736914494,0.00113727887091598,1.161224365234375,67.24282724489697,-0.00014694110150206716,0.0029554350108947107,0.28989114645953784,-0.58328367282119,-0.005062042569506026,0.005469826150893581,0.4666666666666667,0.0007585945396011556,0.0036063114657215694,0.33401362194992207,-0.23669081751478627,-0.005965765260147934,0.008500688032483909,0.5333333333333333,0.0005921090048562039,0.004648290851921128,-0.016502017717652244,0.34307935918473026,-0.012010660324811111,0.012798111458263317,0.5396825396825397
1.1756131649017334,1.1760693788528442,1.1707408428192139,1.1756131649017334,0,-0.0015412344485053924,5.870991801312067e-05,2,0.0,0.0,0.00045621395111083984,0.004872322082519531,0.005328536033630371,0.0,0.08561712629318663,0.9143828549399331,-0.0018132925033569336,-0.0015400473565025986,0,1.171896743774414,0.0031712871008007237,1.1680186867713929,0.00650201757532054,1.1718478739261626,0.0032131225895679627,1.1550421953201293,0.017809712548312318,1.1315136361122131,0.03897392596800264,1.0914694893360137,0.07709210040236547,1.1728423421447447,0.0023624851842281025,1.1703190882242769,0.004523618071578195,1.166020446014256,0.0082268872895368,1.15527389279218,0.017605584385391948,0.004298642210020853,0.004781824846819022,-0.0004831826367981684,0,24.656804439355014,20.016916240552142,14.406022527589263,5.610893712962879,1,1,1,0,0,47.009413128318066,0,0,85.92910924666285,85.46569245263935,0.46341679402350167,38.912382232954684,-14.070890306013904,0.0,1.210886297421565,0.4561485214696459,0.6195570161722674,0.007764631430417952,0.006604750322276719,1.1842951161219846,1.1594006317303407,1.1718478739261626,0.021243785088002034,0.6512500058731736,1,0.04234651415817046,0.051558426350533426,0.04506404338781542,0.07314076884014685,1.183710295394804,1.1526517696731322,0.7392944327247934,0.0,0.0,0.0,0.0,0.0,0.0,11756131648.017334,4,25,7,3,30,0,0,0,-0.9510565162951536,0.30901699437494723,-0.4999999999999997,-0.8660254037844388,0.0029862395798766583,1.1774264574050903,50.34375767402364,0.0038079958892339527,1.1739156246185303,42.30525366805591,0.005469826150893581,1.1694538593292236,34.480998650177966,-0.0017437986838320166,1.161548137664795,34.302520504535465,-0.0024255019929678916,1.1702749729156494,72.98065025907327,0.006138461676132699,1.1683744192123413,69.44290820908307,-8.704729114906038e-05,0.002914472688978112,0.26223769203854225,-0.4693282523971239,-0.005062042569506026,0.005469826150893581,0.4666666666666667,0.00044492952640781273,0.003367915573381758,0.35094322537486067,-0.008498612918941868,-0.005965765260147934,0.008500688032483909,0.5,0.0004755536045788686,0.0046074353583593014,0.03571794998713057,0.44006151545774996,-0.012010660324811111,0.012798111458263317,0.5238095238095238
1.1756821870803833,1.1770660877227783,1.1609952449798584,1.1756821870803833,0,5.870991801312067e-05,-0.013708151840823465,0,0.0,0.0,0.0013839006423950195,0.014686942100524902,0.016070842742919922,0.0,0.08611251170343581,0.9138874820741151,6.902217864990234e-05,5.871164146907165e-05,0,1.1744182586669922,0.001076216504602101,1.1687658429145813,0.005917647326142639,1.1719947159290314,0.00314632054301911,1.1561807203292847,0.016867143956403208,1.1324755191802978,0.038152407769082686,1.0919058418273926,0.07672488042111003,1.173788957123291,0.0016129218505949172,1.1711441803559857,0.0038748488018194305,1.1667361305376729,0.007667591846856503,1.156074218058384,0.016960821904007606,0.004408049818312776,0.004707069841117773,-0.00029902002280499714,0,24.76847170612187,15.18246879453798,25.572723402379843,-10.390254607841863,1,1,1,0,0,52.75146226373347,0,0,86.23786149160097,88.38880729488243,-2.1509458032814592,-1.8181251164986738,-13.76213806107579,0.0,1.0839867301821071,0.6395731444179598,0.5525716394749747,0.008872126272084882,0.007546364458717144,1.1845553141360883,1.1594341177219745,1.1719947159290314,0.02143456456802962,0.646787239981989,1,0.04522702712208239,0.05015253215774851,0.045042918678851664,0.07300715455789258,1.186639680749225,1.1511511756608854,0.6912382274009673,0.0,0.0,0.0,0.0,0.0,0.0,11756821869.803833,0,28,7,3,31,0,0,0,0.0,1.0,-0.4999999999999997,-0.8660254037844388,-0.0015412344485053924,1.1756131649017334,47.009413128318066,0.0029862395798766583,1.1774264574050903,50.34375767402364,0.0038079958892339527,1.1739156246185303,42.30525366805591,0.0013133100172193406,1.1630746126174927,24.94845170221808,-0.0017655424559011193,1.1682106256484985,61.4815962810311,0.000724660809128604,1.1692214012145996,75.67842596385455,-0.00013573216516769499,0.0029048773954488873,0.3206150631002561,-0.40035419666376143,-0.005062042569506026,0.005469826150893581,0.4666666666666667,0.0005723200657892428,0.003274237976427859,0.3351740446938816,0.202344212061614,-0.005965765260147934,0.008500688032483909,0.5333333333333333,0.0005041685049039534,0.004599018449729512,0.01849645760753473,0.4647115176221563,-0.012010660324811111,0.012798111458263317,0.5396825396825397
1.1596757173538208,1.160092830657959,1.1519941091537476,1.1596757173538208,0,-0.013708151840823465,-0.003958249450338669,1,0.0,0.0,0.0004171133041381836,0.007681608200073242,0.008098721504211426,0.0,0.0515035982865839,0.9484963893657884,-0.0160064697265625,-0.013614622983231989,0,1.1724626302719117,-0.010906030338924122,1.1680704355239868,-0.007186825395235297,1.171042650938034,-0.009706677783373086,1.1569073748588563,0.0023928816211953308,1.1332843244075774,0.023287530124190825,1.0922729796171189,0.061708692687937994,1.169084543866801,-0.008048029256340405,1.1693798014325756,-0.008298487938680599,1.1662131369684985,-0.005605681763378834,1.1562154533248719,0.0029927501130513345,0.003166664464077096,0.0043989887657096376,-0.0012323243016325418,0,27.6162231676613,10.76190326297811,29.19066997248291,-18.4287667095048,1,1,1,0,0,37.63185479029866,0,0,28.70059405448203,66.95585493091527,-38.25526087643324,-176.35532909922128,-71.29940557189055,0.0,-0.8361289244033454,-0.596082318319302,-1.1144473693599721,0.010847586492691663,0.00935398260861112,1.1843237480447077,1.1577615538313604,1.171042650938034,0.022682516464965774,0.07206345604883156,1,0.1121404193606779,0.08797290805124092,0.065002486872563,0.07740840548941352,1.189712533490321,1.1463221875195542,0.3077534761416265,0.0,0.0,0.0,0.0,0.0,0.0,11596757172.538208,1,29,7,3,31,0,0,0,0.9510565162951535,0.30901699437494745,-0.4999999999999997,-0.8660254037844388,5.870991801312067e-05,1.1756821870803833,52.75146226373347,-0.0015412344485053924,1.1756131649017334,47.009413128318066,0.0029862395798766583,1.1774264574050903,50.34375767402364,0.005469826150893581,1.1694538593292236,34.480998650177966,-0.0013541264909105511,1.1666297912597656,57.41840901280443,0.0030093924011487484,1.1727453470230103,76.32125369926261,-0.0007987607712776765,0.0044928338871403715,-1.6272895072718112,4.44202484269261,-0.013708151840823465,0.005469826150893581,0.4666666666666667,0.00013078579409235488,0.004184996288308567,-0.9664428347228454,3.189310095872268,-0.013708151840823465,0.008500688032483909,0.5333333333333333,0.0003765354707188809,0.004876271197881792,-0.2820277142847172,0.9105291123387127,-0.013708151840823465,0.012798111458263317,0.5396825396825397
1.1550945043563843,1.157273530960083,1.1459347009658813,1.1550945043563843,0,-0.003958249450338669,-0.010582197162933812,0,0.0,0.0,0.0021790266036987305,0.00915980339050293,0.01133882999420166,0.0,0.1921738473542363,0.8078261438265117,-0.0045812129974365234,-0.003950425906558616,0,1.1686984062194825,-0.011640216063903308,1.167505967617035,-0.010630749395585837,1.1697696805000306,-0.012545355284057869,1.1574333548545837,-0.0020207216149314977,1.133974676132202,0.018624602971166748,1.0926336807012558,0.05716538365294066,1.1644211973633287,-0.008009724597304202,1.1671820634208538,-0.010356189957209327,1.1653895345527863,-0.008833982106651761,1.156171494541794,-0.0009315143042368801,0.0017925288680675777,0.003877696786181226,-0.0020851679181136482,0,31.355844409922348,9.00666395013642,31.621893007505843,-22.615229057369422,0,1,1,0,0,33.789743937458084,0,0,27.905777331198834,47.61474429242727,-19.708966961228434,-194.8722657097043,-72.0942223641464,0.0,-1.603277089719457,-0.48630038083653515,-2.0040868565741943,0.011233377145391368,0.009725071933121238,1.184054829307448,1.1554845316926132,1.1697696805000306,0.024423865730713496,-0.013651497094005845,1,0.10122135609059522,0.08656785586809565,0.06266694014979741,0.07768147759956033,1.1892533665910963,1.1443198580095306,0.23979089688302144,0.0,0.0,0.0,0.0,0.0,0.0,11550945042.563843,2,30,7,3,31,0,0,0,0.5877852522924732,-0.8090169943749473,-0.4999999999999997,-0.8660254037844388,-0.013708151840823465,1.1596757173538208,37.63185479029866,5.870991801312067e-05,1.1756821870803833,52.75146226373347,-0.0015412344485053924,1.1756131649017334,47.009413128318066,0.0038079958892339527,1.1739156246185303,42.30525366805591,-0.005062042569506026,1.1607391834259033,39.14618573702077,0.005079122744651506,1.178717017173767,78.24541226700816,-0.0009946041344862226,0.0045666150788149,-1.4284194868724593,3.6055633230095316,-0.013708151840823465,0.005469826150893581,0.4666666666666667,0.00019770298775266366,0.004099325264961328,-0.995924219569178,3.659422989620658,-0.013708151840823465,0.008500688032483909,0.5333333333333333,0.00035356223404379056,0.004893473123915985,-0.27267470819991974,0.8569016903420547,-0.013708151840823465,0.012798111458263317,0.5396825396825397
1.1429355144500732,1.1460267305374146,1.1406540870666504,1.1429355144500732,0,-0.010582197162933812,-0.0004913783030475,2,0.0,0.0,0.0030912160873413086,0.0022814273834228516,0.00537264347076416,0.0,0.5753622116610352,0.42463776972615375,-0.012158989906311035,-0.010526402696403921,0,1.161800217628479,-0.016237476108663107,1.1654419779777527,-0.01931152648611556,1.1679152309894563,-0.021388295977680993,1.157629690170288,-0.012693330124233348,1.1345646274089813,0.007378060921457319,1.0929140484333038,0.045768892790698956,1.1572593030589102,-0.012377337274142586,1.1634518251176569,-0.017634001101631713,1.1637262738044372,-0.01786567848520637,1.1556524364989815,-0.011004106205437902,-0.000274448686780282,0.003047267691588925,-0.003321716378369207,0,35.4901218806266,7.51953956604805,32.43861156035045,-24.919071994302403,0,1,1,0,0,28.939383297214945,0,1,5.987267108753512,20.864546164811443,-14.877279056057931,-241.73413210287515,-94.01273262881135,0.0,-2.9293500870560596,-1.773834012001907,-3.186504084940589,0.01166098249797037,0.010202660035952089,1.1857769359968042,1.1500535259821083,1.1679152309894563,0.030587331223835793,-0.19925341699410856,1,0.09430145078315044,0.09814471570098354,0.07017302696327248,0.08058072761216105,1.1878370441676598,1.1411931141757785,0.03735534872088338,0.0,0.0,0.0,0.0,0.0,0.0,11429355143.500732,3,31,7,3,31,0,1,0,-0.587785252292473,-0.8090169943749475,-0.4999999999999997,-0.8660254037844388,-0.003958249450338669,1.1550945043563843,33.789743937458084,-0.013708151840823465,1.1596757173538208,37.63185479029866,5.870991801312067e-05,1.1756821870803833,52.75146226373347,0.0029862395798766583,1.1774264574050903,50.34375767402364,0.0024404861817701115,1.1635754108428955,42.40360397128987,0.0015571728454564678,1.180553913116455,76.18729246773957,-0.0017376184905808125,0.005162850290444955,-1.0167078060815697,1.0785643086820609,-0.013708151840823465,0.005469826150893581,0.4,-0.0001401116150714469,0.0045474343885024094,-0.9823902868798271,2.246679894204311,-0.013708151840823465,0.008500688032483909,0.5333333333333333,0.00014807073886735397,0.0050761087077717554,-0.2863866249265434,0.6325240147535991,-0.013708151840823465,0.012798111458263317,0.5238095238095238
1.142374038696289,1.1582921743392944,1.1394582986831665,1.142374038696289,0,-0.0004913783030475,0.01416251795155252,4,0.0,0.0,0.01591813564300537,0.0029157400131225586,0.01883387565612793,0.0,0.8451863997152114,0.15481359497520691,-0.0005614757537841797,-0.0004912575964578453,0,1.15515239238739,-0.01106205023181872,1.163524568080902,-0.01817798271134108,1.166176474094391,-0.020410663415710628,1.1579134845733643,-0.01342021332574661,1.1350741970539093,0.0064311580341473995,1.0932170045375824,0.044965486129629806,1.15229754827137,-0.008611933340573863,1.1602090887451388,-0.015372272394972075,1.1621446267593891,-0.017012158130893407,1.155131715016523,-0.011044347803182752,-0.001935538014250282,0.0020507065504210835,-0.003986244564671365,0,32.83314136784147,18.98439526819744,25.982486820063198,-6.998091551865759,0,1,1,0,0,29.62533942019276,0,1,7.419102372560956,13.770715604171087,-6.3516132316101315,-173.33591937645107,-92.58089737298897,0.0,-2.827386354441064,-1.6507364909605804,-3.1906511955079653,0.012617368252391377,0.011044866063033263,1.186808914794287,1.1455440333944948,1.166176474094391,0.03538476578195296,-0.07682064222628972,0,0.09762691610673868,0.09836226930573805,0.07016477222574612,0.08056476600548414,1.1876411451550324,1.137171672145467,0.1030794702280352,0.0,0.0,0.0,0.0,0.0,0.0,11423740385.96289,4,1,8,3,31,1,0,0,-0.9510565162951536,0.30901699437494723,-0.8660254037844385,-0.5000000000000004,-0.010582197162933812,1.1429355144500732,28.939383297214945,-0.003958249450338669,1.1550945043563843,33.789743937458084,-0.013708151840823465,1.1596757173538208,37.63185479029866,-0.0015412344485053924,1.1756131649017334,47.009413128318066,-0.0017437986838320166,1.161548137664795,34.302520504535465,-0.00044854130647288505,1.18002450466156,70.83558749125223,-0.0016086769112527862,0.005168592414288981,-1.0983480311647826,1.1977854572494897,-0.013708151840823465,0.005469826150893581,0.4,-0.0002587985161101713,0.004507069356893608,-0.9377151253878663,2.3199931003695906,-0.013708151840823465,0.008500688032483909,0.5,0.00015410368446722926,0.005075103221062419,-0.29013827883045773,0.6369609131959979,-0.013708151840823465,0.012798111458263317,0.5238095238095238
1.158668041229248,1.1588828563690186,1.1550945043563843,1.158668041229248,0,0.01416251795155252,-0.00022019763958905744,2,0.0,0.0,0.0002148151397705078,0.0035735368728637695,0.0037883520126342773,0.0,0.05670411128207759,0.9432958623212209,0.016294002532958984,0.014263281534415691,0,1.151749563217163,0.0060069290516238105,1.1630839109420776,-0.0037966906522446386,1.1652059614658357,-0.005610956819858459,1.1583412218093871,0.00028214425393757736,1.1357746279239656,0.0201566513641116,1.0936117094755173,0.059487596085618044,1.154421045923996,0.0036788962050537943,1.1599720045119248,-0.0011241334941639591,1.1618871019053045,-0.0027705452367108307,1.1552703944758456,0.0029409969037161865,-0.0019150973933796944,0.001257545761660928,-0.0031726431550406224,0,30.287520972488448,16.402814886480343,21.628724271567375,-5.225909385087032,0,1,1,0,0,44.90395041087898,0,0,48.87920248667526,20.76185732266323,28.117345164012033,-65.8274056320153,-51.120797258874674,0.0,-1.4471722067497805,-0.37887263125171433,-1.5699909353685038,0.013136228175103126,0.011337352638149036,1.185300207829558,1.1451117151021133,1.1652059614658357,0.03449046267617644,0.3373185997628937,0,0.17278473320618623,0.12640577281143084,0.08863415989696224,0.08517893974899338,1.1883228300079796,1.1357779173075673,0.43562968709505917,0.0,0.0,0.0,0.0,0.0,0.0,11586680411.29248,0,4,8,3,32,0,0,0,0.0,1.0,-0.8660254037844385,-0.5000000000000004,-0.0004913783030475,1.142374038696289,29.62533942019276,-0.010582197162933812,1.1429355144500732,28.939383297214945,-0.003958249450338669,1.1550945043563843,33.789743937458084,5.870991801312067e-05,1.1756821870803833,52.75146226373347,0.0013133100172193406,1.1630746126174927,24.94845170221808,-0.0024396416038004946,1.1771491765975952,73.09213156005409,-0.0005468062174225438,0.0065780658559655885,0.03906590587250283,1.479640038315499,-0.013708151840823465,0.01416251795155252,0.4666666666666667,0.00024780454049436103,0.005215256599765737,-0.1371806332776742,2.289886951705519,-0.013708151840823465,0.01416251795155252,0.5333333333333333,0.00033772912560006365,0.005365768845618833,-0.05672698462757209,0.7057353806867881,-0.013708151840823465,0.01416251795155252,0.5238095238095238
1.1584129333496094,1.158815622329712,1.1530035734176636,1.1584129333496094,0,-0.00022019763958905744,-0.0004284953923053027,2,0.0,0.0,0.00040268898010253906,0.005409359931945801,0.00581204891204834,0.0,0.06928520032569709,0.9307147824686669,-0.0002551078796386719,-0.00022017339784914306,0,1.1514970064163208,0.00600603110051634,1.1619798183441161,-0.003069661828793868,1.1644439160823823,-0.0051792814999157555,1.158732511997223,-0.0002758002768344925,1.1365031158924104,0.019278273019134762,1.0940135198831558,0.05886528108669542,1.1557516750658672,0.002302621091472945,1.1597321474100302,-0.0011375162473965528,1.1616297560863642,-0.0027692324681107827,1.1553936312944246,0.002613223643565421,-0.0018976086763340394,0.0006265148740619346,-0.002524123550395974,0,28.77706881017841,15.357458053586377,22.543067958038694,-7.185609904452317,0,1,1,0,0,48.39527683661239,0,0,48.23008031989492,34.84279505971036,13.387285260184555,-65.13209783678516,-51.76991942565502,0.0,-0.10889113097003467,-0.9441095851312253,-1.6692744917068514,0.012159670940029156,0.010496836308464867,1.1843442641307433,1.1445435680340212,1.1644439160823823,0.034180002612069355,0.3484704198900517,0,0.14381114493092187,0.12219016938911142,0.08848167639401366,0.08487915199029535,1.1860232926513399,1.1373846088912234,0.4323374480868533,0.0,0.0,0.0,0.0,0.0,0.0,11584129332.496094,1,5,8,3,32,0,0,0,0.9510565162951535,0.30901699437494745,-0.8660254037844385,-0.5000000000000004,0.01416251795155252,1.158668041229248,44.90395041087898,-0.0004913783030475,1.142374038696289,29.62533942019276,-0.010582197162933812,1.1429355144500732,28.939383297214945,-0.013708151840823465,1.1596757173538208,37.63185479029866,0.005469826150893581,1.1694538593292236,34.480998650177966,0.0007889830282926394,1.178078293800354,74.45714382979264,-0.00047121096066777743,0.00657464009429064,-0.0005129684802361894,1.489375200787289,-0.013708151840823465,0.01416251795155252,0.4666666666666667,-4.289164857473784e-05,0.004976988261570938,-0.1383652235478433,3.0643302329487607,-0.013708151840823465,0.01416251795155252,0.5,0.0003854638569303247,0.00534688399191368,-0.08007245243720991,0.7595221990692128,-0.013708151840823465,0.01416251795155252,0.5238095238095238
1.1579166650772095,1.164646029472351,1.156510591506958,1.1579166650772095,0,-0.0004284953923053027,0.007228292232798949,4,0.0,0.0,0.0067293643951416016,0.0014060735702514648,0.008135437965393066,0.0,0.8271668152410021,0.1728331724670969,-0.0004962682723999023,-0.00042840360122886167,0,1.152061438560486,0.005082390765141387,1.1603799223899842,-0.0021228025106544424,1.1637169182300569,-0.004984247596203084,1.1592166495323182,-0.0011214336470417585,1.137201007604599,0.018216355096645875,1.0943910276889801,0.058046562586109074,1.1564733384029813,0.0012480413738691354,1.15945284243575,-0.0013249158587431697,1.1613547123079084,-0.002960376613593496,1.1554925737957102,0.0020978855565696453,-0.001901869872158457,0.00012083792481785624,-0.0020227077969763134,0,24.996406781154096,20.612519710580738,20.439238763279352,0.17328094730138588,0,1,1,0,0,45.966188117335186,0,0,46.96732537582642,48.025536060798856,-1.0582106849724369,-33.94058037189577,-53.03267436972351,0.0,0.24432292857263782,-1.3628713346855559,-1.3408703138404254,0.01162310654341101,0.01003794736958224,1.1834463743228185,1.1439874621372952,1.1637169182300569,0.03390765534469258,0.35300524350805856,0,0.14016444251982446,0.11939117767442597,0.08782716581335179,0.08345946586254532,1.184589469982478,1.1380970438088338,0.42629784799188064,0.0,0.0,0.0,0.0,0.0,0.0,11579166649.772095,2,6,8,3,32,0,0,0,0.5877852522924732,-0.8090169943749473,-0.8660254037844385,-0.5000000000000004,-0.00022019763958905744,1.1584129333496094,48.39527683661239,0.01416251795155252,1.158668041229248,44.90395041087898,-0.0004913783030475,1.142374038696289,29.62533942019276,-0.003958249450338669,1.1550945043563843,33.789743937458084,0.0038079958892339527,1.1739156246185303,42.30525366805591,-0.0037627227491737413,1.1736538410186768,78.55397856968818,-0.00016230781552106256,0.006451230589337231,-0.13672624104562237,1.889012469363304,-0.013708151840823465,0.01416251795155252,0.4666666666666667,-9.508412401544727e-05,0.004972393160988662,-0.10552051003081928,3.0819936190711776,-0.013708151840823465,0.01416251795155252,0.4666666666666667,0.0004941736861185594,0.005257452172061422,-0.09679086623226892,0.9579983288407938,-0.013708151840823465,0.01416251795155252,0.5238095238095238
1.1663167476654053,1.1695358753204346,1.1614266633987427,1.1663167476654053,0,0.007228292232798949,0.0011553279826671148,3,0.0,0.0,0.003219127655029297,0.004890084266662598,0.008109211921691895,0.0,0.39697169668498355,0.6030282909833621,0.0084000825881958,0.0072544793946032705,0,1.1567376852035522,0.008281101656456569,1.1592689514160157,0.0060795177341486095,1.1633769094944,0.0025269867802604207,1.1600756192207335,0.005379932342967519,1.1379449987411498,0.0249324430030875,1.0948243260383606,0.06530035898929198,1.1597544748237893,0.005658329313234178,1.160508827855697,0.005004632080170657,1.1617222704825378,0.003954884225954913,1.1559170512023649,0.00899692270420549,-0.001213442626840866,-0.00014601818551388822,-0.0010674244413269778,0,23.528037841435737,23.474571904324982,17.714798709301565,5.759773195023417,0,1,1,0,0,53.11615737090577,0,0,68.34134102170351,54.51291557247493,13.828425449228583,25.779673928674555,-31.65865872384642,0.0,2.0457176209614847,-0.9435586970051202,-0.5236760441671207,0.011622587036719556,0.009965206329230678,1.1826534632672416,1.1441003557215583,1.1633769094944,0.03313896573649933,0.5762542451317659,0,0.10387806191986697,0.12547153797860042,0.09193265867608932,0.08453913496267877,1.1850620967566903,1.138571748609812,0.5967905189322027,0.0,0.0,0.0,0.0,0.0,0.0,11663167475.654053,3,7,8,3,32,0,0,0,-0.587785252292473,-0.8090169943749475,-0.8660254037844385,-0.5000000000000004,-0.0004284953923053027,1.1579166650772095,45.966188117335186,-0.00022019763958905744,1.1584129333496094,48.39527683661239,0.01416251795155252,1.158668041229248,44.90395041087898,-0.010582197162933812,1.1429355144500732,28.939383297214945,0.0029862395798766583,1.1774264574050903,50.34375767402364,-0.0010205990022104786,1.1724566221237183,77.36514973201999,0.00015687925454752663,0.006702747263684463,-0.18121964772753418,1.271357839193268,-0.013708151840823465,0.01416251795155252,0.4666666666666667,-5.8756438793238924e-05,0.005023226314780356,-0.0817125220645286,2.9194379408669437,-0.013708151840823465,0.01416251795155252,0.4666666666666667,0.0006012465615646943,0.005325464932470803,-0.12175195175656563,0.8052885774209085,-0.013708151840823465,0.01416251795155252,0.5238095238095238
1.1676650047302246,1.167924165725708,1.1630746126174927,1.1676650047302246,0,0.0011553279826671148,-0.0024606864217707708,1,0.0,0.0,0.00025916099548339844,0.004590392112731934,0.004849553108215332,0.0,0.05344017981787882,0.9465597995616649,0.001348257064819336,0.0011559956310346377,0,1.1617958784103393,0.005051770563526903,1.1584741353988648,0.007933598990021551,1.1632464110851288,0.003798501764208373,1.1606721663475037,0.006024817760663659,1.138682166337967,0.02545296584640644,1.0952542638778686,0.06611317858683008,1.1623913181259344,0.004536928675911822,1.161609778144086,0.005212788837996696,1.1621624730194036,0.00473473523547141,1.156377755262281,0.009760866910145216,-0.0005526948753176164,-0.00022735352347463388,-0.0003253413518429825,0,22.255451427012865,22.05857282301198,16.646232313277352,5.412340509734626,0,1,1,0,0,53.00670001934339,0,0,71.77198200594917,62.36021613449302,9.411765871456147,32.39990735480847,-28.228017739600766,0.0,2.2138953772792513,-0.6760863529606032,-0.4647377890740434,0.010719515846252326,0.009180300687191455,1.1823609970315423,1.1441318251387154,1.1632464110851288,0.032864207897171684,0.6155817237141535,0,0.09992507184648476,0.12584423033324843,0.09202151568856248,0.08056318642709413,1.1838129145707057,1.1409348511856965,0.6233992716082751,0.0,0.0,0.0,0.0,0.0,0.0,11676650046.302246,4,8,8,3,32,0,0,0,-0.9510565162951536,0.30901699437494723,-0.8660254037844385,-0.5000000000000004,0.007228292232798949,1.1663167476654053,53.11615737090577,-0.0004284953923053027,1.1579166650772095,45.966188117335186,-0.00022019763958905744,1.1584129333496094,48.39527683661239,-0.0004913783030475,1.142374038696289,29.62533942019276,-0.0015412344485053924,1.1756131649017334,47.009413128318066,0.0005630181784850364,1.17311692237854,75.82966736914494,0.0003501543656474687,0.0066858031173754095,-0.28052989335638107,1.3575239256618017,-0.013708151840823465,0.01416251795155252,0.5333333333333333,-4.440086634195522e-05,0.005026156931835942,-0.09036943999669264,2.9061027156747348,-0.013708151840823465,0.01416251795155252,0.4666666666666667,0.0008102305029532377,0.005075003716976794,-0.012667738239143054,0.9593293184133884,-0.013708151840823465,0.01416251795155252,0.5396825396825397
1.1647952795028687,1.1676785945892334,1.1591111421585083,1.1647952795028687,0,-0.0024606864217707708,-0.0025361138582426015,1,0.0,0.0,0.002883315086364746,0.0056841373443603516,0.008567452430725098,0.0,0.33654287269458844,0.6634571156333305,-0.002869725227355957,-0.002457661414433849,0,1.1630213260650635,0.001525297342271914,1.1573854446411134,0.006402218721017983,1.1630756437778473,0.001478524319611596,1.161261441707611,0.003043102584855406,1.1394182109832764,0.022271952627003877,1.0956679219007492,0.06309152263569895,1.1631926385849125,0.0013777948421063169,1.1620998552762063,0.002319442786428816,1.1623574957218825,0.0020972753131018873,1.1567078542521079,0.006991761247519657,-0.0002576404456762216,-0.00023341090791495142,-2.4229537761270153e-05,0,19.370959480909846,19.643243391645537,19.889040041048354,-0.24579664940281631,0,1,1,0,0,46.801589506786954,0,0,64.46996428590093,68.19442910451785,-3.724464818616923,11.538596924133069,-35.53003545964901,0.0,0.5288174054684402,-0.9260076997977262,-0.4682398188118553,0.010432574057515364,0.008956573090742864,1.182064102700478,1.1440871848552168,1.1630756437778473,0.032652147816148135,0.5452810751388502,0,0.05849198317138546,0.12606637223912853,0.09203221226674804,0.07944893231765261,1.183469640195581,1.1417393439655195,0.5524987255060582,0.0,0.0,0.0,0.0,0.0,0.0,11647952794.028687,0,11,8,3,33,0,0,0,0.0,1.0,-0.8660254037844385,-0.5000000000000004,0.0011553279826671148,1.1676650047302246,53.00670001934339,0.007228292232798949,1.1663167476654053,53.11615737090577,-0.0004284953923053027,1.1579166650772095,45.966188117335186,0.01416251795155252,1.158668041229248,44.90395041087898,5.870991801312067e-05,1.1756821870803833,52.75146226373347,-0.0024255019929678916,1.1702749729156494,72.98065025907327,9.855460304812799e-05,0.00671790309043812,-0.15310078479887695,1.2200254678609095,-0.013708151840823465,0.01416251795155252,0.4666666666666667,-0.0002267368271059392,0.0050107496241683785,0.013306149353580965,2.9721373784360514,-0.013708151840823465,0.01416251795155252,0.43333333333333335,0.0006429694850398481,0.005004812305764555,0.03474386108052584,1.1166538380770212,-0.013708151840823465,0.01416251795155252,0.5238095238095238
1.1618449687957764,1.1694538593292236,1.1599314212799072,1.1618449687957764,0,-0.0025361138582426015,0.005031817232867205,4,0.0,0.0,0.007608890533447266,0.0019135475158691406,0.009522438049316406,0.0,0.7990485644680707,0.2009514250304172,-0.002950310707092285,-0.0025329006382118747,0,1.1637077331542969,-0.0016007150294613526,1.1576023697853088,0.003664988100264388,1.1628364026546478,-0.0008525996920313306,1.161591455936432,0.00021824606063258756,1.140179958343506,0.019001395518165376,1.096047557592392,0.060031529326987965,1.1627434153218672,-0.0007726955183529061,1.1620606419715247,-0.00018559554290031866,1.1623195307643932,-0.00040828881905130565,1.1569093097244085,0.004266245356878473,-0.00025888879286850575,-0.0002385064849056623,-2.0382307962843455e-05,0,17.538539836240844,19.520075376412933,17.440030072801786,2.080045303611147,1,1,1,0,0,41.53709002194174,0,0,56.962896759897774,64.40161435058262,-7.4387175906848455,11.267212435021952,-43.03710298565216,0.0,0.2962704703445507,0.18705672710863652,-0.544906604422335,0.010311222589755503,0.008874869596031685,1.1817567639425397,1.143916041366756,1.1628364026546478,0.03254174231744268,0.4737998156809534,0,0.06374712685252762,0.10508952075758253,0.09223338631691151,0.07968119671548984,1.1831546017091306,1.1419097113501087,0.4833388384307631,0.0,0.0,0.0,0.0,0.0,0.0,11618449686.957764,1,12,8,3,33,0,0,0,0.9510565162951535,0.30901699437494745,-0.8660254037844385,-0.5000000000000004,-0.0024606864217707708,1.1647952795028687,46.801589506786954,0.0011553279826671148,1.1676650047302246,53.00670001934339,0.007228292232798949,1.1663167476654053,53.11615737090577,-0.00022019763958905744,1.1584129333496094,48.39527683661239,-0.013708151840823465,1.1596757173538208,37.63185479029866,-0.0017655424559011193,1.1682106256484985,61.4815962810311,-0.0004351747308942842,0.006577239009790939,0.06823763959153507,1.583354732837746,-0.013708151840823465,0.01416251795155252,0.4,-0.00048057804720240947,0.0049248446767495135,0.12982943239953273,3.3800329817285713,-0.013708151840823465,0.01416251795155252,0.4,0.000607860560168938,0.005019443587552448,0.05200009173741237,1.0711766914447178,-0.013708151840823465,0.01416251795155252,0.5238095238095238
1.1677058935165405,1.1730618476867676,1.1671879291534424,1.1677058935165405,0,0.005031817232867205,0.003064079840358307,3,0.0,0.0,0.005355954170227051,0.0005179643630981445,0.005873918533325195,0.0,0.9118196053722101,0.08818037760337984,0.00586092472076416,0.005044498085088249,0,1.165665578842163,0.0017503429896497114,1.1588635087013244,0.007630221029534701,1.1631847381591798,0.003886876356482327,1.1621766448020936,0.004757666262440452,1.1410212552547454,0.023386626705300895,1.0964430218935013,0.06499459624766679,1.1643975747200916,0.002841227745566277,1.1629291422092194,0.004107516987523319,1.1627185205978856,0.004289406876963886,1.1573327051672373,0.008963013144010379,0.00021062161133378332,-0.00014868086565777316,0.0003593024769915565,1,17.55014621421614,21.333020506199883,14.939734306043308,6.393286200156576,1,1,1,0,0,43.40219482914809,0,0,75.11102215689989,65.51462773423286,9.596394422667032,62.13272083667422,-24.888977577197743,0.0,0.8454173546831534,1.0918058316954138,0.09224025177798634,0.010431976763253598,0.008933736500159623,1.1821988171467532,1.1441706591716063,1.1631847381591798,0.03269313697500862,0.6188896737629669,0,0.06974599071083848,0.10485067312035101,0.09391654865969065,0.08016896368447328,1.1838888469120241,1.1421609398590098,0.6121791242455213,0.0,0.0,0.0,0.0,0.0,0.0,11677058934.165405,2,13,8,3,33,0,0,0,0.5877852522924732,-0.8090169943749473,-0.8660254037844385,-0.5000000000000004,-0.0025361138582426015,1.1618449687957764,41.53709002194174,-0.0024606864217707708,1.1647952795028687,46.801589506786954,0.0011553279826671148,1.1676650047302246,53.00670001934339,-0.0004284953923053027,1.1579166650772095,45.966188117335186,-0.003958249450338669,1.1550945043563843,33.789743937458084,-0.0013541264909105511,1.1666297912597656,57.41840901280443,-0.000353586641318734,0.006640915797763159,0.04824673034519259,1.4085955193419295,-0.013708151840823465,0.01416251795155252,0.4,-0.0003647565676220516,0.005014463192579725,0.0953381475670374,2.959284583528356,-0.013708151840823465,0.01416251795155252,0.4,0.0006724591120379716,0.0050501700184496364,0.022614337865195525,0.9775072258552621,-0.013708151840823465,0.01416251795155252,0.5238095238095238
1.171289324760437,1.1715638637542725,1.1638462543487549,1.171289324760437,0,0.003064079840358307,-0.005268555868744071,0,0.0,0.0,0.0002745389938354492,0.007443070411682129,0.007717609405517578,0.0,0.03557306101574226,0.9644269260268776,0.0035834312438964844,0.003068778930967044,0,1.1666600942611693,0.003967934123779715,1.1616988897323608,0.008255525603076075,1.1635704338550568,0.00663379764570271,1.162758343219757,0.007336848184914757,1.1419305789470673,0.025709746504791298,1.0968622034788131,0.06785457730130995,1.1666948247335402,0.003938047747449547,1.164215324140176,0.006076196020592395,1.163353394980297,0.006821598418589092,1.157880023582657,0.01158090717821647,0.000861929159879038,5.3441139449589075e-05,0.0008084880204294489,0,15.684269297210014,19.15309437578436,17.837676901008958,1.3154174747754013,1,1,1,0,0,47.13407213759712,0,0,84.63945051144547,72.23778980941437,12.401660702031108,53.49207159432941,-15.360549222652166,0.0,0.4263487688902057,2.480788281743629,0.9089157568882289,0.010070061115555463,0.008597415601610937,1.182927731808227,1.1442131359018866,1.1635704338550568,0.03327224100628512,0.6993793465936233,0,0.053191078220794455,0.08227865810317798,0.09255883308177812,0.08027645138197707,1.183952104319001,1.1436718598567794,0.6856329995960263,0.0,0.0,0.0,0.0,0.0,0.0,11712893246.60437,3,14,8,3,33,0,0,0,-0.587785252292473,-0.8090169943749475,-0.8660254037844385,-0.5000000000000004,0.005031817232867205,1.1677058935165405,43.40219482914809,-0.0025361138582426015,1.1618449687957764,41.53709002194174,-0.0024606864217707708,1.1647952795028687,46.801589506786954,0.007228292232798949,1.1663167476654053,53.11615737090577,-0.010582197162933812,1.1429355144500732,28.939383297214945,-0.005062042569506026,1.1607391834259033,39.14618573702077,-0.0003483972906199575,0.0066437418346328445,0.04623068861898077,1.4002704671564612,-0.013708151840823465,0.01416251795155252,0.4,-0.00024766919606101183,0.005053298710385823,0.03020874008781372,2.769757172210689,-0.013708151840823465,0.01416251795155252,0.43333333333333335,0.0007283782852585674,0.005056941106939969,-0.009790571498854619,0.9559388805741469,-0.013708151840823465,0.01416251795155252,0.5396825396825397
1.1651345491409302,1.171522617340088,1.1647816896438599,1.1651345491409302,0,-0.005268555868744071,0.004730015176767789,3,0.0,0.0,0.006388068199157715,0.0003528594970703125,0.006740927696228027,0.0,0.9476541497347355,0.052345835430511446,-0.006154775619506836,-0.00525470136956998,0,1.1661540031433106,-0.0008742019489237363,1.163974940776825,0.000996248478710049,1.1637497544288635,0.0011899419154999258,1.1631533646583556,0.0017032873244415825,1.1427944374084473,0.019548670258834555,1.0972508478164673,0.06186707565855598,1.166174732869337,-0.0008919622411629469,1.1643567433710613,0.0006680131963252567,1.163485332325529,0.0014174795929424722,1.1581645147810207,0.006018172867803262,0.0008714110455323443,0.00021703512066614014,0.0006543759248662041,0,14.067175969137903,17.364781397049722,16.17218366598995,1.1925977310597702,1,1,1,0,0,43.53072537869955,0,0,76.40934110442552,78.71993792425694,-2.3105968198314173,34.15677688218914,-23.590658597986856,0.0,-0.21671075000480045,1.9923868779980314,0.13399546634500492,0.009626176659645139,0.00826185839731254,1.183094615471526,1.144404893386201,1.1637497544288635,0.033245740275999754,0.5357923134064762,0,0.06828391073277332,0.09017704187179384,0.09428618204373826,0.080863156398547,1.1831902941741368,1.1446855875355562,0.5310769341578891,0.0,0.0,0.0,0.0,0.0,0.0,11651345490.409302,4,15,8,3,33,0,0,0,-0.9510565162951536,0.30901699437494723,-0.8660254037844385,-0.5000000000000004,0.003064079840358307,1.171289324760437,47.13407213759712,0.005031817232867205,1.1677058935165405,43.40219482914809,-0.0025361138582426015,1.1618449687957764,41.53709002194174,0.0011553279826671148,1.1676650047302246,53.00670001934339,-0.0004913783030475,1.142374038696289,29.62533942019276,0.0024404861817701115,1.1635754108428955,42.40360397128987,-0.0005968853853025361,0.006760226025723547,0.13985893450853631,1.0987458825183982,-0.013708151840823465,0.01416251795155252,0.4,-0.00034196633822579776,0.005121546133899766,0.056291505694550756,2.490702248920594,-0.013708151840823465,0.01416251795155252,0.43333333333333335,0.0005798019094633431,0.00509390004900659,0.048843045229502814,0.8692522456108822,-0.013708151840823465,0.01416251795155252,0.5238095238095238
1.1706587076187134,1.1710972785949707,1.166167140007019,1.1706587076187134,0,0.004730015176767789,-0.003272595167235942,1,0.0,0.0,0.0004385709762573242,0.004491567611694336,0.00493013858795166,0.0,0.08895712758124025,0.9110428521353547,0.005524158477783203,0.004741219356495883,0,1.1673266887664795,0.002854401243467919,1.1651740074157715,0.004707194004984316,1.1641289591789246,0.005609127998871699,1.163750855922699,0.005935850925706809,1.1437589633464813,0.023518717694832603,1.097636911869049,0.06652636664584355,1.1676693911191292,0.002560070874567666,1.1653262763322385,0.004575912595741638,1.1640166934583576,0.00570611581183722,1.158654483127597,0.010360486723942852,0.0013095828738809434,0.0004355446713091008,0.0008740382025718426,0,12.665695084808606,15.853951886975517,14.765116581974205,1.0888353050013126,1,1,1,0,0,57.73028299628237,0,0,92.8485525125777,84.63244804281622,8.216104469761476,51.69685667167642,-7.151447189834689,0.0,0.5033870087752357,1.034866412362967,0.7843471706850291,0.00913771703223119,0.00780562000861724,1.1837139385171522,1.144543979840697,1.1641289591789246,0.033647439456121496,0.6667029681357178,0,0.07370448383402381,0.06273069878863008,0.09538302382916572,0.08083945347705306,1.182853447944439,1.1463025798155142,0.6663624965254521,0.0,0.0,0.0,0.0,0.0,0.0,11706587075.187134,0,18,8,3,34,0,0,0,0.0,1.0,-0.8660254037844385,-0.5000000000000004,-0.005268555868744071,1.1651345491409302,43.53072537869955,0.003064079840358307,1.171289324760437,47.13407213759712,0.005031817232867205,1.1677058935165405,43.40219482914809,-0.0024606864217707708,1.1647952795028687,46.801589506786954,0.01416251795155252,1.158668041229248,44.90395041087898,-0.0017437986838320166,1.161548137664795,34.302520504535465,-0.0002854650347188915,0.006898760280655352,0.01310088236855531,0.7364346443147292,-0.013708151840823465,0.01416251795155252,0.4,-0.0002105985999432927,0.005201475370233446,0.006413543989507481,2.1734505720269275,-0.013708151840823465,0.01416251795155252,0.43333333333333335,0.0005780230045676748,0.005092406905301383,0.04921797879423815,0.8731601705136414,-0.013708151840823465,0.01416251795155252,0.5238095238095238
1.1668338775634766,1.169344425201416,1.1641037464141846,1.1668338775634766,0,-0.003272595167235942,-0.002214521376242774,1,0.0,0.0,0.002510547637939453,0.002730131149291992,0.005240678787231445,0.0,0.4790500795719865,0.5209499013465163,-0.0038248300552368164,-0.0032672460641328515,0,1.1683244705200195,-0.0012758382572881644,1.1660161018371582,0.0007013416238075276,1.1639979600906372,0.0024363594008145473,1.164231436252594,0.0022353297889254886,1.1446263003349304,0.01940159606686298,1.0981045466661454,0.06258905948412208,1.1673908866005784,-0.0004771402136573011,1.1655582149831982,0.0010944648356214781,1.1642253737624406,0.002240548745628068,1.15897524369371,0.006780674403400244,0.001332841220757608,0.0006150039811988023,0.0007178372395588057,0,11.909744551427018,14.278184671614992,16.426290011322497,-2.148105339707504,1,0,1,0,0,58.35157990253262,0,0,81.46633201127078,83.57474187609131,-2.10840986482053,30.61252416215147,-18.533667691141602,0.0,0.4293953928182992,0.7269380349127941,0.32321786626601234,0.00879334958853754,0.007536076691693046,1.1834676830422417,1.1445282371390326,1.1639979600906372,0.03345319084307644,0.5728289103703654,0,0.0760803646427359,0.06620843350727836,0.09613277294261467,0.08092740852230179,1.182379557217385,1.147206158863235,0.5580273605300651,0.0,0.0,0.0,0.0,0.0,0.0,11668338774.634766,1,19,8,3,34,0,0,0,0.9510565162951535,0.30901699437494745,-0.8660254037844385,-0.5000000000000004,0.004730015176767789,1.1706587076187134,57.73028299628237,-0.005268555868744071,1.1651345491409302,43.53072537869955,0.003064079840358307,1.171289324760437,47.13407213759712,-0.0025361138582426015,1.1618449687957764,41.53709002194174,-0.00022019763958905744,1.1584129333496094,48.39527683661239,0.0013133100172193406,1.1630746126174927,24.94845170221808,0.00041023874352027676,0.005902752849713698,0.5693424140352494,1.2199198078543465,-0.010582197162933812,0.01416251795155252,0.4,-0.00019426101387869942,0.005190692148027458,0.0005926389144255383,2.215138097198261,-0.013708151840823465,0.01416251795155252,0.43333333333333335,0.00046540012015192897,0.0050979475523557066,0.10604440851275089,0.8653322850054479,-0.013708151840823465,0.01416251795155252,0.5079365079365079
1.164252758026123,1.1672561168670654,1.1623852252960205,1.164252758026123,0,-0.002214521376242774,0.0007919897481926959,2,0.0,0.0,0.003003358840942383,0.001867532730102539,0.004870891571044922,0.0,0.616593232568872,0.3834067469010061,-0.0025811195373535156,-0.002212071132629498,0,1.167633843421936,-0.0028956727441323826,1.1666497111320495,-0.002054561178775005,1.1635148167610168,0.0006342344372520792,1.1646415710449218,-0.0003338478794093769,1.1454449117183685,0.01641968637138347,1.0985282242298127,0.05982962680490744,1.1663448437424266,-0.001793711205865467,1.1653573754513404,-0.0009478787781257436,1.1642274022264172,2.1778992364440697e-05,1.1591822050400793,0.004374250108015509,0.001129973224923253,0.0007179978299436925,0.00041197539497956053,0,12.36058354111701,13.156951247933426,17.90694276743447,-4.749991519501043,1,0,1,0,0,67.55821424395626,0,0,73.78523996532104,82.70004149638983,-8.91480153106879,15.36955012778947,-26.214759737091335,0.0,-0.295719625086277,0.547197664565191,-0.44474617460186217,0.008270355186205192,0.007103573625641579,1.1824196717980817,1.1446099617239518,1.1635148167610168,0.03249611395249326,0.5195172407222313,0,0.06799179111723413,0.06767009963598773,0.09444918961415986,0.08051913993826748,1.1812821303161314,1.1482007095713105,0.4852285072672629,0.0,0.0,0.0,0.0,0.0,0.0,11642527579.26123,2,20,8,3,34,0,0,0,0.5877852522924732,-0.8090169943749473,-0.8660254037844385,-0.5000000000000004,-0.003272595167235942,1.1668338775634766,58.35157990253262,0.004730015176767789,1.1706587076187134,57.73028299628237,-0.005268555868744071,1.1651345491409302,43.53072537869955,0.005031817232867205,1.1677058935165405,43.40219482914809,-0.0004284953923053027,1.1579166650772095,45.966188117335186,0.005469826150893581,1.1694538593292236,34.480998650177966,0.0005264872817933363,0.005827262574766858,0.549884357968017,1.3911552653547397,-0.010582197162933812,0.01416251795155252,0.4,-0.0002340584263464426,0.005201811245338687,0.02316460293543314,2.1691357548047874,-0.013708151840823465,0.01416251795155252,0.43333333333333335,0.0004995226843929169,0.0050722290489872476,0.0987450439941538,0.9310545896886636,-0.013708151840823465,0.01416251795155252,0.5079365079365079
1.165175199508667,1.1661943197250366,1.1602678298950195,1.165175199508667,0,0.0007919897481926959,-0.003326823261899247,1,0.0,0.0,0.001019120216369629,0.004907369613647461,0.00592648983001709,0.0,0.17196017008446857,0.8280398130421375,0.0009224414825439453,0.000792303454817341,0,1.1664110183715821,-0.0010595055630857608,1.1665355563163757,-0.0011661512589361545,1.1629022538661957,0.0019545456505214442,1.1649264073371888,0.0002135689172206856,1.1462777829170228,0.016485896151547053,1.098996651172638,0.060217242845457486,1.1659549623311736,-0.0006687761943057202,1.1653293483832368,-0.0001322793206661732,1.1642976094325097,0.0007537505608292694,1.1594172244310044,0.004966266548258158,0.001031738950727057,0.0007807460541003654,0.0002509928966266915,0,14.022268125794579,11.850490533171094,19.67650545223794,-7.826014919066846,1,0,1,0,0,68.66944756613417,0,0,60.68132216673393,71.97763138110857,-11.296309214374638,15.16689244820587,-39.31867733471869,0.0,-0.5219995711154057,-0.09787634097025988,-0.7445530944954815,0.007957839805380113,0.006829736685137835,1.1806687971921437,1.1451357105402478,1.1629022538661957,0.03055552307230185,0.5639670177922269,1,0.0619378977620099,0.05669702919385267,0.09340370595536072,0.07905536173519699,1.1806984118939998,1.1488670526724793,0.5123295763609462,0.0,0.0,0.0,0.0,0.0,0.0,11651751994.08667,3,21,8,3,34,0,0,0,-0.587785252292473,-0.8090169943749475,-0.8660254037844385,-0.5000000000000004,-0.002214521376242774,1.164252758026123,67.55821424395626,-0.003272595167235942,1.1668338775634766,58.35157990253262,0.004730015176767789,1.1706587076187134,57.73028299628237,0.003064079840358307,1.171289324760437,47.13407213759712,0.007228292232798949,1.1663167476654053,53.11615737090577,0.0038079958892339527,1.1739156246185303,42.30525366805591,0.0012847664092017702,0.00495292597904865,1.2910235604552183,2.0662658155824816,-0.005268555868744071,0.01416251795155252,0.4666666666666667,-0.00022642604068952063,0.005203188885856141,0.018581765807737505,2.1632060673799653,-0.013708151840823465,0.01416251795155252,0.43333333333333335,0.0003846186976380248,0.00498001968946626,0.11821928595831023,1.1570460758279202,-0.013708151840823465,0.01416251795155252,0.5079365079365079
1.16130530834198,1.1730343103408813,1.1583592891693115,1.16130530834198,0,-0.003326823261899247,0.008279447377107845,4,0.0,0.0,0.011729001998901367,0.002946019172668457,0.014675021171569824,0.0,0.7992494035851361,0.20075058960056377,-0.0038698911666870117,-0.003321295516748678,0,1.165645170211792,-0.0037231415531462364,1.1658995866775512,-0.003940543840717403,1.162186861038208,-0.0007585293085869971,1.164952003955841,-0.003130339877664312,1.1470948481559753,0.01238821716234706,1.0994709819555282,0.056240071175729156,1.1644050776681092,-0.0026621057270470594,1.1647102652999666,-0.0029234369775364977,1.1640759574998778,-0.002380127550791755,1.1594912669373172,0.001564514849083709,0.0006343078000887736,0.0007514584032980471,-0.00011715060320927344,1,13.76080801798437,19.532498477754146,15.327877868628466,4.20462060912568,1,0,1,0,0,52.710931177037466,0,0,41.388081404967046,58.61821451234065,-17.230133107373604,25.53045318102232,-58.611918096485574,0.0,-0.32865224035915075,-0.5446507656289623,-1.3691852227135648,0.00885346398753874,0.007623717831288178,1.1789205964629685,1.1454531256134475,1.162186861038208,0.02879697918520961,0.47365941550953544,1,0.054712189365980206,0.058363054627831416,0.09311721141950476,0.07937447218053233,1.182158477025816,1.146744621075661,0.4111579164295831,0.0,0.0,0.0,0.0,0.0,0.0,11613053082.4198,4,22,8,3,34,0,0,0,-0.9510565162951536,0.30901699437494723,-0.8660254037844385,-0.5000000000000004,0.0007919897481926959,1.165175199508667,68.66944756613417,-0.002214521376242774,1.164252758026123,67.55821424395626,-0.003272595167235942,1.1668338775634766,58.35157990253262,-0.005268555868744071,1.1651345491409302,43.53072537869955,0.0011553279826671148,1.1676650047302246,53.00670001934339,0.0029862395798766583,1.1774264574050903,50.34375767402364,0.0010957367452783205,0.005078081377021947,1.2686185610181242,1.8240589363268396,-0.005268555868744071,0.01416251795155252,0.4666666666666667,-0.00025647008298723244,0.0052189030140312774,0.03193657554872441,2.10180245453485,-0.013708151840823465,0.01416251795155252,0.43333333333333335,0.0003099530295187904,0.005000121758016745,0.15612701904763768,1.1020264111188702,-0.013708151840823465,0.01416251795155252,0.49206349206349204
1.1709601879119873,1.1719757318496704,1.1667250394821167,1.1709601879119873,0,0.008279447377107845,-0.007814853701171973,0,0.0,0.0,0.0010155439376831055,0.0042351484298706055,0.005250692367553711,0.0,0.19341142981779808,0.8065885511370949,0.009654879570007324,0.008313816788593189,0,1.1657054662704467,0.0045077609165733445,1.166516077518463,0.0038097291402936495,1.1619507610797881,0.007753707844772473,1.1652578377723695,0.00489363800378273,1.1478957557678222,0.020092793205536363,1.100017420053482,0.06449240390084632,1.1665901144160686,0.0037460229960302183,1.165671791855662,0.0045367795573509895,1.1645859004933674,0.0054734367944624385,1.159941028544167,0.009499758173655115,0.0010858913622946442,0.0008183449950973665,0.0002675463671972777,1,13.534209257881333,16.477289945594222,12.930342125954576,3.5469478196396462,1,0,1,0,0,60.808938650390466,0,0,87.30211266594891,63.12383874588328,24.178273920065628,90.14065907446007,-12.697886729867335,0.0,0.025753047520327144,0.5292696937911456,-0.3957915008662716,0.0090957252568923,0.007767749365018706,1.1780021103043055,1.1458994118552708,1.1619507610797881,0.027628277825162893,0.780643908126225,1,0.07770606978776536,0.07184412698418187,0.09802657214115026,0.0803303904941105,1.1832628699322612,1.146879968904692,0.661855384287882,0.0,0.0,0.0,0.0,0.0,0.0,11709601878.119873,0,25,8,3,35,0,0,0,0.0,1.0,-0.8660254037844385,-0.5000000000000004,-0.003326823261899247,1.16130530834198,52.710931177037466,0.0007919897481926959,1.165175199508667,68.66944756613417,-0.002214521376242774,1.164252758026123,67.55821424395626,0.004730015176767789,1.1706587076187134,57.73028299628237,-0.0024606864217707708,1.1647952795028687,46.801589506786954,-0.0015412344485053924,1.1756131649017334,47.009413128318066,0.0007035320403153422,0.0041367197666879315,0.5100717840551807,-0.8337178087674769,-0.005268555868744071,0.008279447377107845,0.4666666666666667,7.836291144639971e-05,0.005436443769344518,-0.02617237058516808,1.519035748808523,-0.013708151840823465,0.01416251795155252,0.4666666666666667,0.0005131560588015778,0.005060338951621985,0.10570819541875427,0.9689385786436279,-0.013708151840823465,0.01416251795155252,0.5079365079365079
1.1618449687957764,1.1664528846740723,1.1602543592453003,1.1618449687957764,0,-0.007814853701171973,0.0018025532981323705,3,0.0,0.0,0.0046079158782958984,0.0015906095504760742,0.006198525428771973,0.0,0.7433890296824833,0.2566109541846478,-0.009115219116210938,-0.007784397120867463,0,1.1647076845169066,-0.002457883517847592,1.166516077518463,-0.004004324425792016,1.162059223651886,-0.00018437524674341788,1.1653920459747313,-0.003043677268008027,1.1484704613685608,0.011645495270390827,1.100544582605362,0.055700048006892766,1.1650083992093045,-0.0027153714217027503,1.1650830498464488,-0.0027792706715811244,1.1643828685157682,-0.002179609377978009,1.1600156928677594,0.0015769405871888242,0.0007001813306806159,0.0007947122622140165,-9.453093153340055e-05,1,14.17400311713568,13.95104066756458,20.21449286055889,-6.263452192994311,1,0,1,0,0,52.946519270354834,0,0,23.70797979561439,50.79939128884343,-27.091411493229042,8.202104313708812,-76.29201952423189,0.0,-0.4275594721433462,0.0,-1.176952278146648,0.009310405711531595,0.008013466478561467,1.1780751216227778,1.1460433256809943,1.162059223651886,0.027564684559160384,0.4933111803712091,1,0.09476577865634156,0.08227710898279303,0.10150865165965368,0.07971288440067864,1.183384949829854,1.1461433269837276,0.4216154015296994,0.0,0.0,0.0,0.0,0.0,0.0,11618449686.957764,1,26,8,3,35,0,0,0,0.9510565162951535,0.30901699437494745,-0.8660254037844385,-0.5000000000000004,0.008279447377107845,1.1709601879119873,60.808938650390466,-0.003326823261899247,1.16130530834198,52.710931177037466,0.0007919897481926959,1.165175199508667,68.66944756613417,-0.003272595167235942,1.1668338775634766,58.35157990253262,-0.0025361138582426015,1.1618449687957764,41.53709002194174,5.870991801312067e-05,1.1756821870803833,52.75146226373347,0.00019722163620981443,0.004686139682488812,0.23201940202142562,-0.7612557831992637,-0.007814853701171973,0.008279447377107845,0.4666666666666667,-0.000136994662228981,0.005620014053638611,-0.0022021518149901876,1.0685967162954588,-0.013708151840823465,0.01416251795155252,0.4666666666666667,0.0005345663790473484,0.005021439724091325,0.13819969287421047,0.9848232459384314,-0.013708151840823465,0.01416251795155252,0.5079365079365079
1.1639411449432373,1.1642799377441406,1.157474398612976,1.1639411449432373,0,0.0018025532981323705,0.0007335605601103757,2,0.0,0.0,0.0003387928009033203,0.0064667463302612305,0.006805539131164551,0.0,0.04978191872759901,0.9502180665784883,0.0020961761474609375,0.0018041788737555532,0,1.1646453619003296,-0.0006046622260039713,1.1661396026611328,-0.001885244110302109,1.1625015556812286,0.0012383546110965593,1.1657055926322937,-0.0015136307143561734,1.1491253280639648,0.012893125245916126,1.1010992461442948,0.057071965958825244,1.1646526477872823,-0.0006109142887672503,1.1649073721690317,-0.0008294456270050432,1.1643501482511365,-0.00035127183045269295,1.1601696321648372,0.0032508286491153005,0.0005572239178952554,0.0007472145933502643,-0.0001899906754550089,0,16.01902477921917,12.540763274237582,22.300335289222463,-9.759572014984881,1,0,1,0,0,48.03201127368064,0,0,41.48687997734945,50.83232414630424,-9.345444168954785,-9.571233703062157,-58.51311938110876,0.0,-0.026765071479328828,-0.32240554699657364,0.36781209829499506,0.00897642350081599,0.007712093982623614,1.178192913359663,1.1468101980027943,1.1625015556812286,0.026995848049234415,0.5458720410599024,1,0.09542911755448245,0.07824553814353566,0.08973991064039057,0.0757733307822218,1.1826386050785604,1.1467329110752966,0.47926197495166806,0.0,0.0,0.0,0.0,0.0,0.0,11639411448.432373,2,27,8,3,35,0,0,0,0.5877852522924732,-0.8090169943749473,-0.8660254037844385,-0.5000000000000004,-0.007814853701171973,1.1618449687957764,52.946519270354834,0.008279447377107845,1.1709601879119873,60.808938650390466,-0.003326823261899247,1.16130530834198,52.710931177037466,-0.002214521376242774,1.164252758026123,67.55821424395626,0.005031817232867205,1.1677058935165405,43.40219482914809,-0.013708151840823465,1.1596757173538208,37.63185479029866,0.000345958215572326,0.004700246202727341,0.12383713147047934,-0.8258883219780463,-0.007814853701171973,0.008279447377107845,0.5333333333333333,9.18252000256322e-05,0.005551909191503936,-0.10747107610315064,1.2709589528287593,-0.013708151840823465,0.01416251795155252,0.5,0.0003600337098389207,0.004773271172876053,-0.007951039055747428,1.1301413536001994,-0.013708151840823465,0.01416251795155252,0.5079365079365079
1.1647952795028687,1.168770432472229,1.1629530191421509,1.1647952795028687,0,0.0007335605601103757,0.0028811150967894125,3,0.0,0.0,0.0039751529693603516,0.0018422603607177734,0.005817413330078125,0.0,0.6833196603850394,0.3166803224251904,0.0008541345596313477,0.0007338296813964926,0,1.16456937789917,0.0001939785709348385,1.165490198135376,-0.0005962458831137996,1.1635945439338684,0.0010319191295256047,1.1660465025901794,-0.0010730474165687731,1.149857919216156,0.01299061382783373,1.1016563498973846,0.05731272688223865,1.1647001916924777,8.164136235322417e-05,1.1648901271434682,-8.14220486390349e-05,1.1643831209364501,0.00035397152275074006,1.160351030099662,0.0038300903670864805,0.0005070062070180459,0.0006991729160838206,-0.00019216670906577475,0,14.52991289736222,18.40220723374159,20.278486079528825,-1.8762788457872368,1,0,1,0,0,47.60304891667252,0,0,46.96651009583912,37.38712328960097,9.579386806238148,32.06085360760411,-53.03348926261909,0.0,-0.03260625577669041,-0.554435622376781,0.8398252359351099,0.008555222144717609,0.007344828996589402,1.1763106968245998,1.150878391043137,1.1635945439338684,0.021856673281825275,0.5472130024149892,1,0.09539739883997364,0.07627056076750689,0.0884801669428587,0.07559673375559114,1.181806632978358,1.1475857443994877,0.5028956221702959,0.0,0.0,0.0,0.0,0.0,0.0,11647952794.028687,3,28,8,3,35,0,0,0,-0.587785252292473,-0.8090169943749475,-0.8660254037844385,-0.5000000000000004,0.0018025532981323705,1.1639411449432373,48.03201127368064,-0.007814853701171973,1.1618449687957764,52.946519270354834,0.008279447377107845,1.1709601879119873,60.808938650390466,0.0007919897481926959,1.165175199508667,68.66944756613417,0.003064079840358307,1.171289324760437,47.13407213759712,-0.003958249450338669,1.1550945043563843,33.789743937458084,-8.702389594024557e-05,0.004303354277662015,0.1738240354971527,-0.29962046667457454,-0.007814853701171973,0.008279447377107845,0.5333333333333333,3.4927679303641014e-05,0.005535732423520772,-0.07814171473766061,1.3192262288671914,-0.013708151840823465,0.01416251795155252,0.5,0.00040667709407638474,0.004762146605858477,-0.03574407162989913,1.1696485281313556,-0.013708151840823465,0.01416251795155252,0.5238095238095238
1.1681560277938843,1.1707408428192139,1.1654332876205444,1.1681560277938843,0,0.0028811150967894125,0.0008765237913422871,2,0.0,0.0,0.00258481502532959,0.0027227401733398438,0.005307555198669434,0.0,0.4870067064543981,0.5129932747045359,0.003360748291015625,0.002885269497453197,0,1.1659395217895507,0.0019010470635230092,1.1657923460006714,0.0020275323483800456,1.1648836433887482,0.0028091941400563147,1.1663840651512145,0.0015191930303746215,1.1505590355396271,0.015294297475552332,1.102199677824974,0.05984065427516838,1.1658521370596133,0.001976143080960391,1.1653925733973785,0.002371264721734656,1.1646625955184822,0.002999522942133348,1.1606571084406119,0.006460925624021119,0.0007299778788962819,0.000705333908646313,2.4643970249968884e-05,1,13.119006981832687,19.82581612002446,18.319782665644297,1.5060334543801623,1,0,1,0,0,52.78423984470821,0,0,68.52711474349587,52.3268349388948,16.200279804601074,76.3102533249626,-31.472884614962343,0.0,0.5899154514057203,0.2593244406993156,2.206643596681479,0.008207267634267957,0.007025831685400084,1.1729012467843405,1.1568660399931558,1.1648836433887482,0.013765500855656514,0.7040749693685026,1,0.09215085277175653,0.07307651284361043,0.0792368221491324,0.07384101307618603,1.1814402324436457,1.148611161906574,0.5953523967638473,0.0,0.0,0.0,0.0,0.0,0.0,11681560276.938843,4,29,8,3,35,0,0,0,-0.9510565162951536,0.30901699437494723,-0.8660254037844385,-0.5000000000000004,0.0007335605601103757,1.1647952795028687,47.60304891667252,0.0018025532981323705,1.1639411449432373,48.03201127368064,-0.007814853701171973,1.1618449687957764,52.946519270354834,-0.003326823261899247,1.16130530834198,52.710931177037466,-0.005268555868744071,1.1651345491409302,43.53072537869955,-0.010582197162933812,1.1429355144500732,28.939383297214945,2.8028578334574265e-05,0.00436161722430813,0.09968709763335788,-0.4789329469965243,-0.007814853701171973,0.008279447377107845,0.5333333333333333,0.000189091471991022,0.005548872490537351,-0.16071101485122807,1.2925712509757146,-0.013708151840823465,0.01416251795155252,0.5333333333333333,0.0003130350422614521,0.004651546598968018,-0.07065142325225265,1.4015011080054887,-0.013708151840823465,0.01416251795155252,0.5238095238095238
1.1691803932189941,1.1735849380493164,1.1688660383224487,1.1691803932189941,0,0.0008765237913422871,0.0020599100288224465,3,0.0,0.0,0.004404544830322266,0.00031435489654541016,0.004718899726867676,0.0,0.9333838377420965,0.06661614106652346,0.0010243654251098633,0.0008769080505082297,0,1.165583562850952,0.003085862208742629,1.1656445145606995,0.003033410712977025,1.1654092609882354,0.0032358865307431373,1.166765947341919,0.0020693488547285366,1.1512987768650056,0.01553169048014369,1.102741777896881,0.06024857001681583,1.166961555779407,0.001901379979835749,1.1659753149083962,0.0027488388213217085,1.1649972472000014,0.0035906916764718577,1.1609913549025093,0.007053487677750381,0.0009780677083948142,0.0007598806685960132,0.00021818703979880098,0,13.466651001071817,22.833446641622846,16.627659980510355,6.205786661112491,1,0,1,0,0,56.27741529471265,0,0,72.66047533425561,62.718033391196855,9.942441943058753,123.42802775895066,-27.339524045032704,0.0,-0.15199446670913774,-0.1262805623960528,2.3465479444278348,0.007836819983756514,0.00670283219641569,1.1730820728885485,1.1577364490879223,1.1654092609882354,0.013167583537389069,0.7457464229007247,1,0.06803185895438367,0.06891700841232173,0.07904531409603968,0.07270911484762414,1.1810950224801358,1.1497477425451097,0.6199150501150741,0.0,0.0,0.0,0.0,0.0,0.0,11691803931.189941,0,1,9,3,36,1,0,0,0.0,1.0,-1.0,-1.8369701987210297e-16,0.0028811150967894125,1.1681560277938843,52.78423984470821,0.0007335605601103757,1.1647952795028687,47.60304891667252,0.0018025532981323705,1.1639411449432373,48.03201127368064,0.008279447377107845,1.1709601879119873,60.808938650390466,0.004730015176767789,1.1706587076187134,57.73028299628237,-0.0004913783030475,1.142374038696289,29.62533942019276,0.00025050925920877814,0.004310416323393277,-0.059062556003975954,-0.3401826594410649,-0.007814853701171973,0.008279447377107845,0.6,0.00017453193112845357,0.0055463934476887395,-0.15272626495384461,1.2989006783289077,-0.013708151840823465,0.01416251795155252,0.5333333333333333,0.00042283197886048744,0.004580243712724939,-0.10379261436875681,1.6326866906522377,-0.013708151840823465,0.01416251795155252,0.5396825396825397
1.1715912818908691,1.1716049909591675,1.1613458395004272,1.1715912818908691,0,0.0020599100288224465,-0.0068420207751402635,0,0.0,0.0,1.3709068298339844e-05,0.010245442390441895,0.010259151458740234,0.0,0.0013362770030101046,0.9986637132495952,0.002410888671875,0.002062033100838378,0,1.1675328254699706,0.0034760961165414273,1.1661202549934386,0.004691648887440003,1.1660681784152984,0.0047365183934640065,1.166999683380127,0.003934532695886839,1.1517568516731262,0.017221022030134092,1.1033266407251359,0.061871651186343746,1.1685047978165612,0.0026413960642790446,1.1668393098287768,0.004072516173955654,1.1654856942141398,0.005238663680314337,1.1614070383138175,0.00876888389703634,0.0013536156146369827,0.0008786276578042073,0.0004749879568327754,0,13.775267543995824,19.00570808252008,26.12845441875826,-7.12274633623818,1,0,1,0,0,53.533643778252234,0,0,87.62514282063489,76.27091096612878,11.35423185450611,59.578340753556894,-12.37485655865343,0.0,0.8388651977548012,0.407719077999924,1.1153531643032677,0.008159797513754343,0.006964713410882086,1.1734698502061618,1.158666506624435,1.1660681784152984,0.01269509266651558,0.8730983718488171,1,0.014071389379600455,0.06728002608428818,0.06342971396417632,0.07255252098028424,1.1823285870047264,1.1496893969497088,0.6710302809946816,0.0,0.0,0.0,0.0,0.0,0.0,11715912817.908691,1,2,9,3,36,0,0,0,0.9510565162951535,0.30901699437494745,-1.0,-1.8369701987210297e-16,0.0008765237913422871,1.1691803932189941,56.27741529471265,0.0028811150967894125,1.1681560277938843,52.78423984470821,0.0007335605601103757,1.1647952795028687,47.60304891667252,-0.007814853701171973,1.1618449687957764,52.946519270354834,-0.003272595167235942,1.1668338775634766,58.35157990253262,0.01416251795155252,1.158668041229248,44.90395041087898,0.0005569108516797813,0.004261254661330774,-0.2811305391460572,-0.1356636820607414,-0.007814853701171973,0.008279447377107845,0.6666666666666666,6.086806039274905e-05,0.005468527045748622,-0.12455507334891329,1.516880421638171,-0.013708151840823465,0.01416251795155252,0.5333333333333333,0.000403219236407299,0.004570379226300672,-0.09454100989856534,1.6697850811401767,-0.013708151840823465,0.01416251795155252,0.5396825396825397
1.163602590560913,1.1682243347167969,1.1609817743301392,1.163602590560913,0,-0.0068420207751402635,0.0020966619985556645,3,0.0,0.0,0.004621744155883789,0.0026208162307739258,0.007242560386657715,0.0,0.6381367700550091,0.36186321613771927,-0.007988691329956055,-0.006818667442097196,0,1.1674651145935058,-0.0033084707063018026,1.1660552382469178,-0.0021033718689705827,1.1663524746894836,-0.002357678564592458,1.1670472478866578,-0.0029516006585742494,1.1520497357845307,0.01002808673664779,1.1039099830389023,0.05407379979686233,1.1668707287313453,-0.0028007714905192715,1.1663413530183362,-0.0023481655264135926,1.1653462050546415,-0.0014962202528450153,1.1614931384019391,0.0018161554201643337,0.0009951479636947091,0.0009019317189823076,9.321624471240152e-05,0,14.21095351242473,15.837649435646595,22.345102336706436,-6.507452901059841,1,0,1,0,0,43.52775751313958,0,0,38.03840296045784,66.10800703844943,-28.069604077991592,-60.29973629429061,-61.96159641883048,0.0,-0.029086898748709178,-0.05584418509879674,0.44799717457379984,0.00848642552001776,0.007293233607530529,1.1728127664624242,1.159892182916543,1.1663524746894836,0.011077769220846611,0.2871702816267849,1,0.06181219299147063,0.07579934645803062,0.06836953213399428,0.07381264895234153,1.1827526619299862,1.148806959849915,0.43586167793825276,0.0,0.0,0.0,0.0,0.0,0.0,11636025904.60913,2,3,9,3,36,0,0,0,0.5877852522924732,-0.8090169943749473,-1.0,-1.8369701987210297e-16,0.0020599100288224465,1.1715912818908691,53.533643778252234,0.0008765237913422871,1.1691803932189941,56.27741529471265,0.0028811150967894125,1.1681560277938843,52.78423984470821,0.0018025532981323705,1.1639411449432373,48.03201127368064,-0.002214521376242774,1.164252758026123,67.55821424395626,-0.00022019763958905744,1.1584129333496094,48.39527683661239,-0.0002346783488540499,0.004468431158087372,-0.08066259702512255,-0.4160868196049756,-0.007814853701171973,0.008279447377107845,0.6,-0.00029413249508639154,0.005561775327241869,0.005123932290612909,1.2627617258947825,-0.013708151840823465,0.01416251795155252,0.5,0.0002504980704714453,0.004649759827114476,-0.053222729323652025,1.4378738503816615,-0.013708151840823465,0.01416251795155252,0.5238095238095238
1.16604483127594,1.1667931079864502,1.1632235050201416,1.16604483127594,0,0.0020966619985556645,-0.00030316941098476743,2,0.0,0.0,0.0007482767105102539,0.00282132625579834,0.0035696029663085938,0.0,0.20962462677511748,0.7903753452105632,0.0024422407150268555,0.0020988615311003135,0,1.16771502494812,-0.0014303093960029711,1.166142201423645,-8.349774802585141e-05,1.1663388788700104,-0.00025211171416161804,1.1670006561279296,-0.0008190440569922908,1.1523705160617828,0.01186624867816155,1.104500270485878,0.05572163477824765,1.1665954295795435,-0.00047197030743972856,1.1662957342887368,-0.0002151282092516249,1.1653979551451081,0.0005550687882369676,1.1616716361617039,0.003764570708043813,0.000897779143628652,0.0009011012039115765,-3.3220602829245327e-06,1,14.588548018396061,14.875061258713517,20.98700109768913,-6.111939838975614,1,0,1,0,0,50.81757161406585,0,0,53.19767623940622,59.62040734016631,-6.422731100760089,-26.455936734752402,-46.80232313988209,0.0,0.10727651417032913,0.07463527953903704,0.701964696068047,0.007830849179523206,0.006715735938113766,1.1728006315674437,1.159877126172577,1.1663388788700104,0.011080403498406348,0.4772470678186133,1,0.06364255765629048,0.0764877825656181,0.06863015560384837,0.0733859157519259,1.181466749285758,1.150143352567665,0.5076549903135009,0.0,0.0,0.0,0.0,0.0,0.0,11660448311.7594,3,4,9,3,36,0,0,0,-0.587785252292473,-0.8090169943749475,-1.0,-1.8369701987210297e-16,-0.0068420207751402635,1.163602590560913,43.52775751313958,0.0020599100288224465,1.1715912818908691,53.533643778252234,0.0008765237913422871,1.1691803932189941,56.27741529471265,0.0007335605601103757,1.1647952795028687,47.60304891667252,0.0007919897481926959,1.165175199508667,68.66944756613417,-0.0004284953923053027,1.1579166650772095,45.966188117335186,-0.00029917287164089277,0.0044241805316791805,-0.05474660173734273,-0.3116178777727138,-0.007814853701171973,0.008279447377107845,0.6,-0.00032378508113042463,0.005546032064071712,0.017667965808587458,1.3117123160529311,-0.013708151840823465,0.01416251795155252,0.5,0.00034764546115523926,0.0046228781622460365,-0.10505079168389128,1.5395084438368254,-0.013708151840823465,0.01416251795155252,0.5396825396825397
1.1656913757324219,1.1759172677993774,1.1653246879577637,1.1656913757324219,0,-0.00030316941098476743,0.004814272494273139,3,0.0,0.0,0.010225892066955566,0.0003666877746582031,0.01059257984161377,0.0,0.9653825718871716,0.034617418672257726,-0.0003534555435180664,-0.00030312345975667737,0,1.1672220945358276,-0.0013114204318445122,1.1665808081626892,-0.0007624268494454967,1.1662401974201202,-0.0004705906972383156,1.1669300556182862,-0.0010614860589068797,1.1527347576618194,0.011239895286717427,1.1051065772771835,0.054822584170142186,1.1662940782971698,-0.0005167673195908273,1.1662027560493038,-0.0004385004358680167,1.1654196900034275,0.0002331225663179115,1.1618292730076145,0.00332415675366593,0.0007830660458763017,0.0008774941723045216,-9.442812642821991e-05,0,15.571852401064175,27.150433659845294,17.371855887455133,9.778577772390161,1,0,1,0,0,45.08175892506088,0,0,44.55368083915496,45.26325334633966,-0.7095725071847028,74.18637978571391,-55.44631861863006,0.0,-0.21098654655894444,0.3776842626082466,-0.05361939063596166,0.008199079934468615,0.0070336626867584405,1.1726769106640744,1.159803484176166,1.1662401974201202,0.0110384005930188,0.4573678589806223,1,0.059088836808375185,0.07419451123299861,0.06389143430506525,0.07333973477604173,1.1821923845866689,1.1493960648487942,0.4968640068209457,0.0,0.0,0.0,0.0,0.0,0.0,11656913756.324219,4,5,9,3,36,0,0,0,-0.9510565162951536,0.30901699437494723,-1.0,-1.8369701987210297e-16,0.0020966619985556645,1.16604483127594,50.81757161406585,-0.0068420207751402635,1.163602590560913,43.52775751313958,0.0020599100288224465,1.1715912818908691,53.533643778252234,0.0028811150967894125,1.1681560277938843,52.78423984470821,-0.003326823261899247,1.16130530834198,52.710931177037466,0.007228292232798949,1.1663167476654053,53.11615737090577,3.1852892209727485e-05,0.004206192756196191,-0.20081889022731572,0.27577889232154734,-0.007814853701171973,0.008279447377107845,0.6,-0.0002825162465464038,0.0055412647210633294,-0.005833572506211794,1.327423102329959,-0.013708151840823465,0.01416251795155252,0.5,0.00031474161180330447,0.004619969034210518,-0.08371460531135522,1.5483016340857836,-0.013708151840823465,0.01416251795155252,0.5238095238095238
1.1713168621063232,1.175585389137268,1.1705764532089233,1.1713168621063232,0,0.004814272494273139,0.004766795744852672,3,0.0,0.0,0.004268527030944824,0.0007404088973999023,0.0050089359283447266,0.0,0.8521823810066546,0.14781759902902591,0.005625486373901367,0.00482587972299632,0,1.1676493883132935,0.0031409031935634157,1.166616475582123,0.0040290759835635015,1.1665662765502929,0.004072280804886086,1.1669014859199525,0.0037838464851309705,1.1530511355400086,0.015841211115217524,1.1057175624370574,0.05932735609150397,1.1679683395668876,0.002866963363399533,1.1669895415965377,0.0037081055615071357,1.165856517566605,0.004683547552358336,1.162201335325211,0.007843328348764222,0.001133024029932761,0.0009286001438301695,0.0002044238861025915,1,16.424049532708654,22.899205358526704,14.651762119509106,8.247443239017597,1,0,1,0,0,54.28585610583496,0,0,75.05591065243706,57.6024225769994,17.45348807543766,152.62154081969257,-24.94408880534795,0.0,0.1827321857020614,0.03045997618176255,0.31274872170570234,0.008425071063852292,0.0071928197533010895,1.1733463829326924,1.1597861701678933,1.1665662765502929,0.011624039744862381,0.850332664641451,1,0.07012463802166596,0.06537537269098155,0.06596705445491861,0.07388455517261201,1.183170332311016,1.149470048055607,0.6482679439827838,0.0,0.0,0.0,0.0,0.0,0.0,11713168620.063232,0,8,9,3,37,0,0,0,0.0,1.0,-1.0,-1.8369701987210297e-16,-0.00030316941098476743,1.1656913757324219,45.08175892506088,0.0020966619985556645,1.16604483127594,50.81757161406585,-0.0068420207751402635,1.163602590560913,43.52775751313958,0.0008765237913422871,1.1691803932189941,56.27741529471265,0.008279447377107845,1.1709601879119873,60.808938650390466,0.0011553279826671148,1.1676650047302246,53.00670001934339,3.7470046710084164e-05,0.004212965872023351,-0.1982067031880263,0.2637456434485334,-0.007814853701171973,0.008279447377107845,0.6,-0.00012399749400440315,0.005618840845252543,-0.06873490767633131,1.1068447640891639,-0.013708151840823465,0.01416251795155252,0.5,0.00037809178764158265,0.004654289493222912,-0.1090220541383602,1.4318476624104137,-0.013708151840823465,0.01416251795155252,0.5238095238095238
1.1769136190414429,1.1780366897583008,1.1718658208847046,1.1769136190414429,0,0.004766795744852672,-0.005656694013072186,0,0.0,0.0,0.0011230707168579102,0.005047798156738281,0.006170868873596191,0.0,0.18199555389415753,0.8180044299006695,0.005596756935119629,0.004778174988941447,0,1.1687138557434082,0.007016057144387355,1.1681233406066895,0.007525128578832696,1.1673197090625762,0.008218750873099978,1.166865417957306,0.008611276697929826,1.1533074927330018,0.020468198078254618,1.1063209050893783,0.06380853287770116,1.1709500993917394,0.0050928895708637345,1.1685163227419078,0.007186289173190419,1.1666755621202964,0.008775410364868286,1.1627782876278083,0.012156514670786045,0.0018407606216113148,0.0011110322393863986,0.0007297283822249162,0,18.270817363632787,24.383382409800745,13.050382006498864,11.333000403301881,1,1,1,0,0,61.44424965011257,0,0,94.53820197633245,71.38259782264147,23.155604153690973,199.84306572164786,-5.461797537340423,0.0,0.4542827548173589,1.2969587725017107,1.0403836409558886,0.008197705275602325,0.006965426469941389,1.175157274351136,1.1594821437740164,1.1673197090625762,0.013428309703058859,1.1120465676800062,1,0.07658192688456845,0.052301611155557946,0.06710616110980033,0.07345909488947926,1.183724498721005,1.1509336776185954,0.7922931012456133,0.0,0.0,0.0,0.0,0.0,0.0,11769136189.414429,1,9,9,3,37,0,0,0,0.9510565162951535,0.30901699437494745,-1.0,-1.8369701987210297e-16,0.004814272494273139,1.1713168621063232,54.28585610583496,-0.00030316941098476743,1.1656913757324219,45.08175892506088,0.0020966619985556645,1.16604483127594,50.81757161406585,0.0020599100288224465,1.1715912818908691,53.533643778252234,-0.007814853701171973,1.1618449687957764,52.946519270354834,-0.0024606864217707708,1.1647952795028687,46.801589506786954,0.000573429440849325,0.00427274036270897,-0.47656704190569876,0.3412904636617476,-0.007814853701171973,0.008279447377107845,0.6666666666666666,0.0004918340921848014,0.00506367371679505,0.2597598537277314,0.9857878707537827,-0.010582197162933812,0.01416251795155252,0.5333333333333333,0.0003543203584486187,0.004627488014606141,-0.11508653494814346,1.5040996310319603,-0.013708151840823465,0.01416251795155252,0.5238095238095238
1.1702749729156494,1.1730204820632935,1.1688660383224487,1.1702749729156494,0,-0.005656694013072186,5.85702811199617e-05,2,0.0,0.0,0.002745509147644043,0.0014089345932006836,0.0041544437408447266,0.0,0.6608608162304095,0.33913915969898006,-0.006638646125793457,-0.005640725043726099,0,1.1700483322143556,0.0001937019138735785,1.1687567234039307,0.0012990294568462346,1.1674481630325317,0.0024213578575793537,1.1666598391532899,0.003098704130137353,1.1536589896678924,0.01440285499885885,1.1068907755613326,0.057263280757260615,1.1707250572330428,-0.0003844492902702612,1.1687868843070988,0.0012731906290217587,1.1669421851421744,0.002856000679059667,1.163072275286155,0.006192820241633701,0.0018446991649243571,0.0012577656244939903,0.0005869335404303669,0,17.600572537584508,21.183990403103103,16.22901854369278,4.954971859410321,1,1,1,0,0,54.17797793568188,0,0,62.252665084606434,77.28225923779198,-15.029594153185542,77.29438577381717,-37.747334429066434,0.0,0.573424501531905,0.54417081137903,0.7255704802518137,0.008177688668054567,0.006987835215326963,1.1753958171506371,1.1595005089144264,1.1674481630325317,0.013615429565249394,0.6778392575548836,1,0.06912562221251903,0.06263319304357279,0.06970141703965485,0.07281338477929854,1.1839650259578949,1.1512542712856766,0.5814815880105395,0.0,0.0,0.0,0.0,0.0,0.0,11702749728.156494,2,10,9,3,37,0,0,0,0.5877852522924732,-0.8090169943749473,-1.0,-1.8369701987210297e-16,0.004766795744852672,1.1769136190414429,61.44424965011257,0.004814272494273139,1.1713168621063232,54.28585610583496,-0.00030316941098476743,1.1656913757324219,45.08175892506088,-0.0068420207751402635,1.163602590560913,43.52775751313958,0.0018025532981323705,1.1639411449432373,48.03201127368064,-0.0025361138582426015,1.1618449687957764,41.53709002194174,0.00034395126506069757,0.00451853490711032,-0.42366238879227647,-0.24008821339531877,-0.007814853701171973,0.008279447377107845,0.6666666666666666,0.0004352192734270175,0.0051242760665802115,0.24654033073603382,0.8602864501961589,-0.010582197162933812,0.01416251795155252,0.5333333333333333,0.00013963131145866504,0.0045868121010209425,-0.08378150404235478,1.5646275233791294,-0.013708151840823465,0.01416251795155252,0.5079365079365079
1.1703435182571411,1.1745636463165283,1.1668883562088013,1.1703435182571411,0,5.85702811199617e-05,0.002671941133232542,3,0.0,0.0,0.004220128059387207,0.0034551620483398438,0.007675290107727051,0.0,0.5498330284812709,0.45016695848990584,6.854534149169922e-05,5.85719963873675e-05,0,1.1709080696105958,-0.0004821484009365218,1.1693115472793578,0.0008825456997292314,1.167400872707367,0.0025206812144122903,1.1664662194252013,0.003323970010479904,1.1540350878238679,0.014131658997138752,1.1074699556827545,0.05677225115325846,1.170597877574409,-0.00021729017463556488,1.1690263664532592,0.0011267082946686546,1.167194135743283,0.002698250716949291,1.163357422069331,0.0060051158437472996,0.0018322307099762902,0.0013726586415904504,0.00045957206838583985,0,15.653948620795262,18.511089533430408,17.43246195475874,1.078627578671668,1,1,1,0,0,57.896357955645506,0,0,62.58601967371276,73.12562891155055,-10.539609237837787,70.26098181662753,-37.413979839960106,0.0,0.36865537806958226,0.4763273728788153,0.2258809136140849,0.008110702193344232,0.006930189355625735,1.1752630882698847,1.1595386571448494,1.167400872707367,0.013469607134369505,0.6871384381197212,1,0.06886908832671676,0.06266724580437635,0.06758412596635616,0.07238071946224871,1.1840914215451748,1.151648612771798,0.5762418894833901,0.0,0.0,0.0,0.0,0.0,0.0,11703435181.571411,3,11,9,3,37,0,0,0,-0.587785252292473,-0.8090169943749475,-1.0,-1.8369701987210297e-16,-0.005656694013072186,1.1702749729156494,54.17797793568188,0.004766795744852672,1.1769136190414429,61.44424965011257,0.004814272494273139,1.1713168621063232,54.28585610583496,0.0020966619985556645,1.16604483127594,50.81757161406585,0.0007335605601103757,1.1647952795028687,47.60304891667252,0.005031817232867205,1.1677058935165405,43.40219482914809,0.0002950566339225153,0.004517308391415641,-0.38664005559403086,-0.25966376853335615,-0.007814853701171973,0.008279447377107845,0.6666666666666666,0.0007899115215621433,0.0046847962190026855,0.5593214697365837,1.1368447386483957,-0.007814853701171973,0.01416251795155252,0.5666666666666667,0.00020029125661024822,0.004559556747929592,-0.11607041485832156,1.6742734371431354,-0.013708151840823465,0.01416251795155252,0.5238095238095238
1.1734747886657715,1.1748120784759521,1.170261263847351,1.1734747886657715,0,0.002671941133232542,-0.0007038362821511885,2,0.0,0.0,0.001337289810180664,0.00321352481842041,0.004550814628601074,0.0,0.29385722995401936,0.7061427480718935,0.003131270408630371,0.002675513949123128,0,1.1724647521972655,0.0008614641647237686,1.1698434233665467,0.003104146355299431,1.167817884683609,0.004843994903546811,1.166392731666565,0.006071760142469573,1.154397928714752,0.016525376020559923,1.1080867177248002,0.05900988594947654,1.1715568479381966,0.001637087121112879,1.169710739101338,0.003217931868355395,1.167659369293097,0.004980407321783398,1.1637541815437014,0.008352800939748883,0.0020513698082409437,0.0015084008749205492,0.0005429689333203945,0,14.13423959007289,17.473950905626474,16.04724493464068,1.4267059709857932,1,1,1,0,0,52.47955694656595,0,0,77.81423705120145,67.55097393650688,10.263263114694567,107.4922964879965,-22.185762462471423,0.0,0.6677078595060504,0.4553125391932422,0.18658617125033583,0.007636050518045144,0.006507213100058615,1.1760500016610012,1.1595857677062167,1.167817884683609,0.014098288927845298,0.8435874340305968,1,0.06927860933492512,0.06245081249904428,0.06738131907595421,0.07253538247283144,1.1836759059571753,1.1531317038849946,0.6660211540671737,0.0,0.0,0.0,0.0,0.0,0.0,11734747885.657715,4,12,9,3,37,0,0,0,-0.9510565162951536,0.30901699437494723,-1.0,-1.8369701987210297e-16,5.85702811199617e-05,1.1703435182571411,57.896357955645506,-0.005656694013072186,1.1702749729156494,54.17797793568188,0.004766795744852672,1.1769136190414429,61.44424965011257,-0.00030316941098476743,1.1656913757324219,45.08175892506088,0.0028811150967894125,1.1681560277938843,52.78423984470821,0.003064079840358307,1.171289324760437,47.13407213759712,0.0006949742602646345,0.004438609867398752,-0.6629248430815077,0.19976884580746074,-0.007814853701171973,0.008279447377107845,0.7333333333333333,0.0008953555027714781,0.0046905588654718175,0.48813225133035903,1.0616354869820714,-0.007814853701171973,0.01416251795155252,0.6,0.0002500383172951589,0.004569299601811078,-0.14637620373649887,1.6407811987595728,-0.013708151840823465,0.01416251795155252,0.5396825396825397
1.1726491451263428,1.1774401664733887,1.1717147827148438,1.1726491451263428,0,-0.0007038362821511885,0.0031711723364202106,3,0.0,0.0,0.0047910213470458984,0.0009343624114990234,0.005725383758544922,0.0,0.8368035166577483,0.16319646587617395,-0.0008256435394287109,-0.0007035886474366442,0,1.1727312088012696,-6.997662746921485e-05,1.1701902985572814,0.0021012364158912167,1.1679174065589906,0.004051432438949565,1.1662841486930846,0.005457500506926172,1.154781278371811,0.015472944520002363,1.1086945503950119,0.057684593653658967,1.171920947000912,0.0006213712855225317,1.1701628015667234,0.002124784223253462,1.1680289823177818,0.003955520606172991,1.1641030036449815,0.007341396211390183,0.0021338192489415153,0.0016334845497247424,0.0005003346992167729,0,14.558546675136022,20.41406231206786,14.387614991671667,6.026447320396192,1,1,1,0,0,62.73565078755917,0,0,73.79890855702675,71.39972176064698,2.399186796379766,117.90057337487877,-26.201090956646116,0.0,0.11374232397063366,0.2966823535073493,0.6449552106195133,0.007381294950111781,0.006294546821749532,1.1763400517567928,1.1594947613611883,1.1679174065589906,0.014423357593233432,0.7808938509304358,1,0.06254846281466339,0.06265519305185956,0.06460668850578137,0.07145807223733044,1.183570712936095,1.154045533135648,0.6300930952299824,0.0,0.0,0.0,0.0,0.0,0.0,11726491450.263428,0,15,9,3,38,0,0,0,0.0,1.0,-1.0,-1.8369701987210297e-16,0.002671941133232542,1.1734747886657715,52.47955694656595,5.85702811199617e-05,1.1703435182571411,57.896357955645506,-0.005656694013072186,1.1702749729156494,54.17797793568188,0.004814272494273139,1.1713168621063232,54.28585610583496,0.0008765237913422871,1.1691803932189941,56.27741529471265,-0.005268555868744071,1.1651345491409302,43.53072537869955,9.608868298069895e-05,0.003917634902617081,-1.0323294808751629,0.17050569951464192,-0.007814853701171973,0.004814272494273139,0.6666666666666666,0.00039981036164802106,0.003970632699340628,-0.1726368527799765,-0.27116250159918515,-0.007814853701171973,0.008279447377107845,0.5666666666666667,0.0003335609994855834,0.004501435435906315,-0.16689225265530117,1.8827088793844224,-0.013708151840823465,0.01416251795155252,0.5396825396825397
1.1763737201690674,1.1852554082870483,1.17583429813385,1.1763737201690674,0,0.0031711723364202106,0.009111157584802068,4,0.0,0.0,0.008881688117980957,0.0005394220352172852,0.009421110153198242,0.0,0.9427432520456743,0.057256737339865464,0.0037245750427246094,0.003176205822420736,0,1.1726232290267944,0.003198376894738564,1.1706685423851013,0.00487343554295494,1.16839439868927,0.0068293047177099275,1.1663385462760925,0.008603997376366523,1.1551358723640441,0.018385584078278505,1.1093193483352661,0.06044640961900094,1.1734052047236305,0.002529829706936493,1.1711183275055457,0.004487499204514078,1.1686471110475067,0.0066115844106042765,1.1645842082145537,0.010123365721725008,0.0024712164580389384,0.0018010309313875818,0.0006701855266513566,0,18.441167883788147,29.066070183360935,11.3938868903397,17.672183293021234,1,1,1,0,0,64.11334645190423,0,0,63.41014206130829,71.67442922317882,-8.264287161870527,184.05453081644058,-36.58985752672208,0.0,-0.045874129047396295,0.4082002275127561,0.48818776242471884,0.008077957378190953,0.006866829170872087,1.1776025678032362,1.1591862295753037,1.16839439868927,0.01576209047819484,0.9332740465402377,1,0.05592835959515922,0.06376948331576382,0.06347756714686123,0.07166350222854274,1.1856845708525579,1.153372741339794,0.7118439006681161,0.0,0.0,0.0,0.0,0.0,0.0,11763737200.690674,1,16,9,3,38,0,0,0,0.9510565162951535,0.30901699437494745,-1.0,-1.8369701987210297e-16,-0.0007038362821511885,1.1726491451263428,62.73565078755917,0.002671941133232542,1.1734747886657715,52.47955694656595,5.85702811199617e-05,1.1703435182571411,57.896357955645506,0.004766795744852672,1.1769136190414429,61.44424965011257,0.0020599100288224465,1.1715912818908691,53.533643778252234,0.004730015176767789,1.1706587076187134,57.73028299628237,0.0008284904188201778,0.003313360731872517,-1.297279861723569,1.5156094400400348,-0.0068420207751402635,0.004814272494273139,0.7333333333333333,0.0005128560275149967,0.004000536406083539,-0.24722734082290942,-0.3258818429554551,-0.007814853701171973,0.008279447377107845,0.6,0.0003910043552733724,0.004514376308967789,-0.20066514910579758,1.8378222417703467,-0.013708151840823465,0.01416251795155252,0.5555555555555556
1.1871408224105835,1.187295913696289,1.18343186378479,1.1871408224105835,0,0.009111157584802068,-0.0038034942077854283,1,0.0,0.0,0.0001550912857055664,0.003708958625793457,0.0038640499114990234,0.0,0.04013697681034934,0.9598629973100684,0.010767102241516113,0.009152790525661689,0,1.1759963989257813,0.00947657951506864,1.1730223655700684,0.012035965514135993,1.1695388019084931,0.015050394541730183,1.16663223028183,0.017579312052814933,1.155618017911911,0.02727787548077809,1.1099622547626495,0.0695326054645744,1.1779837439526148,0.007773518441320348,1.1735833267217053,0.011552222393611089,1.1700170155929197,0.014635519388171092,1.1654687813202804,0.018595127845374648,0.003566311128785582,0.002154086970867182,0.0014122241579183998,0,22.464191673171634,27.278010248804758,9.431907335793946,17.84610291301081,1,1,1,0,0,70.70626103452233,1,0,99.4106157797595,78.87322213269817,20.53739364706132,244.20510400943724,-0.5893838402166767,0.0,1.441186890711177,2.0228755109872987,1.7403458399331662,0.008457188864728384,0.007123998016379381,1.181771943588219,1.1573056602287672,1.1695388019084931,0.020919599518575107,1.2194398970020262,0,0.06135763578317874,0.0632740050172536,0.06910888677195755,0.07357457612228804,1.1881203829984333,1.1542916275395199,0.971043549439948,0.0,0.0,0.0,0.0,0.0,0.0,11871408223.105835,2,17,9,3,38,0,0,0,0.5877852522924732,-0.8090169943749473,-1.0,-1.8369701987210297e-16,0.0031711723364202106,1.1763737201690674,64.11334645190423,-0.0007038362821511885,1.1726491451263428,62.73565078755917,0.002671941133232542,1.1734747886657715,52.47955694656595,-0.005656694013072186,1.1702749729156494,54.17797793568188,-0.0068420207751402635,1.163602590560913,43.52775751313958,-0.003272595167235942,1.1668338775634766,58.35157990253262,0.0013157307045981578,0.0039441616998284615,-0.4370298973022602,1.1461366574009462,-0.0068420207751402635,0.009111157584802068,0.7333333333333333,0.0008308444600852424,0.0042916743876253655,-0.14135644532523095,-0.3726869044851253,-0.007814853701171973,0.009111157584802068,0.6333333333333333,0.000486907987919211,0.004634762648489645,-0.14182143584580967,1.5697217551420817,-0.013708151840823465,0.01416251795155252,0.5555555555555556
1.1826341152191162,1.1848341226577759,1.1751296520233154,1.1826341152191162,0,-0.0038034942077854283,-0.002987527682998781,1,0.0,0.0,0.002200007438659668,0.007504463195800781,0.00970447063446045,0.0,0.22670040426290022,0.7732995854325708,-0.004506707191467285,-0.0037962700852426524,0,1.1784545183181763,0.0035466763762339593,1.174681293964386,0.006770194771054339,1.1704117476940155,0.010442792844601367,1.1668225741386413,0.013550938531329049,1.1561194598674773,0.022934182988654683,1.1105926936864854,0.06486754490254287,1.1795338677081153,0.0026283665909161424,1.174975755721307,0.006517887164791736,1.1709516155652306,0.009976927652342482,1.1661419316692543,0.01414251816229628,0.004024140156076328,0.0025280976079090113,0.0014960425481673166,0,20.17494846565502,22.38660008700289,20.135130731772648,2.251469355230242,1,1,1,0,0,63.13696570142119,0,0,82.28405461189519,81.70160415098765,0.5824504609075376,146.29685193577006,-17.715945008080983,0.0,1.0501700372791412,1.4226969236700304,1.5788115652959123,0.008931053067733674,0.0075518310794913624,1.1837734514606728,1.157050043927358,1.1704117476940155,0.022832484024261385,0.9573656040730282,0,0.0766851438108022,0.0696405633318007,0.07019906879884284,0.07401432570094697,1.1901565028282668,1.154432290557332,0.7894316708499131,0.0,0.0,0.0,0.0,0.0,0.0,11826341151.191162,3,18,9,3,38,0,0,0,-0.587785252292473,-0.8090169943749475,-1.0,-1.8369701987210297e-16,0.009111157584802068,1.1871408224105835,70.70626103452233,0.0031711723364202106,1.1763737201690674,64.11334645190423,-0.0007038362821511885,1.1726491451263428,62.73565078755917,5.85702811199617e-05,1.1703435182571411,57.896357955645506,0.0020966619985556645,1.16604483127594,50.81757161406585,-0.002214521376242774,1.164252758026123,67.55821424395626,0.0010132603867384373,0.004160056476523879,-0.2736549358876467,0.29946640602709024,-0.0068420207751402635,0.009111157584802068,0.6666666666666666,0.00046311824539909644,0.0041961751148803265,-0.04949906331315746,-0.336199770320401,-0.007814853701171973,0.009111157584802068,0.6,0.00044297274250330664,0.004662464268115288,-0.12251102865849436,1.465556561105492,-0.013708151840823465,0.01416251795155252,0.5555555555555556
1.1791062355041504,1.1793843507766724,1.1730343103408813,1.1791062355041504,0,-0.002987527682998781,-0.00459975736938313,1,0.0,0.0,0.00027811527252197266,0.006071925163269043,0.006350040435791016,0.0,0.04379740112750764,0.9562025831245614,-0.0035278797149658203,-0.0029830694627085695,0,1.179580807685852,-0.00040232282398056096,1.1760227799415588,0.0026219351486393982,1.171301794052124,0.00666304908862192,1.1669991993904114,0.010374502415276377,1.1566140234470368,0.01944660145839827,1.1112106227874756,0.06110057915055589,1.179391323640127,-0.00024172488828599903,1.1756112141494368,0.002972939703492772,1.1715556614866323,0.006444912661932367,1.166650335741211,0.010676634875314228,0.004055552662804551,0.0028335886188881193,0.001221964043916432,0,17.877448455087276,19.209929700471086,20.375196419315365,-1.1652667188442791,1,1,1,0,0,58.615001162177805,0,0,68.87727108585958,83.52398049250473,-14.646709406645158,82.23352914999606,-31.122728534116593,0.0,0.4798950001117408,1.1508071562509103,1.1956172772436213,0.009020219975800499,0.007650048573594998,1.1844796469725927,1.1581239411316553,1.171301794052124,0.022501208460980474,0.7961196114236518,0,0.08413969311861352,0.07272775184125102,0.07137885198130613,0.07248132367211937,1.1909835831978626,1.1549027032946606,0.670813245334977,0.0,0.0,0.0,0.0,0.0,0.0,11791062354.041504,4,19,9,3,38,0,0,0,-0.9510565162951536,0.30901699437494723,-1.0,-1.8369701987210297e-16,-0.0038034942077854283,1.1826341152191162,63.13696570142119,0.009111157584802068,1.1871408224105835,70.70626103452233,0.0031711723364202106,1.1763737201690674,64.11334645190423,0.002671941133232542,1.1734747886657715,52.47955694656595,-0.00030316941098476743,1.1656913757324219,45.08175892506088,0.0007919897481926959,1.165175199508667,68.66944756613417,0.0006220175347525578,0.004246900868808396,-0.013264796980624608,-0.025806706634592905,-0.0068420207751402635,0.009111157584802068,0.6,0.00032502305654356656,0.004240544763372189,0.03668388587127878,-0.4436207704696108,-0.007814853701171973,0.009111157584802068,0.5666666666666667,0.00026062011209881947,0.004565894217457304,-0.1052599016982783,1.6735110142767249,-0.013708151840823465,0.01416251795155252,0.5396825396825397
1.1736950874328613,1.1786893606185913,1.172717809677124,1.1736950874328613,0,-0.00459975736938313,0.0054490527700660745,4,0.0,0.0,0.0049942731857299805,0.0009772777557373047,0.005971550941467285,0.0,0.836344385411604,0.16365559784232797,-0.0054111480712890625,-0.004589194686530089,0,1.1797899961471559,-0.005166096367728246,1.1762606024742126,-0.0021810771658395955,1.1714385390281676,0.0019263053325639934,1.1671088886260987,0.005643174146288565,1.1570277416706085,0.014405312042688578,1.1118126142024993,0.05565908529395869,1.1774925782377053,-0.0032250656816920076,1.17531642542381,-0.0013794907105344478,1.1717141374826492,0.0016906426121128248,1.1669266005134327,0.005800267828216965,0.0036022879411607978,0.002987328483342655,0.0006149594578181428,0,16.060379150092537,17.32248762181395,18.860038248837107,-1.5375506270231583,1,1,1,0,0,51.7355785837927,0,0,48.31361906809217,66.4916482552823,-18.178029187190127,47.51285135585948,-51.68638055188399,0.0,0.08919482104818854,0.2030385972811244,1.0668838764347433,0.00866931408929728,0.007386342655246528,1.1846581596991408,1.1582189183571945,1.1714385390281676,0.022569892024914485,0.5853484529670976,0,0.09305908519669537,0.07475198219366315,0.07238271525351785,0.07310480338650417,1.1903533851569132,1.1556761287997241,0.519618922430687,0.0,0.0,0.0,0.0,0.0,0.0,11736950873.328613,0,22,9,3,39,0,0,0,0.0,1.0,-1.0,-1.8369701987210297e-16,-0.002987527682998781,1.1791062355041504,58.615001162177805,-0.0038034942077854283,1.1826341152191162,63.13696570142119,0.009111157584802068,1.1871408224105835,70.70626103452233,-0.0007038362821511885,1.1726491451263428,62.73565078755917,0.004814272494273139,1.1713168621063232,54.28585610583496,-0.003326823261899247,1.16130530834198,52.710931177037466,0.00025693212403753,0.004453804049917495,0.14008732825688994,-0.46764581248898596,-0.0068420207751402635,0.009111157584802068,0.5333333333333333,0.0002537206916231546,0.00430647123702129,0.04299535475246818,-0.550420589142241,-0.007814853701171973,0.009111157584802068,0.5666666666666667,0.00016955604479248438,0.004605169747737203,-0.061012081809472235,1.5253169190760543,-0.013708151840823465,0.01416251795155252,0.5238095238095238
1.1801080703735352,1.1820051670074463,1.178175449371338,1.1801080703735352,0,0.0054490527700660745,0.001133560099404778,3,0.0,0.0,0.0018970966339111328,0.0019326210021972656,0.0038297176361083984,0.0,0.4953619991427578,0.5046379747456572,0.006412982940673828,0.005463925860126151,0,1.1805368661880493,-0.0003632211130029095,1.176580047607422,0.0029985402803553995,1.1723516941070558,0.006616083044709287,1.167378454208374,0.010904446641259113,1.1575154531002045,0.01951819918331843,1.1124597293138505,0.060809698698332415,1.1783644089496486,0.0014797301331366253,1.1760536015699214,0.0034475203322847925,1.1723359102893813,0.00662963568314856,1.1674435209001035,0.01084810455120122,0.003717691280540114,0.0031334010427821473,0.0005842902377579669,0,15.296709198364692,20.22424422511153,16.43617630788978,3.788067917221749,1,1,1,0,0,63.98000656020907,0,0,70.14073876198007,62.443876305310596,7.6968624566694785,104.10310847674388,-29.859260822606576,0.0,0.31744590519509064,0.271426150603471,0.7812291618436662,0.008621416154002306,0.007305615790376588,1.1853013894965516,1.15940199871756,1.1723516941070558,0.022091826972203348,0.7994810284426798,0,0.09889639003044805,0.07598658676783698,0.06914402477699215,0.07288869811725103,1.1909331429430108,1.1564474783270013,0.6860993471165353,0.0,0.0,0.0,0.0,0.0,0.0,11801080702.735352,1,23,9,3,39,0,0,0,0.9510565162951535,0.30901699437494745,-1.0,-1.8369701987210297e-16,-0.00459975736938313,1.1736950874328613,51.7355785837927,-0.002987527682998781,1.1791062355041504,58.615001162177805,-0.0038034942077854283,1.1826341152191162,63.13696570142119,0.0031711723364202106,1.1763737201690674,64.11334645190423,0.004766795744852672,1.1769136190414429,61.44424965011257,0.008279447377107845,1.1709601879119873,60.808938650390466,0.0004828749734537719,0.004634118980226979,0.06651206960956552,-0.8208843761489066,-0.0068420207751402635,0.009111157584802068,0.5333333333333333,0.0005198929125667771,0.004374329544674956,-0.08332791544068725,-0.6460404130478381,-0.007814853701171973,0.009111157584802068,0.6,0.00015861304628349035,0.004591556395369239,-0.06544411303474162,1.5606315744928425,-0.013708151840823465,0.01416251795155252,0.5238095238095238
1.1814465522766113,1.1816558837890625,1.1731306314468384,1.1814465522766113,0,0.001133560099404778,-0.005925077887075215,0,0.0,0.0,0.00020933151245117188,0.00831592082977295,0.008525252342224121,0.0,0.024554289021916656,0.9754456992482254,0.0013384819030761719,0.0011342028213899825,0,1.1793980121612548,0.001736936974676473,1.177697205543518,0.003183625311435234,1.1732269644737243,0.0070059655557555,1.1677926015853881,0.011692102323235698,1.1579871630668641,0.020258764393890516,1.1131299340724945,0.061373444381318976,1.1793917900586361,0.0017422218257927558,1.1768832862940277,0.0038774158281791316,1.173010772658806,0.007191561845562022,1.1679926593854568,0.011518816220199124,0.003872513635221786,0.0032812235612700753,0.0005912900739517106,0,14.77968330187782,17.553784461888895,22.079517102512536,-4.525732640623641,1,1,1,0,0,63.2936905029122,0,0,73.37717265906399,63.94384349637874,9.433329162685247,77.38679827240804,-26.622826885795266,0.0,-0.4796625662665255,0.9546114904199543,1.687108349847355,0.008608594312431881,0.007286486464508052,1.186149458483664,1.1603044704637846,1.1732269644737243,0.02202897546705284,0.8180341083834612,0,0.06683483573342079,0.06842381675594472,0.0624177266087876,0.07290619058305364,1.1916461889400227,1.1572118116902952,0.7037949413221465,0.0,0.0,0.0,0.0,0.0,0.0,11814465521.766113,2,24,9,3,39,0,0,0,0.5877852522924732,-0.8090169943749473,-1.0,-1.8369701987210297e-16,0.0054490527700660745,1.1801080703735352,63.98000656020907,-0.00459975736938313,1.1736950874328613,51.7355785837927,-0.002987527682998781,1.1791062355041504,58.615001162177805,0.009111157584802068,1.1871408224105835,70.70626103452233,-0.005656694013072186,1.1702749729156494,54.17797793568188,-0.007814853701171973,1.1618449687957764,52.946519270354834,0.001014580365090108,0.0041677285366554856,0.09499873599618895,-0.5263690856090306,-0.005656694013072186,0.009111157584802068,0.6,0.00038995100811802956,0.0042928191419737876,-0.03362800650555449,-0.49892857782626643,-0.007814853701171973,0.009111157584802068,0.6,0.00016510351120850895,0.0045926583171390254,-0.06964753682559112,1.556550246927125,-0.013708151840823465,0.01416251795155252,0.5238095238095238
1.1744670867919922,1.1754333972930908,1.1667931079864502,1.1744670867919922,0,-0.005925077887075215,-0.006998753739016789,0,0.0,0.0,0.0009663105010986328,0.007673978805541992,0.008640289306640625,0.0,0.11183774704999584,0.8881622413763178,-0.006979465484619141,-0.0059075592294709975,0,1.17776460647583,-0.0027998122591108565,1.1781095623970033,-0.003091797079798675,1.1737105548381805,0.0006445642416936792,1.16801043510437,0.005527905738695216,1.1584256279468537,0.013847637998293472,1.1137472432851792,0.0545185128559853,1.1777502223030882,-0.002787633191354555,1.1765115632937146,-0.0017377445877583275,1.1731186477797826,0.0011494480244147454,1.1682465584994386,0.005324670675692866,0.00339291551393206,0.0033035619518024728,8.935356212958715e-05,0,16.956600340532553,13.910873753988572,26.472866626682222,-12.56199287269365,1,1,1,0,0,56.797112100242664,0,0,37.42892010350803,60.31561050818402,-22.886690404675996,-19.606141800266798,-62.571079408753846,0.0,-0.6905794718775615,0.3523383067043362,0.9043362625752227,0.009414574309462447,0.008016039286700116,1.1860135193369894,1.1614075903393717,1.1737105548381805,0.020964222306847795,0.5307459190348106,0,0.07384738686310292,0.07669949704444108,0.0664581716216677,0.07367519901976062,1.1932617762175919,1.155603478979742,0.500915047831719,0.0,0.0,0.0,0.0,0.0,0.0,11744670866.919922,3,25,9,3,39,0,0,0,-0.587785252292473,-0.8090169943749475,-1.0,-1.8369701987210297e-16,0.001133560099404778,1.1814465522766113,63.2936905029122,0.0054490527700660745,1.1801080703735352,63.98000656020907,-0.00459975736938313,1.1736950874328613,51.7355785837927,-0.0038034942077854283,1.1826341152191162,63.13696570142119,5.85702811199617e-05,1.1703435182571411,57.896357955645506,0.0018025532981323705,1.1639411449432373,48.03201127368064,0.00047979770604804936,0.0045188298483971965,0.18659761428644062,-0.823680394768088,-0.005925077887075215,0.009111157584802068,0.5333333333333333,9.03124172035788e-05,0.004411801241990159,0.07109251736683117,-0.6325065576208397,-0.007814853701171973,0.009111157584802068,0.5666666666666667,2.3286522506541293e-05,0.004641101295225626,-0.014257486805924766,1.4052140738315633,-0.013708151840823465,0.01416251795155252,0.5079365079365079
1.166275978088379,1.1702202558517456,1.16593599319458,1.166275978088379,0,-0.006998753739016789,0.003891255553779332,3,0.0,0.0,0.003944277763366699,0.0003399848937988281,0.004284262657165527,0.0,0.9206432907901844,0.07935668586857696,-0.008191108703613281,-0.006974319497781348,0,1.1751985549926758,-0.007592399569954611,1.177389681339264,-0.009439273611859256,1.1736165523529052,-0.006254661583618759,1.168104991912842,-0.001565795829115757,1.1588641607761383,0.006395760143826479,1.1143199491500855,0.04662577285209579,1.1739254742315186,-0.006516168539144829,1.1749368578775092,-0.007371357728992223,1.172611783358197,-0.005403156832633038,1.1681692808362598,-0.0016207435675448245,0.002325074519312187,0.0031078644653044158,-0.0007827899459922289,1,19.151174492602152,12.208850674401996,24.46312315353596,-12.254272479133965,1,1,1,0,0,46.24488844054955,0,0,1.5916954942783181,37.465929418950104,-35.874233924671785,-89.51988462396923,-98.40830403755514,0.0,-1.088134133247598,-0.6134610344358138,0.12712092945141862,0.00929677688118907,0.007971335305756798,1.1861252219767102,1.1611078827291001,1.1736165523529052,0.02131645058628633,0.20658053550256814,0,0.08410606276349963,0.08356457890927024,0.07123727635350136,0.0742640292010972,1.1922493575981605,1.1550622500734045,0.3015488090154471,0.0,0.0,0.0,0.0,0.0,0.0,11662759779.88379,4,26,9,3,39,0,0,0,-0.9510565162951536,0.30901699437494723,-1.0,-1.8369701987210297e-16,-0.005925077887075215,1.1744670867919922,56.797112100242664,0.001133560099404778,1.1814465522766113,63.2936905029122,0.0054490527700660745,1.1801080703735352,63.98000656020907,-0.002987527682998781,1.1791062355041504,58.615001162177805,0.002671941133232542,1.1734747886657715,52.47955694656595,0.0007335605601103757,1.1647952795028687,47.60304891667252,3.342541751258128e-05,0.004915024311037513,0.17030969351440084,-1.069451063353038,-0.006998753739016789,0.009111157584802068,0.5333333333333333,3.263915486115491e-05,0.004494798983926938,0.02613877351045621,-0.6497325651823156,-0.007814853701171973,0.009111157584802068,0.5666666666666667,-0.00016842580263105067,0.004678194110089094,0.03576116801253948,1.3235335958946146,-0.013708151840823465,0.01416251795155252,0.49206349206349204
1.170823097229004,1.1754887104034424,1.1705353260040283,1.170823097229004,0,0.003891255553779332,0.0019806111702517447,3,0.0,0.0,0.0046656131744384766,0.00028777122497558594,0.0049533843994140625,0.0,0.9419041011232571,0.0580958786885263,0.004547119140625,0.0038988363180455917,0,1.1746241569519043,-0.0032359796110785766,1.17720707654953,-0.005422987635017917,1.1736986875534057,-0.00245002440119535,1.168259961605072,0.0021939770324672647,1.1593427455425263,0.009902465538881744,1.1149265390634537,0.0501347452967531,1.1728913485640138,-0.0017633785408731617,1.174303971623893,-0.002964202266793947,1.1724792880893677,-0.0014125545560139674,1.1682733520673478,0.002182490131205972,0.001824683534525251,0.002851228279148583,-0.001026544744623332,0,17.636335860728042,18.15885028948695,21.226959479770915,-3.068109190283966,1,1,1,0,0,45.390902995135534,0,0,22.879785583251728,20.63346706034602,2.2463185229057068,-19.889207767141407,-77.12021394858174,0.0,-0.24469644924042244,-0.15571988475223675,0.22831448639242247,0.00928557093903899,0.007930806080117606,1.1861058699783076,1.1612915051285038,1.1736986875534057,0.02114202317071306,0.3841158989875942,0,0.09015254552750558,0.08655844218823415,0.07182474883379394,0.07463028221303825,1.1919571641322626,1.1548148803761065,0.43099710601786706,0.0,0.0,0.0,0.0,0.0,0.0,11708230971.29004,0,29,9,3,40,0,0,0,0.0,1.0,-1.0,-1.8369701987210297e-16,-0.006998753739016789,1.166275978088379,46.24488844054955,-0.005925077887075215,1.1744670867919922,56.797112100242664,0.001133560099404778,1.1814465522766113,63.2936905029122,-0.00459975736938313,1.1736950874328613,51.7355785837927,-0.0007038362821511885,1.1726491451263428,62.73565078755917,0.0028811150967894125,1.1681560277938843,52.78423984470821,-2.810904518700588e-05,0.004856321748362636,0.1831068723096597,-0.9850885809281107,-0.006998753739016789,0.009111157584802068,0.5333333333333333,4.680500761539662e-06,0.004467095977539946,0.02759818023616265,-0.6101881264945488,-0.007814853701171973,0.009111157584802068,0.5666666666666667,-0.00013137687075290999,0.004701265881196817,0.02072226736627403,1.2447955223604155,-0.013708151840823465,0.01416251795155252,0.49206349206349204
1.1731443405151367,1.1759449243545532,1.1713168621063232,1.1731443405151367,0,0.0019806111702517447,0.00037549924772429627,2,0.0,0.0,0.002800583839416504,0.0018274784088134766,0.0046280622482299805,0.0,0.6051309659835499,0.39486901240913547,0.0023212432861328125,0.0019825738759580843,0,1.1732314109802247,-7.421431464038619e-05,1.1768841385841369,-0.0031777114212632185,1.173776340484619,-0.0005384331304272294,1.1683337712287902,0.004117461383381205,1.1599786114692687,0.011349975606926854,1.1156171345710755,0.05156536598106509,1.1729756792143882,0.00014378917118484935,1.1741255668379305,-0.0008357082499725887,1.1725285512320174,0.0005251805445758428,1.168464371222163,0.004005230546891392,0.001597015605913077,0.002600385744501482,-0.001003370138588405,0,16.052850783719464,17.435171031144122,19.566542938990136,-2.131371907846013,0,1,1,0,0,52.323250246152824,0,0,33.747069827496965,19.406183635008997,14.340886192487968,-6.313271926233147,-66.2529297043365,0.0,-0.5900925545059832,-0.27451987396204247,0.33903641552088803,0.008730405097240369,0.007441884851665049,1.1861473752211622,1.161405305748076,1.173776340484619,0.021079032365538233,0.4744564609837711,0,0.07834726928019467,0.08547670185726565,0.07207488240512874,0.07474636588028298,1.1908238151401844,1.1559021947512231,0.4937384211412474,0.0,0.0,0.0,0.0,0.0,0.0,11731443404.151367,1,30,9,3,40,0,1,1,0.9510565162951535,0.30901699437494745,-1.0,-1.8369701987210297e-16,0.003891255553779332,1.170823097229004,45.390902995135534,-0.006998753739016789,1.166275978088379,46.24488844054955,-0.005925077887075215,1.1744670867919922,56.797112100242664,0.0054490527700660745,1.1801080703735352,63.98000656020907,0.0031711723364202106,1.1763737201690674,64.11334645190423,0.0008765237913422871,1.1691803932189941,56.27741529471265,-0.00021385468349373432,0.004710932393735086,0.25663365586863107,-0.6998422694248296,-0.006998753739016789,0.009111157584802068,0.5333333333333333,0.0001797873786777959,0.004437059220847122,-0.08060602521822136,-0.5434358739330654,-0.007814853701171973,0.009111157584802068,0.6,-9.281889493188411e-05,0.004708578464882673,-0.0032384885628727596,1.21794165014992,-0.013708151840823465,0.01416251795155252,0.5079365079365079
1.1735849380493164,1.1778839826583862,1.171687364578247,1.1735849380493164,0,0.00037549924772429627,-0.00015258036072495198,2,0.0,0.0,0.004299044609069824,0.001897573471069336,0.00619661808013916,0.0,0.6937727134534016,0.30622727040876374,0.0004405975341796875,0.000375569756359785,0,1.1716590881347657,0.0016436946837943278,1.1755285501480102,-0.001653394295088595,1.1742754578590393,-0.0005880391223734849,1.168327157497406,0.004500263832540652,1.1605289041996003,0.011250072015738022,1.1163025844097136,0.05131436076067275,1.1731787654926977,0.00034621531562883945,1.1740423931781436,-0.00038964115047834813,1.172606802107373,0.0008341550126624853,1.1686651777644044,0.004209726000309333,0.0014355910707706254,0.0023674268097553107,-0.0009318357389846853,0,14.33656923239999,18.79934218134607,17.640292456721653,1.159049724624417,0,1,1,0,0,52.60877372355077,0,0,35.80980003326578,30.812218481338153,4.997581551927627,0.2690907674075922,-64.19019949856768,0.0,-0.6654227575632499,-1.1418935399543195,0.1701665238776462,0.00839256682829354,0.007151222340607225,1.185686449434236,1.1628644662838425,1.1742754578590393,0.01943494858528295,0.46974321415685927,0,0.07710982072826944,0.06810061228548966,0.07175123389033433,0.07459901958678512,1.1901692750883492,1.1565990077751749,0.5059813812348585,0.0,0.0,0.0,0.0,0.0,0.0,11735849379.493164,2,1,10,4,40,1,0,0,0.5877852522924732,-0.8090169943749473,-0.8660254037844386,0.5000000000000001,0.0019806111702517447,1.1731443405151367,52.323250246152824,0.003891255553779332,1.170823097229004,45.390902995135534,-0.006998753739016789,1.166275978088379,46.24488844054955,0.001133560099404778,1.1814465522766113,63.2936905029122,0.009111157584802068,1.1871408224105835,70.70626103452233,0.0020599100288224465,1.1715912818908691,53.533643778252234,0.00018829153389269784,0.004464121979284706,0.13843134945411478,-0.3469803590606929,-0.006998753739016789,0.009111157584802068,0.6,0.0002661213994766982,0.004414003277881096,-0.1388527293965838,-0.4786267834762939,-0.007814853701171973,0.009111157584802068,0.6333333333333333,-4.813411951085569e-05,0.0046992965208540426,-0.03062916354008429,1.2521019231387733,-0.013708151840823465,0.01416251795155252,0.5238095238095238
1.1734058856964111,1.1759172677993774,1.1685655117034912,1.1734058856964111,0,-0.00015258036072495198,-0.0007623361800018725,2,0.0,0.0,0.0025113821029663086,0.004840373992919922,0.0073517560958862305,0.0,0.34160301784376157,0.6583969685540464,-0.00017905235290527344,-0.00015256872092072848,0,1.1714468479156495,0.001672323148148136,1.1746057271957397,-0.0010214845470666312,1.1746435105800628,-0.0010536175208895049,1.1682467460632324,0.004416138585553453,1.1610810327529908,0.010614980776264993,1.116953075528145,0.05054179204128029,1.1732544722272689,0.000129054158934494,1.1739444689501848,-0.00045878094575413364,1.1726659934843389,0.0006309487237801115,1.1688510878793852,0.0038968160819354836,0.0012784754658459185,0.002149636540973432,-0.0008711610751275137,0,13.868238604650594,16.56670086747713,20.588402521106904,-4.021701653629773,0,1,1,0,0,49.94177729457514,0,0,34.9715368381725,34.84280223297841,0.12873460519409008,-40.361880184887085,-65.02846269366096,0.0,-0.09035596718846017,-0.7803114593050053,0.8424951280636472,0.008253792063972566,0.007034046926030691,1.185392362632849,1.1638946585272765,1.1746435105800628,0.01830147096554125,0.4424299021971458,0,0.06547541418956866,0.06656398663369213,0.06721747235190996,0.07457984041162624,1.1898937964420548,1.1568786281861645,0.500595887686817,0.0,0.0,0.0,0.0,0.0,0.0,11734058855.964111,3,2,10,4,40,0,0,0,-0.587785252292473,-0.8090169943749475,-0.8660254037844386,0.5000000000000001,0.00037549924772429627,1.1735849380493164,52.60877372355077,0.0019806111702517447,1.1731443405151367,52.323250246152824,0.003891255553779332,1.170823097229004,45.390902995135534,-0.005925077887075215,1.1744670867919922,56.797112100242664,-0.0038034942077854283,1.1826341152191162,63.13696570142119,-0.0068420207751402635,1.163602590560913,43.52775751313958,0.00017421482443637023,0.004464893090880882,0.14923840325558166,-0.3469226131964139,-0.006998753739016789,0.009111157584802068,0.5333333333333333,0.00023463572917944333,0.004413491683611778,-0.11606407542582446,-0.4814844970131868,-0.007814853701171973,0.009111157584802068,0.6,-6.307957013018254e-05,0.004698088346382096,-0.020890750682370174,1.25626439683112,-0.013708151840823465,0.01416251795155252,0.5079365079365079
1.1725116968154907,1.1756683588027954,1.1716187000274658,1.1725116968154907,0,-0.0007623361800018725,-0.0010781815879537045,1,0.0,0.0,0.0031566619873046875,0.0008929967880249023,0.00404965877532959,0.0,0.7794883679055008,0.2205116074010614,-0.0008941888809204102,-0.0007620456755366524,0,1.1726939916610717,-0.00015544971395919926,1.1739462733268737,-0.0012220121515402749,1.1749845266342163,-0.002104563815490068,1.1681847167015076,0.0037040203931364424,1.1616134560108184,0.009381985588528208,1.1176127207279205,0.049121645597324015,1.173006880423343,-0.00042214902237502905,1.1737240424679243,-0.0010329052728451638,1.1726545641014612,-0.00012183245631913753,1.1689946411709973,0.003008615626047373,0.0010694783664630947,0.0019336049060713646,-0.00086412653960827,0,13.462352060600825,15.403957507169672,19.14339373376589,-3.7394362265962187,0,1,1,0,0,49.88399234168052,0,0,30.785243744700665,33.85552687204631,-3.070283127345647,-33.93780504408925,-69.21475578713279,0.0,0.5346692244602824,-0.5592828271186345,0.554598362438119,0.00769324095882017,0.006561334082260045,1.1849410925161163,1.1650279607523162,1.1749845266342163,0.01694756936003852,0.3758191385644933,1,0.02982879156513234,0.0654284348303418,0.06703730730199385,0.07421540737584333,1.1886894070414054,1.1579164432061246,0.4742881979149515,0.0,0.0,0.0,0.0,0.0,0.0,11725116967.154907,4,3,10,4,40,0,0,0,-0.9510565162951536,0.30901699437494723,-0.8660254037844386,0.5000000000000001,-0.00015258036072495198,1.1734058856964111,49.94177729457514,0.00037549924772429627,1.1735849380493164,52.60877372355077,0.0019806111702517447,1.1731443405151367,52.323250246152824,-0.006998753739016789,1.166275978088379,46.24488844054955,-0.002987527682998781,1.1791062355041504,58.615001162177805,0.0020966619985556645,1.16604483127594,50.81757161406585,-5.473699644592404e-05,0.004415443606640574,0.31826542434948224,-0.13886444972811263,-0.006998753739016789,0.009111157584802068,0.4666666666666667,0.0003201186319093558,0.0043667201431169134,-0.16316053924429827,-0.3639651710796126,-0.007814853701171973,0.009111157584802068,0.6,-1.545438649253383e-05,0.004675131222995956,-0.044564610329828516,1.3377594855120334,-0.013708151840823465,0.01416251795155252,0.5079365079365079
1.171248197555542,1.1731581687927246,1.1654061079025269,1.171248197555542,0,-0.0010781815879537045,-0.00018739398387827448,2,0.0,0.0,0.0019099712371826172,0.005842089653015137,0.007752060890197754,0.0,0.24638238006611635,0.7536176070340884,-0.0012634992599487305,-0.0010776005589305416,0,1.1727790117263794,-0.0013052879147739116,1.1737015843391418,-0.0020902986893147624,1.1749810934066773,-0.0031769838440504072,1.1680960369110107,0.0026985457057084883,1.1621383786201478,0.007838841743981195,1.1182676720619202,0.04737732003930306,1.1724206528007426,-0.0010000295903179746,1.1733431432506347,-0.001785450238461661,1.1725503888017634,-0.001110563229134276,1.1690830159311756,0.0018520340255363532,0.0007927544488712801,0.0017054348146313477,-0.0009126803657600675,0,16.255480298481675,13.336500986599356,27.330266718187474,-13.993765731588118,0,1,1,0,0,45.4865517536974,0,0,26.688631600337388,30.815137394403507,-4.126505794066119,-95.56156778937572,-73.31136794282895,0.0,0.036307818623004806,-0.2084774745603868,0.47669751520882375,0.007701083616337181,0.006575108189495827,1.1849430301864183,1.1650191566269363,1.1749810934066773,0.016956760980740643,0.31264206123095867,1,0.019122650970862774,0.061618929563692346,0.06717345371671248,0.07421866647833865,1.1885094040166087,1.15770506955126,0.4396500750747079,0.0,0.0,0.0,0.0,0.0,0.0,11712481974.55542,0,6,10,4,41,0,0,0,0.0,1.0,-0.8660254037844386,0.5000000000000001,-0.0007623361800018725,1.1725116968154907,49.88399234168052,-0.00015258036072495198,1.1734058856964111,49.94177729457514,0.00037549924772429627,1.1735849380493164,52.60877372355077,0.003891255553779332,1.170823097229004,45.390902995135534,-0.00459975736938313,1.1736950874328613,51.7355785837927,-0.00030316941098476743,1.1656913757324219,45.08175892506088,-7.969335016609177e-05,0.004420429504529768,0.3359707662342481,-0.1451291970065482,-0.006998753739016789,0.009111157584802068,0.4666666666666667,8.197666407304122e-06,0.004104936423590677,-0.22246410345455084,-0.24910115779972142,-0.007814853701171973,0.009111157584802068,0.5666666666666667,-1.6368395790045354e-05,0.004675336527155478,-0.043983131592524476,1.3369436595215154,-0.013708151840823465,0.01416251795155252,0.5079365079365079
1.171028733253479,1.1710972785949707,1.1655147075653076,1.171028733253479,0,-0.00018739398387827448,-0.004766464102914459,1,0.0,0.0,6.854534149169922e-05,0.005514025688171387,0.005582571029663086,0.0,0.012278453762547223,0.9877215283245597,-0.00021946430206298828,-0.0001873764267063842,0,1.1723558902740479,-0.0011320428646846015,1.1727936506271361,-0.0015048832099004983,1.174686849117279,-0.003114120130175535,1.168323097229004,0.002315828498692385,1.1626152360439301,0.0072366995098516185,1.1189230400323869,0.04656771846875829,1.1719566796183214,-0.0007917924620434169,1.172987080174149,-0.001669538440451035,1.1724376735759645,-0.0012017188240531773,1.169159318571266,0.0015989391286188592,0.0005494065981845875,0.0014742291713419956,-0.0009248225731574081,0,18.676191437977124,11.965933429254864,24.52158572043868,-12.555652291183815,0,1,1,0,0,32.575096350040994,0,0,28.940812495997438,28.804895947011826,0.13591654898561245,-99.24291476685248,-71.05918698928193,0.0,-0.18033648448824158,-0.769364886826196,-0.02459871125957136,0.007438737799523474,0.0063523102274537155,1.1847555162776136,1.1646181819569446,1.174686849117279,0.017142725598815522,0.3183416018534532,1,0.009019979659781302,0.05302515809889372,0.06507085206864657,0.07421003030007896,1.187786759665795,1.1580318084677013,0.43679872487677096,0.0,0.0,0.0,0.0,0.0,0.0,11710287331.53479,1,7,10,4,41,0,0,0,0.9510565162951535,0.30901699437494745,-0.8660254037844386,0.5000000000000001,-0.0010781815879537045,1.171248197555542,45.4865517536974,-0.0007623361800018725,1.1725116968154907,49.88399234168052,-0.00015258036072495198,1.1734058856964111,49.94177729457514,0.0019806111702517447,1.1731443405151367,52.323250246152824,0.0054490527700660745,1.1801080703735352,63.98000656020907,0.004814272494273139,1.1713168621063232,54.28585610583496,-0.0003035977715193241,0.004328099483351266,0.5022548372814227,0.25303989327539383,-0.006998753739016789,0.009111157584802068,0.4,0.00026244632365042737,0.003830744234040946,-0.17273557679974624,0.016932308468080054,-0.006998753739016789,0.009111157584802068,0.5666666666666667,-2.8279699954542354e-05,0.004674792499061354,-0.036136421811387806,1.3385931476792223,-0.013708151840823465,0.01416251795155252,0.49206349206349204
1.1654603481292725,1.1652973890304565,1.1603620052337646,1.1654603481292725,0,-0.004766464102914459,-0.001944386427629532,1,0.0,0.0,-0.00016295909881591797,0.0050983428955078125,0.0049353837966918945,0.0,-0.03301852545354106,1.033018505191693,-0.005568385124206543,-0.004755122539359337,0,1.170730972290039,-0.004501994382199115,1.1711950302124023,-0.0048964365752134364,1.1744461178779602,-0.007651070331058274,1.1685304141044617,-0.002627288120078064,1.1629818844795228,0.002131128251104064,1.119538751244545,0.04101831824005786,1.1697912357886384,-0.003702274069506073,1.1718291213980143,-0.005434899382429026,1.1719208346539873,-0.005512732970628598,1.1690142609068743,-0.0030400936893112407,-9.171325597301383e-05,0.0011610406858789937,-0.0012527539418520075,0,22.750951597013312,9.803267389363283,28.820323235532143,-19.01705584616886,0,1,1,0,0,31.84384483894644,0,0,23.556368174224403,26.39527075685307,-2.8389025826286662,-182.22314208978574,-76.44363136373589,0.0,-0.6922881895151334,-1.3531043039174295,-0.973161558067337,0.007869136495548925,0.0067519555748977635,1.1851679639052182,1.1637242718507022,1.1744461178779602,0.018258557567064505,0.08095976504702307,1,0.030606496987387335,0.05530980644812293,0.06462841255497823,0.07466369645328207,1.18793813458761,1.1564615886054146,0.2858877686376128,0.0,0.0,0.0,0.0,0.0,0.0,11654603480.292725,2,8,10,4,41,0,0,0,0.5877852522924732,-0.8090169943749473,-0.8660254037844386,0.5000000000000001,-0.00018739398387827448,1.171028733253479,32.575096350040994,-0.0010781815879537045,1.171248197555542,45.4865517536974,-0.0007623361800018725,1.1725116968154907,49.88399234168052,0.00037549924772429627,1.1735849380493164,52.60877372355077,0.001133560099404778,1.1814465522766113,63.2936905029122,0.004766795744852672,1.1769136190414429,61.44424965011257,-0.001228772550700426,0.003592597188475838,0.14946471609702938,-0.6316475748110719,-0.006998753739016789,0.0054490527700660745,0.3333333333333333,4.3479076948866436e-05,0.003926229441291338,-0.060848089001181674,-0.22304159330326215,-0.006998753739016789,0.009111157584802068,0.5333333333333333,-6.543782868385295e-05,0.004703370780480944,-0.02582810036575532,1.246288700631553,-0.013708151840823465,0.01416251795155252,0.49206349206349204
1.1631964445114136,1.164958119392395,1.1549211740493774,1.1631964445114136,0,-0.001944386427629532,-0.005648764894055418,0,0.0,0.0,0.0017616748809814453,0.008275270462036133,0.010036945343017578,0.0,0.17551902528343355,0.824480964753376,-0.0022639036178588867,-0.001942497332747974,0,1.1686890840530395,-0.004699829677631051,1.1700679659843445,-0.005872754209250375,1.1740887641906739,-0.009277254080393926,1.1689356327056886,-0.004909755621444911,1.1632826614379883,-7.411528549794433e-05,1.1201400446891785,0.03843840769958251,1.1675929720295635,-0.0037654625568113165,1.1705010172616142,-0.006240552329177418,1.1712745835323153,-0.006896879035699799,1.1687861112443072,-0.004782454872315767,-0.0007735662707011315,0.0007741192945629686,-0.0015476855652641,0,27.743951091462066,8.128429475922708,32.71635685907516,-24.587927383152454,0,1,1,0,0,32.718259293443154,0,0,30.5541005135163,27.683760394579377,2.870340118936923,-199.30868643033287,-69.44589911726192,0.0,-0.8700690280702195,-0.9596388359731645,-0.6048602737013353,0.008225141506795071,0.00707115427054355,1.1858156582439714,1.1623618701373764,1.1740887641906739,0.019976162637724122,0.03558377719990436,0,0.02862409044717777,0.04941024461342394,0.06210141932950545,0.0746811031596939,1.1877926763162838,1.1548921102891034,0.2524070312410101,0.0,0.0,0.0,0.0,0.0,0.0,11631964444.114136,3,9,10,4,41,0,0,0,-0.587785252292473,-0.8090169943749475,-0.8660254037844386,0.5000000000000001,-0.004766464102914459,1.1654603481292725,31.84384483894644,-0.00018739398387827448,1.171028733253479,32.575096350040994,-0.0010781815879537045,1.171248197555542,45.4865517536974,-0.00015258036072495198,1.1734058856964111,49.94177729457514,-0.005925077887075215,1.1744670867919922,56.797112100242664,-0.005656694013072186,1.1702749729156494,54.17797793568188,-0.001104832032023366,0.0035289320182079454,0.06739622276215759,-0.45399302285185084,-0.006998753739016789,0.0054490527700660745,0.3333333333333333,-4.578582264246382e-05,0.003940415702234818,0.00769305639526039,-0.26792789258982136,-0.006998753739016789,0.009111157584802068,0.5,-6.827662188589125e-05,0.004704467299916906,-0.02421553515421807,1.2422749472809271,-0.013708151840823465,0.01416251795155252,0.49206349206349204
1.156644344329834,1.1629935503005981,1.1560827493667603,1.156644344329834,0,-0.005648764894055418,0.00310463988763602,3,0.0,0.0,0.00634920597076416,0.0005615949630737305,0.006910800933837891,0.0,0.9187366181830516,0.08126336734684583,-0.00655210018157959,-0.005632840619426442,0,1.1655156135559082,-0.00761145472624547,1.16910480260849,-0.010658119229164598,1.1732472419738769,-0.014151235262820583,1.1692210388183595,-0.010756473044788994,1.1635672616958619,-0.005949735518807064,1.1207201904058457,0.03205452540992737,1.1639434294629871,-0.006270996551691277,1.1683692214259556,-0.010035249970731241,1.1701908621099093,-0.011576331962200315,1.168309963522171,-0.00998503792278671,-0.0018216406839537402,0.0002549672988596268,-0.002076607982813367,0,32.071217319981706,7.173891290143061,28.87440780679085,-21.700516516647788,0,1,1,0,0,31.92689390314206,0,0,6.362319901507939,20.15759619641621,-13.795276294908273,-193.55549160721495,-93.63767972927027,0.0,-1.353278822612347,-0.8258451635377084,-1.1705258937741436,0.008076948658509504,0.006983087495656259,1.1873370877775293,1.1591573961702244,1.1732472419738769,0.02401854493814401,-0.08917953633037658,0,0.03763027693314013,0.045067677360141806,0.06478807794363542,0.07547140833942552,1.1860964764318211,1.1537886817977832,0.08838927433949045,0.0,0.0,0.0,0.0,0.0,0.0,11566443442.29834,4,10,10,4,41,0,0,0,-0.9510565162951536,0.30901699437494723,-0.8660254037844386,0.5000000000000001,-0.001944386427629532,1.1631964445114136,32.718259293443154,-0.004766464102914459,1.1654603481292725,31.84384483894644,-0.00018739398387827448,1.171028733253479,32.575096350040994,-0.0007623361800018725,1.1725116968154907,49.88399234168052,-0.006998753739016789,1.166275978088379,46.24488844054955,5.85702811199617e-05,1.1703435182571411,57.896357955645506,-0.0012822478460938085,0.0036934081630277836,0.08264486900457886,-0.7620455164441142,-0.006998753739016789,0.0054490527700660745,0.3333333333333333,-0.0003301151556706248,0.004028693343744714,0.12088500718606952,-0.37897085482475973,-0.006998753739016789,0.009111157584802068,0.4666666666666667,-0.00013644548542787326,0.004754251846712527,-0.005643700055164389,1.0930645222459914,-0.013708151840823465,0.01416251795155252,0.49206349206349204
1.160240888595581,1.1629664897918701,1.1559356451034546,1.160240888595581,0,0.00310463988763602,-0.003069907661501375,1,0.0,0.0,0.0027256011962890625,0.004305243492126465,0.007030844688415527,0.0,0.3876634001051963,0.6123365856717619,0.0035965442657470703,0.0031094642731512956,0,1.163314151763916,-0.002641817142352232,1.1680465817451477,-0.006682690032135619,1.172626829147339,-0.010562559497046431,1.169252495765686,-0.0077071524773039135,1.1637968587875367,-0.0030554905392636833,1.1213454645872116,0.03468638803405599,1.1627092491738518,-0.0021229388858928777,1.167118708682821,-0.00589299112034003,1.169453827034774,-0.007877984000244975,1.1679935292113244,-0.006637571631338157,-0.0023351183519531027,-0.0002630498313029191,-0.0020720685206501834,0,35.862446051447336,6.326626734514907,25.71133283326142,-19.384706098746513,0,1,1,0,0,27.604426157451414,0,1,19.898157032948298,18.938192482657506,0.9599645502907919,-148.942126859717,-80.10184259300613,0.0,-0.9397930330167226,-0.9038264327435819,-1.1277532502625975,0.007937468129163641,0.006841224272045319,1.1878728612593779,1.1573807970353,1.172626829147339,0.02600321215884972,0.09379789868875983,0,0.056265334109331114,0.04288061116363924,0.06507680326913991,0.07507140310139493,1.1848935448474893,1.1531436723308348,0.22353526738319485,0.0,0.0,0.0,0.0,0.0,0.0,11602408884.95581,0,13,10,4,42,0,0,0,0.0,1.0,-0.8660254037844386,0.5000000000000001,-0.005648764894055418,1.156644344329834,31.92689390314206,-0.001944386427629532,1.1631964445114136,32.718259293443154,-0.004766464102914459,1.1654603481292725,31.84384483894644,-0.0010781815879537045,1.171248197555542,45.4865517536974,0.003891255553779332,1.170823097229004,45.390902995135534,0.002671941133232542,1.1734747886657715,52.47955694656595,-0.0007686213622925318,0.0037345818861437927,-0.20798828469229702,-0.7743182642489691,-0.006998753739016789,0.0054490527700660745,0.4,-0.0002558446191275004,0.004072010487763304,0.07964682324454332,-0.49083710936003694,-0.006998753739016789,0.009111157584802068,0.4666666666666667,-6.815605155777283e-06,0.004729053885213667,-0.06650153109120459,1.1700605284704624,-0.013708151840823465,0.01416251795155252,0.5079365079365079
1.1566845178604126,1.160725712776184,1.154521107673645,1.1566845178604126,0,-0.003069907661501375,0.003058297376041747,3,0.0,0.0,0.004041194915771484,0.002163410186767578,0.0062046051025390625,0.0,0.6513218462502236,0.34867813763271555,-0.003556370735168457,-0.0030652003129856614,0,1.1604453086853028,-0.0032408170349939036,1.1664005994796753,-0.008329969757186362,1.1716423690319062,-0.012766567397674566,1.169217927455902,-0.010719481287537969,1.1639752197265625,-0.006263623006713348,1.121994784474373,0.03091790956871443,1.1607010054027054,-0.003460398175973989,1.1655134485562966,-0.007575142788839306,1.1685079522811177,-0.010118403128204667,1.1675500385701123,-0.00930625707663546,-0.0029945037248211293,-0.0008093406100065612,-0.002185163114814568,0,39.56329404849309,5.6474662070626245,25.39860782580837,-19.751141618745745,0,1,1,0,0,23.41591450102078,0,1,9.260034045127208,11.84017032652781,-2.580136281400602,-148.19600789405357,-90.73996552684328,0.0,-1.2249242897066859,-1.4030517887932303,-1.3614155037148912,0.007706419725613698,0.006662507888669994,1.1883430274776667,1.1549417105861457,1.1716423690319062,0.02850811627465193,0.052177801094169834,0,0.05446768746974501,0.040799226544650055,0.0656653182971517,0.07515017281587645,1.1832567727328895,1.1524310938304347,0.1379831415761884,0.0,0.0,0.0,0.0,0.0,0.0,11566845177.604126,1,14,10,4,42,0,0,0,0.9510565162951535,0.30901699437494745,-0.8660254037844386,0.5000000000000001,0.00310463988763602,1.160240888595581,27.604426157451414,-0.005648764894055418,1.156644344329834,31.92689390314206,-0.001944386427629532,1.1631964445114136,32.718259293443154,-0.00018739398387827448,1.171028733253479,32.575096350040994,0.0019806111702517447,1.1731443405151367,52.323250246152824,-0.0007038362821511885,1.1726491451263428,62.73565078755917,-0.001336552057730362,0.0033493890060385233,-0.24931206840586168,-0.9129285392076455,-0.006998753739016789,0.003891255553779332,0.3333333333333333,-0.0004268385421382944,0.004079113648343354,0.19516376718600845,-0.4808116754032718,-0.006998753739016789,0.009111157584802068,0.43333333333333335,-9.428217409659452e-05,0.004734015910817516,-0.01585395024088902,1.150312014720724,-0.013708151840823465,0.01416251795155252,0.49206349206349204
1.1602274179458618,1.1648223400115967,1.1602543592453003,1.1602274179458618,0,0.003058297376041747,0.003789498902146494,3,0.0,0.0,0.004594922065734863,-2.6941299438476562e-05,0.004567980766296387,0.0,1.0058978354391226,-0.005897857330632811,0.0035429000854492188,0.003062978738313565,0,1.1593987226486206,0.0007147629033750214,1.16506484746933,-0.004152068988743762,1.17029669880867,-0.008604041156569986,1.169264142513275,-0.007728557079682896,1.1642403960227967,-0.00344686388678761,1.1226432478427888,0.03347828446119894,1.160543142917091,-0.00027204940473679606,1.1647002130777682,-0.0038402974270115298,1.167894579367395,-0.006564943151829428,1.1672628769770046,-0.006027313357862107,-0.003194366289626771,-0.0012863457459306032,-0.0019080205436961678,0,38.222104461506035,11.893515513601553,21.849046615963672,-9.95553110236212,0,1,1,0,0,33.494630740593166,0,0,24.424691959011966,17.860961012362484,6.563730946649482,-89.69086540223249,-75.57530761295851,0.0,-0.4490011343423417,-1.1381809420336397,-1.3725487016902238,0.007763940049023083,0.006691739850536947,1.1860494893628009,1.1545439082545392,1.17029669880867,0.026921020231571485,0.18039691614488335,0,0.061510015030478024,0.045985300554308044,0.06558361055861116,0.07533523614161808,1.182646430966775,1.151590670770683,0.2781045156465135,0.0,0.0,0.0,0.0,0.0,0.0,11602274178.458618,2,15,10,4,42,0,0,0,0.5877852522924732,-0.8090169943749473,-0.8660254037844386,0.5000000000000001,-0.003069907661501375,1.1566845178604126,23.41591450102078,0.00310463988763602,1.160240888595581,27.604426157451414,-0.005648764894055418,1.156644344329834,31.92689390314206,-0.004766464102914459,1.1654603481292725,31.84384483894644,0.00037549924772429627,1.1735849380493164,52.60877372355077,0.0031711723364202106,1.1763737201690674,64.11334645190423,-0.0012082362392878971,0.0034849058936931958,-0.21290770360632463,-1.0524607197982203,-0.006998753739016789,0.003891255553779332,0.3333333333333333,-9.682793709889412e-05,0.003940332017471153,0.13166868083998606,-0.43117118167661267,-0.006998753739016789,0.009111157584802068,0.4666666666666667,-1.80584271144713e-05,0.004745673804548728,-0.05992386461771394,1.1138063588296099,-0.013708151840823465,0.01416251795155252,0.5079365079365079
1.1646324396133423,1.1678286790847778,1.1643340587615967,1.1646324396133423,0,0.003789498902146494,0.004564146105032233,3,0.0,0.0,0.003196239471435547,0.00029838085174560547,0.0034946203231811523,0.0,0.9146170640547023,0.08538290732988661,0.004405021667480469,0.003796688131107712,0,1.1596859216690063,0.004265394406780754,1.164187502861023,0.00038218641858600577,1.1693966150283814,-0.00407404592539895,1.169230456352234,-0.00393251545366291,1.1646530377864837,-1.7686188479637543e-05,1.1232732236385345,0.0368202633168393,1.1619062418158415,0.0023463147017832586,1.1646897863909333,-4.923789858568561e-05,1.1676529393856132,-0.002586813059025528,1.1671597225705865,-0.0021653275110123937,-0.002963152994679863,-0.0016217071956804554,-0.0013414457989994076,0,34.468679066933326,15.51396519269994,18.988890646902302,-3.4749254542023618,0,1,1,0,0,47.91166008974086,0,0,43.27948466540058,25.65473688984658,17.624747775554003,-40.99102561166317,-56.7205149065699,0.0,0.12345250096872373,-0.7476906490767932,-1.8960162410670112,0.007742249527675474,0.0066478051475031205,1.184210430919511,1.154582799137252,1.1693966150283814,0.02533582823737383,0.3391982361610233,0,0.06845425602475098,0.05220415794300538,0.05771424093243286,0.07567511474210162,1.1823662774235668,1.151397279312865,0.42736804756905683,0.0,0.0,0.0,0.0,0.0,0.0,11646324395.133423,3,16,10,4,42,0,0,0,-0.587785252292473,-0.8090169943749475,-0.8660254037844386,0.5000000000000001,0.003058297376041747,1.1602274179458618,33.494630740593166,-0.003069907661501375,1.1566845178604126,23.41591450102078,0.00310463988763602,1.160240888595581,27.604426157451414,-0.001944386427629532,1.1631964445114136,32.718259293443154,-0.00015258036072495198,1.1734058856964111,49.94177729457514,0.009111157584802068,1.1871408224105835,70.70626103452233,-0.0005605977866731165,0.003448200308697424,-0.41622030677343796,-0.7455001743528089,-0.006998753739016789,0.003891255553779332,0.4,-4.0400040312533144e-05,0.003984698711436942,0.1099118642514734,-0.5325966899255589,-0.006998753739016789,0.009111157584802068,0.4666666666666667,2.1246158360562883e-05,0.0047670841439018735,-0.07654161648670886,1.0470729241189851,-0.013708151840823465,0.01416251795155252,0.5079365079365079
1.1699601411819458,1.1728416681289673,1.165813684463501,1.1699601411819458,0,0.004564146105032233,-0.003608682608285511,1,0.0,0.0,0.0028815269470214844,0.004146456718444824,0.007027983665466309,0.0,0.41000762710644856,0.5899923586647196,0.005327701568603516,0.0045745776838526445,0,1.1623490810394288,0.006547998502356878,1.1639323472976684,0.005178817993807261,1.1689393103122712,0.000873296637885046,1.1692763590812683,0.0005847907513980566,1.164974262714386,0.0042798184704224695,1.1239502537250519,0.04093587523140996,1.1645908749378764,0.004610431233109891,1.1655006102049352,0.0038262793151553343,1.1678238432223784,0.0018292980330747444,1.1672695429082869,0.002305035876053685,-0.0023232330174431937,-0.0017620123600330033,-0.0005612206574101904,0,31.81790614225767,21.90242605388912,16.325745453246103,5.576680600643016,0,0,1,0,0,48.92482370173853,0,0,66.08361964142136,44.5959320886113,21.487687552810065,8.91367484865368,-33.91637993054912,0.0,1.1512438475482334,-0.21761451424960887,-1.0716732989579092,0.007804513392735412,0.006670751521657712,1.1830385204494762,1.154840100175066,1.1689393103122712,0.024123083228730545,0.5362017022982264,0,0.04854249846300103,0.05862340110043032,0.0596768848291765,0.0754313590196822,1.1827839825645179,1.1515659289935765,0.5892171364126761,0.0,0.0,0.0,0.0,0.0,0.0,11699601410.819458,4,17,10,4,42,0,0,0,-0.9510565162951536,0.30901699437494723,-0.8660254037844386,0.5000000000000001,0.003789498902146494,1.1646324396133423,47.91166008974086,0.003058297376041747,1.1602274179458618,33.494630740593166,-0.003069907661501375,1.1566845178604126,23.41591450102078,-0.005648764894055418,1.156644344329834,31.92689390314206,-0.0007623361800018725,1.1725116968154907,49.88399234168052,-0.0038034942077854283,1.1826341152191162,63.13696570142119,0.0002102622029301515,0.003188830576065687,-0.3601421371038098,-0.8086773835715914,-0.005648764894055418,0.004564146105032233,0.4666666666666667,0.00012184381022136688,0.004071769911942698,0.028302638794617398,-0.7124462014257055,-0.006998753739016789,0.009111157584802068,0.5,6.8702846167319485e-06,0.004751728976707333,-0.07846941443473285,1.0846529894761583,-0.013708151840823465,0.01416251795155252,0.5079365079365079
1.165745735168457,1.1676785945892334,1.1645375490188599,1.165745735168457,0,-0.003608682608285511,-0.0011185328701258219,1,0.0,0.0,0.0019328594207763672,0.001208186149597168,0.003141045570373535,0.0,0.6153554018673375,0.3846445662961308,-0.0042144060134887695,-0.0036021791382319836,0,1.163450050354004,0.001973169981433376,1.16338210105896,0.002031691915444167,1.1685418426990508,-0.0023928177222102276,1.1692953681945801,-0.003035702716671418,1.1652784049510956,0.0004010458919823101,1.1246216315031052,0.03656705723037801,1.16497582834807,0.0006608778496397516,1.1655383217377846,0.00017795496448824721,1.1676699092924583,-0.0016478751473543163,1.167209785742019,-0.001254316654401344,-0.002131587554673686,-0.00183592739896114,-0.00029566015571254626,0,28.577260498999294,19.78730861919314,17.021815624012955,2.7654929951801854,0,0,1,0,0,41.19719371213889,0,0,48.04471818685986,52.469274164560595,-4.424555977700734,-29.158428988669563,-51.955281385110624,0.0,0.474457212031143,-0.46979473680889283,-1.133104035361221,0.007486923895448815,0.006422433013426095,1.182524264723634,1.1545594206744676,1.1685418426990508,0.023931401533881944,0.40001347528778813,0,0.06275498013851506,0.06099168315941132,0.06003909936737968,0.07537073005391036,1.1820126873213173,1.152064991739522,0.4568212384117194,0.0,0.0,0.0,0.0,0.0,0.0,11657457350.68457,0,20,10,4,43,0,0,0,0.0,1.0,-0.8660254037844386,0.5000000000000001,0.004564146105032233,1.1699601411819458,48.92482370173853,0.003789498902146494,1.1646324396133423,47.91166008974086,0.003058297376041747,1.1602274179458618,33.494630740593166,0.00310463988763602,1.160240888595581,27.604426157451414,-0.0010781815879537045,1.171248197555542,45.4865517536974,-0.002987527682998781,1.1791062355041504,58.615001162177805,-0.000289733674540838,0.003158273211059162,-0.09398559062000147,-0.972018543684699,-0.005648764894055418,0.004564146105032233,0.4,-0.00015892135986392148,0.004027205175495218,0.1659067315786668,-0.6240559178582024,-0.006998753739016789,0.009111157584802068,0.4666666666666667,-0.00011085477089945002,0.0047479097108578255,-0.01772224916115732,1.0910342348612005,-0.013708151840823465,0.01416251795155252,0.49206349206349204
1.164442539215088,1.1656370162963867,1.1598505973815918,1.164442539215088,0,-0.0011185328701258219,-0.0037888849174725417,1,0.0,0.0,0.0011944770812988281,0.004591941833496094,0.005786418914794922,0.0,0.2064276849368749,0.7935722977812796,-0.0013031959533691406,-0.0011179075453096386,0,1.1650016546249389,-0.00047992679459585297,1.1627234816551208,0.0014784748798331027,1.1677585661411285,-0.0028396512103648908,1.1693473196029662,-0.004194459939519279,1.165469387769699,-0.0008810601679449803,1.1252950435876847,0.03478865009403531,1.1647980653037426,-0.00030522560022583356,1.165369739811216,-0.000795627914792707,1.1674308448422825,-0.002559728261542049,1.1671012662703748,-0.0022780603807889266,-0.0020611050310666013,-0.0018809629253822321,-0.00018014210568436913,0,26.738113925568037,17.649320988052935,23.773066399706927,-6.123745411653992,0,0,1,0,0,39.34122620073,0,0,46.370149768792196,53.49949586569113,-7.129346096898935,-55.300402905184704,-53.629849763834216,0.0,0.6707119560159569,-0.5624280473539356,-0.7883263989807543,0.007274685747637671,0.006247354851804504,1.180731573097365,1.154785559184892,1.1677585661411285,0.022218645756537016,0.37219512891473544,0,0.056058316551437656,0.06104957939044291,0.05825979383448314,0.07513188581279655,1.1813409443289966,1.152242201338446,0.41927370672597286,0.0,0.0,0.0,0.0,0.0,0.0,11644425391.150879,1,21,10,4,43,0,0,0,0.9510565162951535,0.30901699437494745,-0.8660254037844386,0.5000000000000001,-0.003608682608285511,1.165745735168457,41.19719371213889,0.004564146105032233,1.1699601411819458,48.92482370173853,0.003789498902146494,1.1646324396133423,47.91166008974086,-0.003069907661501375,1.1566845178604126,23.41591450102078,-0.00018739398387827448,1.171028733253479,32.575096350040994,-0.00459975736938313,1.1736950874328613,51.7355785837927,-0.0004963432772326758,0.0030999744806918996,0.09773406281205557,-0.7929374490490674,-0.005648764894055418,0.004564146105032233,0.3333333333333333,-0.0003550989803632046,0.003920928196459377,0.2669356165603544,-0.38035675933495877,-0.006998753739016789,0.009111157584802068,0.43333333333333335,-0.00017600988915345765,0.004732863937903847,0.019936060366122357,1.1419280434208308,-0.013708151840823465,0.01416251795155252,0.47619047619047616
1.160038948059082,1.1616560220718384,1.1577692031860352,1.160038948059082,0,-0.0037888849174725417,0.0006962863606300936,2,0.0,0.0,0.0016170740127563477,0.002269744873046875,0.0038868188858032227,0.0,0.4160404738843722,0.5839595003876481,-0.004403591156005859,-0.0037817161494254604,0,1.164963960647583,-0.004227609483593353,1.1621813416481017,-0.001843424612029354,1.166688185930252,-0.005699241708956193,1.1691939806938172,-0.007830208575414832,1.1656853127479554,-0.004843815673613028,1.1259730225801468,0.0302546550341396,1.1632116928888558,-0.0027275731054778873,1.1645496180031953,-0.003873317181160796,1.1668832969324159,-0.0058654957104452565,1.1668243126150302,-0.005815241062435139,-0.0023336789292205395,-0.001971506126149894,-0.0003621728030706456,0,26.235611945742363,15.466547016120261,24.69031737690463,-9.22377036078437,0,0,1,0,0,35.813439287155134,0,0,26.092470958263142,40.16911297130506,-14.07664201304192,-92.07436629683723,-73.90752856886215,0.0,-0.01624421935428888,-0.46517241696747424,-1.7006173263522162,0.00719450578515968,0.006201951922887559,1.1783747691780078,1.1550016026824963,1.166688185930252,0.02003377318411057,0.2155183105379095,1,0.06340659201654439,0.05933863107489509,0.055335551294141444,0.07543177260880723,1.1805374772826462,1.1517594541420075,0.28770196784686247,0.0,0.0,0.0,0.0,0.0,0.0,11600389479.59082,2,22,10,4,43,0,0,0,0.5877852522924732,-0.8090169943749473,-0.8660254037844386,0.5000000000000001,-0.0011185328701258219,1.164442539215088,39.34122620073,-0.003608682608285511,1.165745735168457,41.19719371213889,0.004564146105032233,1.1699601411819458,48.92482370173853,0.003058297376041747,1.1602274179458618,33.494630740593166,-0.004766464102914459,1.1654603481292725,31.84384483894644,0.0054490527700660745,1.1801080703735352,63.98000656020907,-0.0007739688882457983,0.003201142277143405,0.29842733952109424,-0.9608248018592641,-0.005648764894055418,0.004564146105032233,0.26666666666666666,-0.0002928386771765498,0.003847992514430913,0.30076232331380265,-0.2999444926589834,-0.006998753739016789,0.009111157584802068,0.43333333333333335,-0.00021168688072436474,0.004751755030373281,0.03603599986440364,1.0806677722281464,-0.013708151840823465,0.01416251795155252,0.47619047619047616
1.1608469486236572,1.1621150970458984,1.1586410999298096,1.1608469486236572,0,0.0006962863606300936,0.0008245819701882889,2,0.0,0.0,0.001268148422241211,0.0022058486938476562,0.003473997116088867,0.0,0.3650401377318694,0.6349598334828456,0.0008080005645751953,0.0006965288241894359,0,1.164206862449646,-0.002886011098260033,1.1619463920593263,-0.0009462084852519537,1.1660071790218354,-0.004425556369270778,1.1689851331710814,-0.006961752049533532,1.1658717381954193,-0.004309899199639866,1.126644630432129,0.030357680820237043,1.1624234448004565,-0.0013562151414919787,1.1639799765601895,-0.0026916511446544167,1.1664361600206559,-0.004791699441502706,1.166589906183996,-0.004922859035041749,-0.002456183460466388,-0.002068441593013193,-0.0003877418674531948,0,25.408858748505835,15.310824268073189,22.982972211162963,-7.672147943089774,0,0,1,0,0,37.59731176489067,0,0,33.94226630288772,35.46829567664768,-1.526029373759961,-74.95457518112607,-66.05773316054699,0.0,-0.32503739900477946,-0.2019861648342003,-1.7435916684727992,0.006698437962616905,0.005770302424433978,1.1773679650352367,1.154646393008434,1.1660071790218354,0.019486648481800144,0.2728928958181072,1,0.05489098872562258,0.058976388055582585,0.05516181946620852,0.07545183740509032,1.1790404352481636,1.1522466833976959,0.32098025098762717,0.0,0.0,0.0,0.0,0.0,0.0,11608469485.236572,3,23,10,4,43,0,0,0,-0.587785252292473,-0.8090169943749475,-0.8660254037844386,0.5000000000000001,-0.0037888849174725417,1.160038948059082,35.813439287155134,-0.0011185328701258219,1.164442539215088,39.34122620073,-0.003608682608285511,1.165745735168457,41.19719371213889,0.003789498902146494,1.1646324396133423,47.91166008974086,-0.001944386427629532,1.1631964445114136,32.718259293443154,0.001133560099404778,1.1814465522766113,63.2936905029122,-0.0007173777734887953,0.0032203577305710165,0.2395320060434286,-1.0479349876933246,-0.005648764894055418,0.004564146105032233,0.3333333333333333,-0.000271581474526212,0.00385176032021403,0.28273889761282306,-0.31902117641499966,-0.006998753739016789,0.009111157584802068,0.43333333333333335,-0.00020156661973044456,0.004753018993732143,0.029523191207529664,1.0758937748854294,-0.013708151840823465,0.01416251795155252,0.47619047619047616
1.1618045568466187,1.164768099784851,1.1601735353469849,1.1618045568466187,0,0.0008245819701882889,0.0011740581594156239,3,0.0,0.0,0.002963542938232422,0.001631021499633789,0.004594564437866211,0.0,0.6450106237072771,0.3549893545278747,0.0009576082229614258,0.000824922031293022,0,1.1625757455825805,-0.000663345024034534,1.1624624133110046,-0.0005659164174226516,1.1657836079597472,-0.003413198800891526,1.1689185333251952,-0.006085947288157922,1.1660359489917755,-0.003628869460202133,1.1273002356290818,0.0306079250442286,1.162217148815844,-0.0003550042860838154,1.1636452966042554,-0.0015818736713414383,1.1660930783040604,-0.003677683743146032,1.1664022454256675,-0.0039417693996094405,-0.002447781699804974,-0.0021443096143715494,-0.0003034720854334246,0,22.495284962053294,19.361018210214535,20.78918309378257,-1.4281648835680336,0,0,1,0,0,39.89318829496734,0,0,39.755602187934876,33.263446483028574,6.492155704906303,-46.92010904150058,-60.244397266230294,0.0,-0.6970822379545383,0.44613649321689763,-1.0781511110678044,0.006417921492650146,0.005524097365840364,1.1772970831707592,1.1542701327487352,1.1657836079597472,0.01975233676543839,0.32720025566030386,1,0.035503089887322,0.05059423882811755,0.05219373292322604,0.07030044723134096,1.178113783024772,1.1524420970541713,0.3646998396092579,0.0,0.0,0.0,0.0,0.0,0.0,11618045567.466187,4,24,10,4,43,0,0,0,-0.9510565162951536,0.30901699437494723,-0.8660254037844386,0.5000000000000001,0.0006962863606300936,1.1608469486236572,37.59731176489067,-0.0037888849174725417,1.160038948059082,35.813439287155134,-0.0011185328701258219,1.164442539215088,39.34122620073,0.004564146105032233,1.1699601411819458,48.92482370173853,-0.005648764894055418,1.156644344329834,31.92689390314206,-0.005925077887075215,1.1744670867919922,56.797112100242664,-0.0006115832301427845,0.0032447494520450896,0.13011002319457907,-1.1556796696590124,-0.005648764894055418,0.004564146105032233,0.4,-0.0003331601132943538,0.003817695461470534,0.32616598878868086,-0.2023050367842418,-0.006998753739016789,0.009111157584802068,0.43333333333333335,2.911169473005946e-05,0.0044285119150177955,0.3477553289783528,0.8250978584673507,-0.010582197162933812,0.01416251795155252,0.49206349206349204
1.1631693840026855,1.164958119392395,1.1618720293045044,1.1631693840026855,0,0.0011740581594156239,0.001722954597345136,3,0.0,0.0,0.0017887353897094727,0.0012973546981811523,0.003086090087890625,0.0,0.5796121567439,0.42038781085264,0.0013648271560668945,0.00117474763539734,0,1.1620604753494264,0.0009542606229941963,1.162755262851715,0.0003561549572514977,1.1654009222984314,-0.0019148246349018905,1.1687687468528747,-0.004790821935295009,1.166259801387787,-0.0026498533870060736,1.1279684484004975,0.031207376012142518,1.1625345605447912,0.0005460683745541761,1.163572079280937,-0.0003460854599275365,1.1658765083558105,-0.0023219650052906937,1.1662754665463348,-0.002663249577375515,-0.002304429074873493,-0.002176333506471938,-0.00012809556840155494,0,19.815298157800715,18.42377342783359,19.328075141811194,-0.9043017139776026,0,0,1,0,0,41.79001015951001,0,0,47.20530413316494,40.301057541329165,6.904246591835772,-27.682918929956617,-52.794695321000226,0.0,-0.22100455425635435,0.2524040857281973,-0.26636869352186787,0.0059826736330669756,0.005143424263768982,1.1767162056547409,1.154085638942122,1.1654009222984314,0.019418696413972772,0.4013927329252077,1,0.03289022562360446,0.04864335670109377,0.046803943398208925,0.06986529704982082,1.1770424724449593,1.1531117779126916,0.4202805745735631,0.0,0.0,0.0,0.0,0.0,0.0,11631693839.026855,0,27,10,4,44,0,0,0,0.0,1.0,-0.8660254037844386,0.5000000000000001,0.0008245819701882889,1.1618045568466187,39.89318829496734,0.0006962863606300936,1.1608469486236572,37.59731176489067,-0.0037888849174725417,1.160038948059082,35.813439287155134,-0.003608682608285511,1.165745735168457,41.19719371213889,0.00310463988763602,1.160240888595581,27.604426157451414,-0.006998753739016789,1.166275978088379,46.24488844054955,-0.000461433913651496,0.0032735980093731615,-0.018573693141643782,-1.2517967752905612,-0.005648764894055418,0.004564146105032233,0.4666666666666667,-0.0002705636319087934,0.003826792647196261,0.2735539746399024,-0.2535175377726199,-0.006998753739016789,0.009111157584802068,0.4666666666666667,0.0001105768948848895,0.004401100030178107,0.3096169021255228,0.8864744062504949,-0.010582197162933812,0.01416251795155252,0.5079365079365079
1.165175199508667,1.1668611764907837,1.1627906560897827,1.165175199508667,0,0.001722954597345136,0.0005245090468156377,2,0.0,0.0,0.0016859769821166992,0.0023845434188842773,0.0040705204010009766,0.0,0.4141919888874415,0.5858079865456758,0.0020058155059814453,0.0017244397362889757,0,1.162207007408142,0.002553927124298472,1.1636043310165405,0.0013500021872721035,1.165002465248108,0.00014826935195144664,1.1687355732917786,-0.0030463468077548406,1.1664835047721862,-0.0011215806807851614,1.1286433494091035,0.03236793094599166,1.1634147735327498,0.0015131541354080902,1.1638187131621263,0.0011655477189729258,1.1658245595523182,-0.0005569964522319504,1.1662323188193675,-0.0009064398178230126,-0.0020058463901919676,-0.002142236083215944,0.00013638969302397653,1,18.420581253069976,21.108061137972307,17.496623265944212,3.6114378720280946,0,0,1,0,0,49.678174690492135,0,0,58.15374372880133,48.37155001663371,9.782193712167619,1.592063962260753,-41.84625572536384,0.0,0.06291940296796472,0.7340533669422777,-0.48238694075166677,0.005727719868791509,0.004915758480540273,1.1757148225245821,1.1542901079716337,1.165002465248108,0.018390274003880908,0.5080623809164856,1,0.03530807535508461,0.0453148386325823,0.04502737609364482,0.06646231666073019,1.1765419053287742,1.1536310258536082,0.5038730013478815,0.0,0.0,0.0,0.0,0.0,0.0,11651751994.08667,1,28,10,4,44,0,0,0,0.9510565162951535,0.30901699437494745,-0.8660254037844386,0.5000000000000001,0.0011740581594156239,1.1631693840026855,41.79001015951001,0.0008245819701882889,1.1618045568466187,39.89318829496734,0.0006962863606300936,1.1608469486236572,37.59731176489067,-0.0011185328701258219,1.164442539215088,39.34122620073,-0.003069907661501375,1.1566845178604126,23.41591450102078,0.003891255553779332,1.170823097229004,45.390902995135534,-0.00033407734156993527,0.003321825819105742,-0.12716964596565145,-1.3618664946749994,-0.005648764894055418,0.004564146105032233,0.5333333333333333,-0.0003188375565446292,0.0037908445709644617,0.3000676917455016,-0.14409679007100074,-0.006998753739016789,0.009111157584802068,0.4666666666666667,0.0003058967640956664,0.004186732415274211,0.4934531277657794,0.9108412187052979,-0.007814853701171973,0.01416251795155252,0.5238095238095238
1.1657865047454834,1.1665889024734497,1.1619800329208374,1.1657865047454834,0,0.0005245090468156377,-0.004687056236158633,1,0.0,0.0,0.0008023977279663086,0.003806471824645996,0.004608869552612305,0.0,0.17409859432919958,0.8259013839735064,0.0006113052368164062,0.0005246466256934732,0,1.1633565187454225,0.0020887714648925026,1.1641602396965027,0.0013969425285174086,1.1646125435829162,0.0010080271494026238,1.1687662482261658,-0.0025494777804798696,1.1667039096355438,-0.0007863220328698795,1.1293335884809494,0.03227825377118054,1.1642053506036611,0.001358140160467869,1.1641214503287967,0.0014303097980656876,1.1658217406777378,-3.022420239895407e-05,1.1662148359145093,-0.00036728333047941764,-0.001700290348941147,-0.0020538469363609846,0.0003535565874198377,0,16.433373785274416,18.782857681304137,17.506725333426367,1.2761323478777697,0,0,1,0,0,53.03645474352769,0,0,61.49046061020056,55.6165028240556,5.873957786144956,7.695396067858258,-38.509538843964606,0.0,0.49546238908770857,0.4791376857361085,-0.6271892993510497,0.005578539826634282,0.004785215649218445,1.17454917907132,1.1546759080945124,1.1646125435829162,0.01706427694309507,0.5590723644854423,1,0.007535798428169682,0.0434171430061403,0.04440475255713133,0.0664438379573335,1.1763102156401066,1.1539960563335696,0.5283841616933028,0.0,0.0,0.0,0.0,0.0,0.0,11657865046.454834,2,29,10,4,44,0,0,0,0.5877852522924732,-0.8090169943749473,-0.8660254037844386,0.5000000000000001,0.001722954597345136,1.165175199508667,49.678174690492135,0.0011740581594156239,1.1631693840026855,41.79001015951001,0.0008245819701882889,1.1618045568466187,39.89318829496734,-0.0037888849174725417,1.160038948059082,35.813439287155134,0.003058297376041747,1.1602274179458618,33.494630740593166,0.0019806111702517447,1.1731443405151367,52.323250246152824,1.8654201745404512e-05,0.003090402191510723,-0.309937077159581,-0.9518547175794484,-0.005648764894055418,0.004564146105032233,0.6,-0.0006050591744775103,0.003353193613945414,-0.11251589551875682,-0.8723293155426519,-0.006998753739016789,0.0054490527700660745,0.4666666666666667,0.00032202196012524,0.0041855683663756735,0.4820457344596529,0.9073164041048695,-0.007814853701171973,0.01416251795155252,0.5396825396825397
1.1603351831436157,1.1634671688079834,1.1547610759735107,1.1603351831436157,0,-0.004687056236158633,-0.00266525736380437,1,0.0,0.0,0.0031319856643676758,0.0055741071701049805,0.008706092834472656,0.0,0.3597464083993707,0.6402535801144207,-0.005451321601867676,-0.0046760891288497195,0,1.163254165649414,-0.002509324867895679,1.16373051404953,-0.002917626516303562,1.1639590084552764,-0.0031133617120749912,1.1686694478988648,-0.007131413308972934,1.1667979276180267,-0.005538872173908027,1.1299249231815338,0.02691352251418988,1.162915294783646,-0.0022186583591958797,1.1635389476849227,-0.002753465749819717,1.1654153290085436,-0.00435908627425885,1.165984261296043,-0.004844900947173603,-0.0018763813236208904,-0.002018353813812966,0.0001419724901920755,0,18.662913227252787,14.40335146008292,28.691372561293733,-14.288021101210813,0,0,1,0,0,54.441589397435514,0,0,31.73524877917378,50.45981770605855,-18.72456892688477,-83.01267641202476,-68.26475067499139,0.0,-0.044085525714498974,-0.3689796302731585,-1.128998377205137,0.0063047916860127316,0.005433595203403413,1.1731520289941215,1.1547659879164314,1.1639590084552764,0.01579612421275143,0.30290344579136935,1,0.041419720338712225,0.04608459083107422,0.04683170580485816,0.06095282475246746,1.1773038667071283,1.1520846999630774,0.327151298516612,0.0,0.0,0.0,0.0,0.0,0.0,11603351830.436157,3,30,10,4,44,0,0,0,-0.587785252292473,-0.8090169943749475,-0.8660254037844386,0.5000000000000001,0.0005245090468156377,1.1657865047454834,53.03645474352769,0.001722954597345136,1.165175199508667,49.678174690492135,0.0011740581594156239,1.1631693840026855,41.79001015951001,0.0006962863606300936,1.1608469486236572,37.59731176489067,0.003789498902146494,1.1646324396133423,47.91166008974086,0.00037549924772429627,1.1735849380493164,52.60877372355077,-0.00016419045215653553,0.0032895603220647065,-0.2881110255893421,-1.2423602859098979,-0.005648764894055418,0.004564146105032233,0.6,-0.0006345112420899503,0.0033859751592170218,-0.11491340750593171,-0.915731514196077,-0.006998753739016789,0.0054490527700660745,0.4666666666666667,2.2822369844110625e-05,0.003839667047665024,0.04918146767734924,-0.3926920168203735,-0.007814853701171973,0.009111157584802068,0.5238095238095238
1.157246708869934,1.1577826738357544,1.152379035949707,1.157246708869934,0,-0.00266525736380437,-0.003846199871322598,1,0.0,0.0,0.0005359649658203125,0.004867672920227051,0.005403637886047363,0.0,0.09918594976277427,0.9008140317311748,-0.0030884742736816406,-0.0026617087185515486,0,1.1623425960540772,-0.00438415257343594,1.162459170818329,-0.004483995807162078,1.1631957590579987,-0.005114401631218901,1.168588275909424,-0.009705357628796207,1.1667701399326325,-0.008162217077677392,1.1305081892013549,0.023651769904562414,1.1610257661457422,-0.0032549298092047207,1.1625709109441553,-0.004579679504830625,1.1648102460353134,-0.006493364297295745,1.1656416121812936,-0.007201959266819324,-0.0022393350911580345,-0.0020625500692819797,-0.00017678502187605484,1,21.654434193214144,12.061677521807605,28.89431014582782,-16.832632624020214,0,0,1,0,0,46.3521666109099,0,0,23.78810728647381,39.00460555861604,-15.216498272142232,-146.40092470249868,-76.2118922248305,0.0,-0.3923076346899146,-1.086655165804884,-1.3771174172086842,0.00652497242039886,0.0056383590204432225,1.1719218327656475,1.1544696853503498,1.1631957590579987,0.015003620222902839,0.1591221663207978,1,0.04390956238200019,0.03799228613714978,0.04737506939766282,0.06118815548608222,1.177034935369694,1.1509350456880987,0.24182719676793962,0.0,0.0,0.0,0.0,0.0,0.0,11572467087.69934,4,31,10,4,44,0,1,0,-0.9510565162951536,0.30901699437494723,-0.8660254037844386,0.5000000000000001,-0.004687056236158633,1.1603351831436157,54.441589397435514,0.0005245090468156377,1.1657865047454834,53.03645474352769,0.001722954597345136,1.165175199508667,49.678174690492135,0.0008245819701882889,1.1618045568466187,39.89318829496734,0.004564146105032233,1.1699601411819458,48.92482370173853,-0.00015258036072495198,1.1734058856964111,49.94177729457514,3.471004986020099e-05,0.003012809051335243,-0.15385097615079507,-1.3186893796341717,-0.004687056236158633,0.004564146105032233,0.6,-0.0006237688981168034,0.0033787560814863924,-0.12141392726124574,-0.897713380701813,-0.006998753739016789,0.0054490527700660745,0.4666666666666667,-1.598810196883085e-05,0.00385449149045062,0.07416855997520798,-0.4281602870581082,-0.007814853701171973,0.009111157584802068,0.5238095238095238
1.1528042554855347,1.1542012691497803,1.1506155729293823,1.1528042554855347,0,-0.003846199871322598,-0.000772136025743686,2,0.0,0.0,0.0013970136642456055,0.0021886825561523438,0.0035856962203979492,0.0,0.38960735640060046,0.6103926157108136,-0.004442453384399414,-0.0038388127181226933,0,1.160269570350647,-0.0064341211346365945,1.1611650228500365,-0.007200326654053568,1.1622735619544984,-0.008147227019622894,1.1682251572608948,-0.013200282307048616,1.1667414975166321,-0.011945441350605823,1.1310671305656432,0.019218244638670612,1.1582852625923397,-0.004732001160115629,1.161068348565906,-0.007117662960898774,1.1639209134019963,-0.009551042418349476,1.1651381864285189,-0.010585809636651455,-0.002852564836090421,-0.002220553022643668,-0.0006320118134467531,0,24.970893192430825,10.430825442308283,28.58324318309755,-18.152417740789268,0,0,1,0,0,45.37255397161949,0,0,9.847355222098836,21.790237095915472,-11.942881873816637,-190.22141311421967,-90.15264432797957,0.0,-0.8911108441904236,-1.1101460028976384,-1.6807884632179748,0.006539127556419247,0.005672365906645513,1.1713093778464103,1.1532377460625864,1.1622735619544984,0.015548518329780698,-0.02398735099511398,1,0.04425314132242165,0.038448689826807096,0.04864614296511666,0.061661768745432034,1.1759984137328432,1.149841903507166,0.11325486242178587,0.0,0.0,0.0,0.0,0.0,0.0,11528042553.855347,0,3,11,4,45,0,0,0,0.0,1.0,-0.5000000000000004,0.8660254037844384,-0.00266525736380437,1.157246708869934,46.3521666109099,-0.004687056236158633,1.1603351831436157,54.441589397435514,0.0005245090468156377,1.1657865047454834,53.03645474352769,0.0011740581594156239,1.1631693840026855,41.79001015951001,-0.003608682608285511,1.165745735168457,41.19719371213889,-0.0007623361800018725,1.1725116968154907,49.88399234168052,-0.00042867926740370693,0.003041314389659042,0.12620584636527993,-1.3446159474979225,-0.004687056236158633,0.004564146105032233,0.5333333333333333,-0.000598650314848119,0.003350864200645845,-0.11970408848356495,-0.8595651671875162,-0.006998753739016789,0.0054490527700660745,0.4666666666666667,-7.023737941354983e-05,0.0038843263214473427,0.09979646003680576,-0.489396637636328,-0.007814853701171973,0.009111157584802068,0.5238095238095238
1.1519144773483276,1.1532961130142212,1.1473548412322998,1.1519144773483276,0,-0.000772136025743686,-0.0029215895313422433,1,0.0,0.0,0.0013816356658935547,0.004559636116027832,0.005941271781921387,0.0,0.2325488032449272,0.7674511799236601,-0.0008897781372070312,-0.0007718380053646604,0,1.1576174259185792,-0.00492645371611744,1.1599122166633606,-0.006895124733964808,1.1613178491592406,-0.008097156103224479,1.1680265474319458,-0.013794267106054359,1.1667092967033386,-0.012680810460281022,1.1316186952590943,0.0179351773459282,1.1561616675110025,-0.0036735262737527252,1.1596600606862784,-0.006679184443671438,1.1630315477683912,-0.009558700742416715,1.1646196096018446,-0.010909255045748023,-0.0033714870821128784,-0.0024507398345375102,-0.0009207472475753682,0,29.016719297271553,9.151609831465564,31.808558699325825,-22.65694886786026,0,0,1,0,0,39.41660202485782,0,0,17.890167797756956,17.17521010210986,0.7149576956470938,-195.45017121596499,-82.10983180988349,0.0,-1.1380882605406595,-1.0758849359114753,-1.6506936998976762,0.006459413453152866,0.005607546028470348,1.1704968666782454,1.152138831640236,1.1613178491592406,0.015807933245596244,-0.012221040553721465,1,0.034170614714409124,0.03848744279462882,0.04863621201090688,0.05986264164143333,1.1747908254051982,1.148953171592587,0.1146120218869916,0.0,0.0,0.0,0.0,0.0,0.0,11519144772.483276,1,4,11,4,45,0,0,0,0.9510565162951535,0.30901699437494745,-0.5000000000000004,0.8660254037844384,-0.003846199871322598,1.1528042554855347,45.37255397161949,-0.00266525736380437,1.157246708869934,46.3521666109099,-0.004687056236158633,1.1603351831436157,54.441589397435514,0.001722954597345136,1.165175199508667,49.678174690492135,-0.0011185328701258219,1.164442539215088,39.34122620073,-0.0010781815879537045,1.171248197555542,45.4865517536974,-0.00027549449168652764,0.0029554332111366025,0.016638968419848625,-1.1497537404265439,-0.004687056236158633,0.004564146105032233,0.5333333333333333,-0.0008060232747084444,0.0031501817911313767,-0.19358137952234844,-0.831997434321099,-0.006998753739016789,0.004564146105032233,0.43333333333333335,-0.00019722830415232182,0.0037709919668240948,0.09256995771730406,-0.3982342666363425,-0.007814853701171973,0.009111157584802068,0.5079365079365079
1.1485539674758911,1.149795413017273,1.1470125913619995,1.1485539674758911,0,-0.0029215895313422433,0.0009768165584818885,2,0.0,0.0,0.001241445541381836,0.0015413761138916016,0.0027828216552734375,0.0,0.4461103335236261,0.5538896305416253,-0.0033605098724365234,-0.0029173258416550015,0,1.1541709184646607,-0.0048666544949468316,1.1587637186050415,-0.008810899982750642,1.1604725301265717,-0.01027043936003691,1.167718803882599,-0.016412201671622162,1.1667121982574462,-0.015563590495684454,1.1321276718378066,0.01450922536852084,1.1536257674992987,-0.00439639982553619,1.1579514309616035,-0.008115593913206598,1.1619591344133913,-0.011536694053456586,1.1639895844204347,-0.01326095804448546,-0.004007703451787803,-0.002762132557987569,-0.001245570893800234,0,32.639359582751396,8.194860174262608,29.213081141163954,-21.018220966901346,0,0,1,0,0,28.97083663799397,0,1,5.967600475349673,11.235041165068486,-5.267440689718812,-197.37146259775596,-94.03239913748976,0.0,-1.4781898057187215,-0.9900512911576786,-1.9192326489842926,0.0062517431242429,0.005443142682653102,1.1710522855210919,1.1498927747320515,1.1604725301265717,0.01823353008184444,-0.06327212680770733,1,0.023332650080252162,0.03699669448340583,0.04912729355298204,0.06004327846784054,1.173107100840426,1.1481001283434542,0.018148503609423928,0.0,0.0,0.0,0.0,0.0,0.0,11485539673.758911,2,5,11,4,45,0,0,0,0.5877852522924732,-0.8090169943749473,-0.5000000000000004,0.8660254037844384,-0.000772136025743686,1.1519144773483276,39.41660202485782,-0.003846199871322598,1.1528042554855347,45.37255397161949,-0.00266525736380437,1.157246708869934,46.3521666109099,0.0005245090468156377,1.1657865047454834,53.03645474352769,-0.0037888849174725417,1.160038948059082,35.813439287155134,-0.00018739398387827448,1.171028733253479,32.575096350040994,-0.0006741536188454603,0.0028758590115874386,0.30860927997980747,-0.9170896741880344,-0.004687056236158633,0.004564146105032233,0.4666666666666667,-0.0009411949290666783,0.0031510874413879226,-0.07524100114565421,-0.860756414809579,-0.006998753739016789,0.004564146105032233,0.4,-0.00026194128056516877,0.0037823710173072716,0.13776597431002138,-0.4185953615827386,-0.007814853701171973,0.009111157584802068,0.49206349206349204
1.1496764421463013,1.154294490814209,1.149385690689087,1.1496764421463013,0,0.0009768165584818885,0.004551545936366607,3,0.0,0.0,0.004618048667907715,0.00029075145721435547,0.00490880012512207,0.0,0.940769323688025,0.059230655940398384,0.0011224746704101562,0.0009772937990708637,0,1.1520391702651978,-0.0020509096215430844,1.1576466679573059,-0.006884851942242198,1.159796530008316,-0.008725744300226101,1.1674164271354674,-0.015195935807735594,1.1667314648628235,-0.01461777909372286,1.1326535218954086,0.015029238703909487,1.1523093257149664,-0.0022848757791689156,1.1566783557592493,-0.006053466529808649,1.1610493053565698,-0.009795331909523197,1.1634282847234099,-0.011820103444705188,-0.004370949597320539,-0.003083895965854163,-0.0012870536314663764,0,31.023076779558416,16.8816285641678,25.59708822442204,-8.71545966025424,0,0,1,0,0,20.19186216019557,0,1,12.890014300884708,12.24926085799711,0.6407534428875987,-130.75296973305754,-87.10998521522879,0.0,-0.9185915545917966,-0.9622721143902835,-1.3543065629222473,0.006183580486119563,0.005378539786409594,1.1713283587115326,1.1482647013050993,1.159796530008316,0.01988595137828131,0.061210622851479754,1,0.030689935677745778,0.037380582135708336,0.04746597491661638,0.05992512162366799,1.1719300924741183,1.14719577052964,0.10029268690689688,0.0,0.0,0.0,0.0,0.0,0.0,11496764420.463013,3,6,11,4,45,0,0,0,-0.587785252292473,-0.8090169943749475,-0.5000000000000004,0.8660254037844384,-0.0029215895313422433,1.1485539674758911,28.97083663799397,-0.000772136025743686,1.1519144773483276,39.41660202485782,-0.003846199871322598,1.1528042554855347,45.37255397161949,-0.004687056236158633,1.1603351831436157,54.441589397435514,0.0006962863606300936,1.1608469486236572,37.59731176489067,-0.004766464102914459,1.1654603481292725,31.84384483894644,-0.0008616657750897673,0.002646588198991529,0.26626388043227267,-0.611051176004072,-0.004687056236158633,0.004564146105032233,0.4666666666666667,-0.0007111317808814416,0.00302405879913165,-0.155337607750026,-0.7122487940497927,-0.006998753739016789,0.004564146105032233,0.43333333333333335,-0.00020737774119607892,0.0037749278357505863,0.09767534803935467,-0.4062263919257622,-0.007814853701171973,0.009111157584802068,0.5079365079365079
1.1549211740493774,1.1589902639389038,1.153043508529663,1.1549211740493774,0,0.004551545936366607,-0.0004619064573929637,2,0.0,0.0,0.004069089889526367,0.0018776655197143555,0.005946755409240723,0.0,0.6842537721961779,0.3157462109879299,0.005244731903076172,0.0045619199544775614,0,1.1515740633010865,0.002906552652293559,1.1569583296775818,-0.0017607857394449367,1.1597103714942931,-0.0041296496627272195,1.1671517300605774,-0.010478976978869126,1.166767897605896,-0.010153453553025882,1.1332136023044586,0.019155763396115022,1.1531799418264368,0.0015099396543716281,1.1564080201115767,-0.0012857452873141773,1.1605953697041853,-0.004889038766168086,1.1630946725401143,-0.007027371703271501,-0.00418734959260858,-0.0033045866912050467,-0.0008827629014035335,0,27.617200684820922,23.190720752557635,20.7814811420611,2.4092396104965346,0,0,1,0,0,34.5601999426068,0,0,39.84456623089185,19.567393669042072,20.277172561849778,-57.97951335803786,-60.155433265293894,0.0,-0.20095410967533311,-0.5924733860507625,-0.7114250134689915,0.0066009459936506275,0.005715494824581735,1.1713664424516643,1.148054300536922,1.1597103714942931,0.020101693048320685,0.29456210021854556,1,0.05311831697321142,0.04605702231433025,0.05047162004050924,0.06047964829197343,1.1723227513508467,1.1459189673762444,0.34094380743676034,0.0,0.0,0.0,0.0,0.0,0.0,11549211739.493774,4,7,11,4,45,0,0,0,-0.9510565162951536,0.30901699437494723,-0.5000000000000004,0.8660254037844384,0.0009768165584818885,1.1496764421463013,20.19186216019557,-0.0029215895313422433,1.1485539674758911,28.97083663799397,-0.000772136025743686,1.1519144773483276,39.41660202485782,-0.00266525736380437,1.157246708869934,46.3521666109099,0.0008245819701882889,1.1618045568466187,39.89318829496734,-0.001944386427629532,1.1631964445114136,32.718259293443154,-0.0008625057863341422,0.0026447444275780117,0.26297420702419655,-0.6198100234865215,-0.004687056236158633,0.004551545936366607,0.4666666666666667,-0.00032612179170199505,0.00292973826718311,-0.01640106211510774,-0.9337253320320482,-0.005648764894055418,0.004564146105032233,0.4666666666666667,-9.487520477371055e-05,0.0038098597324098577,0.03976304847854783,-0.4755076271220757,-0.007814853701171973,0.009111157584802068,0.5238095238095238
1.1554548740386963,1.1582250595092773,1.1543744802474976,1.1543878316879272,0,-0.0004619064573929637,0.0011550883736828707,3,-0.001067042350769043,0.001067042350769043,0.0027701854705810547,1.33514404296875e-05,0.003850579261779785,0.27711215651346627,0.7194204326957803,0.003467384820635485,0.0005336999893188477,0.0004621094506401516,0,1.1518907785415649,0.0021677862976794415,1.156080174446106,-0.0014638628837685408,1.1594177186489105,-0.004338287210592928,1.1668558788299561,-0.010685164695285687,1.1668109130859374,-0.010647039171145067,1.1337729185819625,0.018182576657352234,1.153582571780267,0.0006980512945402584,1.1560972218925536,-0.0014785869839564203,1.1601355520733512,-0.004954352510494475,1.162753227800813,-0.007194472577804256,-0.004038330180797578,-0.0034513353891235535,-0.0005869947916740245,0,24.665441402714944,21.28088418612631,19.070053842617032,2.2108303435092793,0,0,1,0,0,35.33625032600919,0,0,37.15751143427718,29.96403065535124,7.193480778925942,-52.3262818968463,-62.84248806190856,0.0,0.13736731061297913,-0.7549676285786733,-0.1950913133296983,0.0062342304294011825,0.005400464434682705,1.171309237263921,1.1475262000339,1.1594177186489105,0.020512915099904345,0.28850947668344773,0,0.04393476201598209,0.045018813851193155,0.046651066043731,0.05957818944761816,1.171138555681813,1.1462016339642083,0.3282761915682696,0.0,0.0,0.0,0.0,0.0,0.0,11543878315.879272,0,10,11,4,46,0,0,0,0.0,1.0,-0.5000000000000004,0.8660254037844384,0.004551545936366607,1.1549211740493774,34.5601999426068,0.0009768165584818885,1.1496764421463013,20.19186216019557,-0.0029215895313422433,1.1485539674758911,28.97083663799397,-0.003846199871322598,1.1528042554855347,45.37255397161949,0.0011740581594156239,1.1631693840026855,41.79001015951001,-0.005648764894055418,1.156644344329834,31.92689390314206,-0.0006527207096079725,0.0025338320672386905,0.11699518236000843,-0.2976688114999932,-0.004687056236158633,0.004551545936366607,0.4666666666666667,-0.0004712271920744049,0.0028193794963972817,0.023512896663845557,-0.7610996512702015,-0.005648764894055418,0.004564146105032233,0.43333333333333335,-0.00018207716811117355,0.00375307316290215,0.07112384871120929,-0.3682600290585698,-0.007814853701171973,0.009111157584802068,0.5079365079365079
1.1557353734970093,1.1606314182281494,1.1548144817352295,1.1557220220565796,0,0.0011550883736828707,0.002615376763782096,3,-1.33514404296875e-05,1.33514404296875e-05,0.004896044731140137,0.0009075403213500977,0.005816936492919922,0.0022952700646484943,0.8416878287962349,0.1560168839479374,0.0013475418090820312,0.0011673215638412832,0,1.1526522874832152,0.0026631921060953356,1.1551348567008972,0.0005083088370378963,1.159369593858719,-0.003146168332468169,1.1665384936332703,-0.009272280113170384,1.1667690885066986,-0.009468082980592873,1.1343528890609742,0.018838170290562006,1.1542957218723713,0.0012356453004704893,1.1560394988408653,-0.00027462459939875394,1.1598086239239607,-0.0035235140373440776,1.1624774942422158,-0.005811271459890688,-0.003769125083095348,-0.0035148933279179123,-0.00025423175517743594,0,23.72402984455487,23.585264112373697,16.524073498249592,7.061190614124104,0,0,1,0,0,43.08513492129422,0,0,43.879352579496526,40.29381008155518,3.585542497941347,-32.73920103217317,-56.12064691668922,0.0,0.33054057250994084,-0.8113095314827845,-0.3894765805462441,0.006235477910843981,0.005395309418097413,1.1713153527445868,1.1474238349728512,1.159369593858719,0.020607335138190873,0.34732774737370026,0,0.04316587284496419,0.04422589312740832,0.045440461218210014,0.05927700199157459,1.1708602818098004,1.1459183701664244,0.3930593609272481,0.0,0.0,0.0,0.0,0.0,0.0,11557220219.565796,1,11,11,4,46,0,0,0,0.9510565162951535,0.30901699437494745,-0.5000000000000004,0.8660254037844384,-0.0004619064573929637,1.1543878316879272,35.33625032600919,0.004551545936366607,1.1549211740493774,34.5601999426068,0.0009768165584818885,1.1496764421463013,20.19186216019557,-0.000772136025743686,1.1519144773483276,39.41660202485782,0.001722954597345136,1.165175199508667,49.678174690492135,0.00310463988763602,1.160240888595581,27.604426157451414,-0.0005011459600207264,0.0025716981378569315,-0.06325220599894005,-0.48314785348459605,-0.004687056236158633,0.004551545936366607,0.5333333333333333,-0.0004987446186267006,0.0027985759697659084,0.0380532258380509,-0.7027878218906106,-0.005648764894055418,0.004564146105032233,0.43333333333333335,-0.0002123786199631646,0.0037341001365520667,0.08717771081829034,-0.3185473732495303,-0.007814853701171973,0.009111157584802068,0.5079365079365079
1.1588828563690186,1.1597968339920044,1.1563233137130737,1.1587486267089844,0,0.002615376763782096,0.00040556416479594736,2,-0.0001342296600341797,0.0001342296600341797,0.0009139776229858398,0.0024253129959106445,0.003473520278930664,0.03864369440535794,0.26312718028941323,0.6982290965159922,0.003160834312438965,0.002734943396285589,0,1.154691219329834,0.003513846135552834,1.1544310688972472,0.003739987451556903,1.159295654296875,-0.0004718621050773253,1.1664414143562316,-0.006595091405283693,1.1667443311214447,-0.006853004808765384,1.1350227361917495,0.020903449471638025,1.1557800234845756,0.0025684845418956215,1.1564562877436528,0.001982209694761483,1.1597301056117404,-0.0008462994949619551,1.1623312641428734,-0.003082286129696965,-0.0032738178680875585,-0.0034666782359518418,0.0001928603678642833,1,22.90813982748222,21.430693659048703,15.014559746007118,6.416133913041586,0,0,1,0,0,46.861939134461196,0,0,59.127817986570676,46.721560666781464,12.406257319789212,-13.418776559983677,-40.872181509615075,0.0,0.8876082031650245,-0.6037021365276063,0.17845046049287383,0.005947389114121424,0.005132596472195716,1.1712373625835315,1.1473539460102187,1.159295654296875,0.020601661433586764,0.47709592202099127,0,0.03016186590479065,0.04714757395211608,0.04516088141071492,0.05863739845382599,1.1703183233326289,1.1465287668761432,0.5136648850022257,0.0,0.0,0.0,0.0,0.0,0.0,11587486266.089844,2,12,11,4,46,0,0,0,0.5877852522924732,-0.8090169943749473,-0.5000000000000004,0.8660254037844384,0.0011550883736828707,1.1557220220565796,43.08513492129422,-0.0004619064573929637,1.1543878316879272,35.33625032600919,0.004551545936366607,1.1549211740493774,34.5601999426068,-0.0029215895313422433,1.1485539674758911,28.97083663799397,0.0005245090468156377,1.1657865047454834,53.03645474352769,-0.003069907661501375,1.1566845178604126,23.41591450102078,-7.419518127041715e-05,0.002517935950267541,-0.3206166994269247,-0.23171435577204974,-0.004687056236158633,0.004551545936366607,0.6,-0.0004240820347581073,0.0028520713035871267,-0.0011828896515442891,-0.8399531658092484,-0.005648764894055418,0.004564146105032233,0.43333333333333335,-8.723683214528892e-05,0.003693808900872069,0.03524869713950535,-0.2618953080781198,-0.007814853701171973,0.009111157584802068,0.5238095238095238
1.159245491027832,1.1649309396743774,1.1579837799072266,1.159218668937683,0,0.00040556416479594736,0.003425554234844353,3,-2.682209014892578e-05,2.682209014892578e-05,0.00568544864654541,0.001234889030456543,0.006947159767150879,0.0038608713001916095,0.8183845996446153,0.1777545146608217,0.0004968643188476562,0.00042879387932130215,0,1.1565996646881103,0.002264399886414248,1.154319417476654,0.004244277005505559,1.159024965763092,0.0001671258862374625,1.1663048911094664,-0.006075788865495424,1.166652773618698,-0.006372165693584009,1.1356551402807236,0.02074884154450274,1.1569262386356116,0.00198148345617688,1.1568812694658113,0.0020204315113072635,1.159692221413662,-0.0004083433235076983,1.1622092015858072,-0.0025731449585721933,-0.0028109519478507483,-0.003335532978331623,0.0005245810304808749,0,25.135177821092107,29.42382153003837,12.727351920718949,16.696469609319422,0,0,1,0,0,46.07554893398847,0,0,61.49595769668503,54.834376087584076,6.661581609100956,24.873032474490458,-38.50404179950072,0.0,0.8299923736427628,-0.09622342079705914,-0.08694407601267384,0.006080691867858685,0.005245508919302108,1.1706997707397309,1.1473501607864531,1.159024965763092,0.020145907673257028,0.5082957755675204,0,0.03135424173562862,0.04138180261194195,0.043876883456528515,0.05782563657135683,1.1706606549194651,1.1463378874480306,0.5295771318712983,0.0,0.0,0.0,0.0,0.0,0.0,11592186688.376831,3,13,11,4,46,0,0,0,-0.587785252292473,-0.8090169943749475,-0.5000000000000004,0.8660254037844384,0.002615376763782096,1.1587486267089844,46.861939134461196,0.0011550883736828707,1.1557220220565796,43.08513492129422,-0.0004619064573929637,1.1543878316879272,35.33625032600919,0.0009768165584818885,1.1496764421463013,20.19186216019557,-0.004687056236158633,1.1603351831436157,54.441589397435514,0.003058297376041747,1.1602274179458618,33.494630740593166,-9.357666099269355e-05,0.0025126950939533483,-0.2977287309788749,-0.21573109063417298,-0.004687056236158633,0.004551545936366607,0.6,-0.00040547721724074406,0.0028557215790952395,-0.021245318247799985,-0.8520763646162535,-0.005648764894055418,0.004564146105032233,0.4666666666666667,-0.00015587891170039752,0.003642672708852663,0.05666126097428882,-0.14835865667496587,-0.007814853701171973,0.009111157584802068,0.5238095238095238
1.1630746126174927,1.1653653383255005,1.1608065366744995,1.1631964445114136,0,0.003425554234844353,-0.0014297542332625918,1,0.00012183189392089844,0.00012183189392089844,0.002168893814086914,0.002268075942993164,0.0045588016510009766,0.026724543109194823,0.4757596255662335,0.4975158093889831,0.0038559436798095703,0.0033263298657970663,1,1.1582547187805177,0.004266527517947205,1.154914391040802,0.0071711405054279975,1.1586867809295653,0.003892047061968773,1.1662549924850465,-0.002622538032487687,1.1665925240516664,-0.0029111104091142925,1.1362847232818603,0.02368395928923306,1.159016307260879,0.0036066249663500027,1.1578528348574424,0.004615102535174609,1.159951793494977,0.002797229104134269,1.1622479169946545,0.0008161145335756625,-0.0020989586375346203,-0.0030882181101722227,0.0009892594726376024,0,27.269889250138505,26.414950745935222,11.014436959862637,15.400513786072585,0,0,1,0,0,50.038048377079264,0,0,81.53655770862919,67.38677779729495,14.149779911334235,69.15758344165606,-18.463441787556558,0.0,0.7165225340030279,0.5141285428488684,-0.12330028368482404,0.006089488870519845,0.005235133668719342,1.16937830125153,1.1479952606076007,1.1586867809295653,0.018454547850221523,0.7108990758542395,1,0.025214606629347058,0.04208418391935914,0.043492935746349416,0.057909943103956696,1.1711255987655178,1.1467676432834384,0.6744737329294642,0.0,0.0,0.0,0.0,0.0,0.0,11631964444.114136,4,14,11,4,46,0,0,0,-0.9510565162951536,0.30901699437494723,-0.5000000000000004,0.8660254037844384,0.00040556416479594736,1.159218668937683,46.07554893398847,0.002615376763782096,1.1587486267089844,46.861939134461196,0.0011550883736828707,1.1557220220565796,43.08513492129422,0.004551545936366607,1.1549211740493774,34.5601999426068,-0.00266525736380437,1.157246708869934,46.3521666109099,0.003789498902146494,1.1646324396133423,47.91166008974086,7.982148998437738e-05,0.0026656703271285367,-0.2886030601520941,-0.5705834233952961,-0.004687056236158633,0.004551545936366607,0.6,-0.0002658808700792032,0.002938824922601062,-0.09038224593734207,-0.9959360999597331,-0.005648764894055418,0.004564146105032233,0.5,-4.955907992134522e-05,0.003647983521213554,-0.007761798182865454,-0.16341530322380526,-0.007814853701171973,0.009111157584802068,0.5396825396825397
1.16146719455719,1.1617100238800049,1.1583056449890137,1.1615345478057861,0,-0.0014297542332625918,-0.0021349466482306996,1,6.73532485961914e-05,6.73532485961914e-05,0.00017547607421875,0.0031615495681762695,0.003404378890991211,0.019784298039208906,0.051544224272062844,0.9286714483147953,-0.0017292499542236328,-0.0014866362102760032,1,1.1596840620040894,0.0015956808946215872,1.155787420272827,0.004972477924275243,1.158476221561432,0.0026399559068792655,1.1660593461990356,-0.0038804187004810586,1.166480416059494,-0.004239992618128574,1.1368919718265533,0.021675389120282107,1.1598557207758482,0.001447444625845451,1.1584192522341106,0.002689264241248157,1.1600690345550368,0.00126329822361404,1.162219941732346,-0.0005897283310070112,-0.001649782320926274,-0.002800530952323033,0.0011507486313967587,0,26.401960759137747,23.51000285130664,15.426598673220612,8.08340417808603,1,0,1,0,0,44.830806195937484,0,0,74.18127085808035,72.40459542113152,1.7766754369488353,34.79149601447156,-25.81872863109818,0.0,0.6190914285200799,0.7573091683786837,-0.7201607199752824,0.005929663624103854,0.005105025618734172,1.1687396991557237,1.1482127439671401,1.158476221561432,0.017718926642399976,0.6489907368802591,1,0.030223360684210485,0.036446687680067376,0.04030491481475641,0.05781188280353779,1.1710524174899533,1.1473337629935378,0.5987179734214118,0.0,0.0,0.0,0.0,0.0,0.0,11615345477.057861,0,17,11,4,47,0,0,0,0.0,1.0,-0.5000000000000004,0.8660254037844384,0.003425554234844353,1.1631964445114136,50.038048377079264,0.00040556416479594736,1.159218668937683,46.07554893398847,0.002615376763782096,1.1587486267089844,46.861939134461196,-0.0004619064573929637,1.1543878316879272,35.33625032600919,-0.003846199871322598,1.1528042554855347,45.37255397161949,0.004564146105032233,1.1699601411819458,48.92482370173853,-9.3766002860837e-05,0.0026740906573406832,-0.08131700834571856,-0.6696823715335376,-0.004687056236158633,0.004551545936366607,0.5333333333333333,-0.0002775999582561661,0.0029428740027381537,-0.07871818203264148,-1.0095605609062686,-0.005648764894055418,0.004564146105032233,0.5,-3.710245860419948e-05,0.003641806302918394,-0.01580634192885548,-0.14479400050007218,-0.007814853701171973,0.009111157584802068,0.5396825396825397
1.159003734588623,1.1606987714767456,1.1573805809020996,1.159057378768921,0,-0.0021349466482306996,-0.0008109940862881721,2,5.364418029785156e-05,5.364418029785156e-05,0.001641392707824707,0.0016231536865234375,0.003318190574645996,0.0161666961177795,0.4946649752126798,0.48916829853263477,-0.002530813217163086,-0.002178853157425296,1,1.1603511333465577,-0.001114968254302462,1.1565017104148865,0.002209826609678389,1.1582069635391234,0.0007342514390737964,1.1657022213935853,-0.0057002917230015715,1.1662838196754455,-0.00619612557766247,1.1374943959712982,0.018956561695685936,1.1595896067735392,-0.0004589797127048101,1.1585174255471582,0.0004660725076803818,1.1599940970893985,-0.0008075199888923912,1.162095919655349,-0.00261470755965465,-0.0014766715422402932,-0.002535759070306485,0.0010590875280661917,0,24.71487577123557,21.22271623783228,16.092335668327763,5.130380569504517,1,0,1,0,0,40.92639113008065,0,0,65.62934347237562,73.78239067969504,-8.153047207319418,14.644069758554192,-34.37065598274682,0.0,0.2885950642703916,0.6200895605580126,-0.5737405849114752,0.005692904061381543,0.00491166715744222,1.1680867772840593,1.1483271497941876,1.1582069635391234,0.017060532452495638,0.543038016578478,1,0.03862462718041486,0.038622135337094916,0.039106408043108234,0.05793750854252812,1.1705659734623348,1.1477943572168086,0.49460790930306914,0.0,0.0,0.0,0.0,0.0,0.0,11590573786.689209,1,18,11,4,47,0,0,0,0.9510565162951535,0.30901699437494745,-0.5000000000000004,0.8660254037844384,-0.0014297542332625918,1.1615345478057861,44.830806195937484,0.003425554234844353,1.1631964445114136,50.038048377079264,0.00040556416479594736,1.159218668937683,46.07554893398847,0.0011550883736828707,1.1557220220565796,43.08513492129422,-0.000772136025743686,1.1519144773483276,39.41660202485782,-0.003608682608285511,1.165745735168457,41.19719371213889,-0.0003509594192325594,0.00267240354226463,0.19015360293853,-0.6359533054125626,-0.004687056236158633,0.004551545936366607,0.4666666666666667,-0.00034251838040124695,0.0029622328603355606,-0.015839282424304765,-1.068399087952389,-0.005648764894055418,0.004564146105032233,0.5,-8.356176648393591e-05,0.00364971998062404,0.020380448602163714,-0.16885309392626446,-0.007814853701171973,0.009111157584802068,0.5238095238095238
1.158104419708252,1.1597565412521362,1.1535356044769287,1.1581177711486816,0,-0.0008109940862881721,-0.003502886982433731,1,1.33514404296875e-05,1.33514404296875e-05,0.0016387701034545898,0.004568815231323242,0.0062209367752075195,0.0021462105624150255,0.2634281839421371,0.7344255894206988,-0.0009529590606689453,-0.0008221845424071249,1,1.1602249622344971,-0.0018161919060727394,1.1574580907821654,0.0005699387923525645,1.1581109046936036,5.928927056642053e-06,1.1654590773582458,-0.006299068282667575,1.1660594582557677,-0.006810705191898636,1.1381291764974595,0.017562676506527986,1.1590989948985868,-0.0008465401610553425,1.158455940255085,-0.0002919137401976579,1.1598551099826788,-0.0014978930720694894,1.1619399138315583,-0.0032894495980811955,-0.0013991697275939075,-0.0023084412017639693,0.0009092714741700618,0,22.889781287097293,18.16833228449574,22.671617620785998,-4.503285336290258,1,0,1,0,0,46.59582756342659,0,0,60.509632417740626,66.7734155827322,-6.2637831649915725,-16.175912781672984,-39.49036703738181,0.0,-0.054442831323520124,0.8326821328046297,-0.5431584516544352,0.005763308423225006,0.004976444163369509,1.1679530071672095,1.1482688022199976,1.1581109046936036,0.016996822036417995,0.5003488281625603,1,0.034688158213035496,0.034431801995380706,0.03903717425844457,0.05758249481448982,1.1706056017868893,1.1475523680939892,0.45830459837466914,0.0,0.0,0.0,0.0,0.0,0.0,11581177710.486816,2,19,11,4,47,0,0,0,0.5877852522924732,-0.8090169943749473,-0.5000000000000004,0.8660254037844384,-0.0021349466482306996,1.159057378768921,40.92639113008065,-0.0014297542332625918,1.1615345478057861,44.830806195937484,0.003425554234844353,1.1631964445114136,50.038048377079264,0.002615376763782096,1.1587486267089844,46.861939134461196,-0.0029215895313422433,1.1485539674758911,28.97083663799397,-0.0011185328701258219,1.164442539215088,39.34122620073,-0.00043999296143948006,0.002663384688474411,0.3045010289773417,-0.5505110537777471,-0.004687056236158633,0.004551545936366607,0.4,-0.00021066937984703734,0.0028442108838926637,-0.028143852421352537,-0.9258381911765214,-0.005648764894055418,0.004564146105032233,0.5,-4.362797004566489e-05,0.0036273562178525337,-0.0015792853653259506,-0.10668518549945986,-0.007814853701171973,0.009111157584802068,0.5238095238095238
1.154068112373352,1.1551345586776733,1.1507744789123535,1.154068112373352,0,-0.003502886982433731,-0.0005307664626685978,2,0.0,0.0,0.001066446304321289,0.003293633460998535,0.004360079765319824,0.0,0.24459329582557138,0.7554066812390691,-0.00404965877532959,-0.0034967590307877334,0,1.1591948509216308,-0.004422672032885933,1.1578972578048705,-0.0033069821224440688,1.1577719628810883,-0.0031991192792398815,1.16513356924057,-0.009497157457647232,1.1657998943328858,-0.010063289691101596,1.1387487542629242,0.013452798917877429,1.157422034056842,-0.0028977518005635083,1.1577808898117414,-0.0032068049928448694,1.159426443493099,-0.004621536147770833,1.161631215735158,-0.006510761211223515,-0.0016455536813575478,-0.002175863697682685,0.0005303100163251374,0,23.12170049896977,15.190629405199848,25.11841452797072,-9.927785122770873,1,0,1,0,0,45.26010220876248,0,0,38.4439505810234,54.86097549037987,-16.41702490935647,-74.0104347082524,-61.556048874099034,0.0,-0.44431276879375314,0.38199184275291564,-0.5147099324311566,0.005973972931638756,0.0051764474445408415,1.1676839838927227,1.147859941869454,1.1577719628810883,0.017122579106359413,0.3131637062358331,1,0.04147065442584591,0.040672265565028995,0.03872266319578947,0.055442417752839826,1.1705497048449465,1.1466538131183917,0.31027505936066807,0.0,0.0,0.0,0.0,0.0,0.0,11540681122.73352,3,20,11,4,47,0,0,0,-0.587785252292473,-0.8090169943749475,-0.5000000000000004,0.8660254037844384,-0.0008109940862881721,1.1581177711486816,46.59582756342659,-0.0021349466482306996,1.159057378768921,40.92639113008065,-0.0014297542332625918,1.1615345478057861,44.830806195937484,0.00040556416479594736,1.159218668937683,46.07554893398847,0.0009768165584818885,1.1496764421463013,20.19186216019557,-0.0037888849174725417,1.160038948059082,35.813439287155134,-0.0003610483445244865,0.0025433518592523786,0.482019783728737,-0.6105104937651027,-0.003846199871322598,0.004551545936366607,0.4,-0.00026261939834051066,0.0028908207211788724,-0.01563710805845309,-1.0154466824742647,-0.005648764894055418,0.004564146105032233,0.5,-0.00023064915035584863,0.0034925440347182545,-0.07732830830174393,-0.2013598689303688,-0.007814853701171973,0.009111157584802068,0.5079365079365079
1.1535356044769287,1.1552013158798218,1.1492139101028442,1.1534557342529297,0,-0.0005307664626685978,-0.0023387457189911476,1,-7.987022399902344e-05,7.987022399902344e-05,0.0016657114028930664,0.004241824150085449,0.005987405776977539,0.01333970431270348,0.27820251994239664,0.7084577590431761,-0.0005325078964233398,-0.0004614180832724773,0,1.157246708869934,-0.003275856986777459,1.1577507138252259,-0.0037097620589967573,1.1573545217514039,-0.003368706411789324,1.1647331881523133,-0.009682435525260047,1.165562959909439,-0.010387448959781054,1.1393335580825805,0.01239511990928821,1.1560999341222047,-0.0022871724934868665,1.157115481264232,-0.003162819243406334,1.1589841687345679,-0.004770069109052089,1.161310608618208,-0.006763801524165891,-0.0018686874703359724,-0.0021144284522133425,0.00024574098187737014,0,24.23380713116393,13.161266295739376,25.244763518374473,-12.083497222635097,0,0,1,0,0,51.09675728363657,0,0,35.107239633591284,44.686940877451754,-9.57970124386047,-78.16015132075006,-64.89275982153116,0.0,-0.8374088748676844,-0.12688656415481558,-0.6367087736665722,0.005975763977683927,0.0051807484238103295,1.1672546720542107,1.147454371448597,1.1573545217514039,0.017108241452186587,0.3030945283892187,1,0.018897346263798093,0.03344016815503847,0.03857957596567962,0.0532636186732331,1.1700631893438238,1.146160133433088,0.30521623747879595,0.0,0.0,0.0,0.0,0.0,0.0,11534557341.529297,4,21,11,4,47,0,0,0,-0.9510565162951536,0.30901699437494723,-0.5000000000000004,0.8660254037844384,-0.003502886982433731,1.154068112373352,45.26010220876248,-0.0008109940862881721,1.1581177711486816,46.59582756342659,-0.0021349466482306996,1.159057378768921,40.92639113008065,0.003425554234844353,1.1631964445114136,50.038048377079264,0.004551545936366607,1.1549211740493774,34.5601999426068,0.0006962863606300936,1.1608469486236572,37.59731176489067,-0.00021874895111543505,0.002463688144024585,0.3975336296749308,-0.41906446021564736,-0.003846199871322598,0.004551545936366607,0.4,-9.201945062761666e-05,0.002707185191047791,0.0690588534126343,-1.0323877155958556,-0.004687056236158633,0.004564146105032233,0.5,-0.00011502871799865222,0.003355292593732164,-0.0016538665083188119,-0.15977426971877703,-0.006998753739016789,0.009111157584802068,0.5079365079365079
1.1507877111434937,1.1551345586776733,1.1502846479415894,1.1507612466812134,0,-0.0023387457189911476,0.001082257967005073,3,-2.6464462280273438e-05,2.6464462280273438e-05,0.0043468475341796875,0.00047659873962402344,0.004849910736083984,0.005456690478384532,0.8962737009180791,0.09826958798460071,-0.002668023109436035,-0.002313069353227286,0,1.1550920486450196,-0.003749313371615326,1.1573880553245544,-0.005725658487904628,1.1567341148853303,-0.005163561986059939,1.1642954301834108,-0.011624355168089018,1.1652897894382477,-0.01246775092982777,1.1398913711309433,0.009535887124517695,1.1543203716418744,-0.003083307847448147,1.1561379067129982,-0.004650535286578439,1.1583750633972822,-0.006572842472179818,1.1608969081500904,-0.008730888588682095,-0.0022371566842840362,-0.0021389740986274813,-9.818258565655498e-05,1,25.197632879064166,11.70034858173912,22.44256186231652,-10.742213280577399,0,0,1,0,0,48.16975592091751,0,0,20.425581555956846,31.3255905901905,-10.900009034233655,-79.6365034118976,-79.5744178991656,0.0,-0.9275058709983464,-0.3141565518246292,-0.9505308014438496,0.005825650212137269,0.005062431697654189,1.1666550888999772,1.1468131408706834,1.1567341148853303,0.017153421665570368,0.19897773065443888,1,0.01923221146087826,0.03524507935915222,0.038967735794545065,0.053301590772302426,1.1690629223168025,1.1457603214682532,0.21460802697526654,0.0,0.0,0.0,0.0,0.0,0.0,11507612465.812134,0,24,11,4,48,0,0,0,0.0,1.0,-0.5000000000000004,0.8660254037844384,-0.0005307664626685978,1.1534557342529297,51.09675728363657,-0.003502886982433731,1.154068112373352,45.26010220876248,-0.0008109940862881721,1.1581177711486816,46.59582756342659,-0.0014297542332625918,1.1615345478057861,44.830806195937484,-0.0004619064573929637,1.1543878316879272,35.33625032600919,0.0008245819701882889,1.1618045568466187,39.89318829496734,-0.00011825200762667169,0.0023323979288129813,0.5674166395133683,-0.3140751273889821,-0.003502886982433731,0.004551545936366607,0.4,-0.0002734656375151889,0.0026676747238656012,0.20550529959092728,-0.9288721763930519,-0.004687056236158633,0.004564146105032233,0.4666666666666667,-0.00018076362303235885,0.0033576846111344626,0.051073888275932594,-0.1650277084468233,-0.006998753739016789,0.009111157584802068,0.49206349206349204
1.1520737409591675,1.1583458185195923,1.1512116193771362,1.1520073413848877,0,0.001082257967005073,0.003878233380834474,3,-6.639957427978516e-05,6.639957427978516e-05,0.006272077560424805,0.0007957220077514648,0.007134199142456055,0.009307221739005724,0.879156489364537,0.11153627487946716,0.0013124942779541016,0.001140544384532648,0,1.153682041168213,-0.0014516130297774765,1.1570165872573852,-0.00432945043937405,1.1560757219791413,-0.0035191299467277615,1.1638081026077272,-0.01013978274887728,1.1650733244419098,-0.011214730336530088,1.1404205709695816,0.010160085331009983,1.1535493615562122,-0.0013367614101147396,1.1555024351240581,-0.003024739483558747,1.157903380285253,-0.005091995671006266,1.16054829768871,-0.0073594148732079034,-0.002400945161194823,-0.0021913683111409498,-0.00020957685005387316,0,22.545475483431893,16.813158423255885,18.69751543253616,-1.8843570092802757,0,0,1,0,0,55.87498973331951,0,0,17.295258513607738,24.276026567718613,-6.980768054110875,-42.618255798573365,-82.70474086725196,0.0,-0.6082561151132371,-0.32141644796918056,-0.9596231444286452,0.006060173095636154,0.005260533398879952,1.165365705825645,1.1467857381326376,1.1560757219791413,0.016071583667194664,0.28103403140533056,1,0.02795658714289659,0.03516183940346197,0.03892065544355969,0.05333045711918779,1.1690172747021201,1.1447765823195757,0.2982901198271802,0.0,0.0,0.0,0.0,0.0,0.0,11520073412.848877,1,25,11,4,48,0,0,0,0.9510565162951535,0.30901699437494745,-0.5000000000000004,0.8660254037844384,-0.0023387457189911476,1.1507612466812134,48.16975592091751,-0.0005307664626685978,1.1534557342529297,51.09675728363657,-0.003502886982433731,1.154068112373352,45.26010220876248,-0.0021349466482306996,1.159057378768921,40.92639113008065,0.0011550883736828707,1.1557220220565796,43.08513492129422,0.0011740581594156239,1.1631693840026855,41.79001015951001,5.3742585565789e-06,0.0023443782218825473,0.388898702375716,-0.5123272706777525,-0.003502886982433731,0.004551545936366607,0.4666666666666667,-0.00013506011656497398,0.00262495570005078,0.0958213071398301,-0.8635756381114005,-0.004687056236158633,0.004564146105032233,0.5,-0.00017522874355783985,0.0033595030200658338,0.04643571227871664,-0.17157385584295362,-0.006998753739016789,0.009111157584802068,0.49206349206349204
1.156577467918396,1.1602274179458618,1.154961109161377,1.156483769416809,0,0.003878233380834474,0.0032202570718964044,3,-9.369850158691406e-05,9.369850158691406e-05,0.0036499500274658203,0.001522660255432129,0.005266308784484863,0.01779206340573003,0.6930755691560332,0.28913234844960517,0.004570126533508301,0.00396709844541234,0,1.1533552408218384,0.002712545436105218,1.1567901015281676,-0.0002648122688181376,1.1556105852127074,0.0007556041067808827,1.1631949615478516,-0.005769619412325455,1.1649135959148407,-0.007236439360713054,1.1409583812952042,0.01360732194510006,1.1545274975097446,0.0016944350057617186,1.1556534096306352,0.0007185196523302739,1.1577982239246276,-0.0011353054276153074,1.1603889044231455,-0.0033653674997359273,-0.002144814293992381,-0.002182057507711236,3.7243213718855285e-05,1,20.49665203850634,17.862375601616264,15.469388387378244,2.392987214238021,0,0,1,0,0,60.394638454646405,0,0,45.010627968841135,27.577156012801897,17.433471956039238,32.01534294361087,-54.98937141201856,0.0,-0.14109115433500463,-0.19545717163935716,-0.7459333236343291,0.0063481602243478825,0.005489190935208896,1.1637084498554902,1.1475127205699247,1.1556105852127074,0.014014867543968454,0.5539144692600187,1,0.04616926808417856,0.03852623288475417,0.04109839331941085,0.053599329819774465,1.1695539004743971,1.1441612595770054,0.4852787798271717,0.0,0.0,0.0,0.0,0.0,0.0,11564837693.16809,2,26,11,4,48,0,0,0,0.5877852522924732,-0.8090169943749473,-0.5000000000000004,0.8660254037844384,0.001082257967005073,1.1520073413848877,55.87498973331951,-0.0023387457189911476,1.1507612466812134,48.16975592091751,-0.0005307664626685978,1.1534557342529297,51.09675728363657,-0.0008109940862881721,1.1581177711486816,46.59582756342659,0.002615376763782096,1.1587486267089844,46.861939134461196,0.001722954597345136,1.165175199508667,49.678174690492135,0.0004586957860350267,0.002394859735019118,0.20022471785594056,-0.8070012115144232,-0.003502886982433731,0.004551545936366607,0.5333333333333333,-0.00010772891640521641,0.002663339640475128,0.12147992442839527,-0.8785930605656839,-0.004687056236158633,0.004564146105032233,0.5,-0.00015940146920791827,0.0033764404081631353,0.047683107182051286,-0.20702599208844616,-0.006998753739016789,0.009111157584802068,0.49206349206349204
1.1603620052337646,1.1615750789642334,1.1577155590057373,1.1602139472961426,0,0.0032202570718964044,-0.00019719223599180802,2,-0.0001480579376220703,0.0001480579376220703,0.00121307373046875,0.0024983882904052734,0.0038595199584960938,0.03836174845008133,0.31430688585187405,0.6473313397880873,0.0038782358169555664,0.0033534718940119094,0,1.1545844078063965,0.0048758144932461445,1.1568896293640136,0.0028734960945835386,1.1556045234203338,0.003988755393382393,1.162746558189392,-0.0021781281356578752,1.1647845661640168,-0.003924003717300506,1.1415167671442032,0.016379242590607968,1.1564229807718773,0.003278183231370191,1.156355030809944,0.0033371380614499735,1.1579771663965919,0.0019316277248522251,1.1603820433593415,-0.00014486277527858693,-0.0016221355866479215,-0.0020700731234985733,0.00044793753685065186,0,19.82546039291339,18.807771555845253,13.770314981033989,5.037456574811264,0,0,1,0,0,58.47389755999448,0,0,68.10566207242582,43.47051618495822,24.635145887467594,87.13391896519637,-31.894337308433887,0.0,0.5325365857437703,0.08585768890105872,-0.47800840262406386,0.006180580134091407,0.005327103805261457,1.163687664913289,1.1475213819273786,1.1556045234203338,0.013989459764888093,0.7851257646122795,1,0.04100698386990864,0.04217442754980606,0.04285014170263497,0.0539870099336787,1.1695383943196402,1.1448160737832747,0.6228328537337324,0.0,0.0,0.0,0.0,0.0,0.0,11602139471.961426,3,27,11,4,48,0,0,0,-0.587785252292473,-0.8090169943749475,-0.5000000000000004,0.8660254037844384,0.003878233380834474,1.156483769416809,60.394638454646405,0.001082257967005073,1.1520073413848877,55.87498973331951,-0.0023387457189911476,1.1507612466812134,48.16975592091751,-0.003502886982433731,1.154068112373352,45.26010220876248,0.00040556416479594736,1.159218668937683,46.07554893398847,0.0005245090468156377,1.1657865047454834,53.03645474352769,0.0006082584869293278,0.0024973869298595625,0.07969453789918803,-1.1587872514584296,-0.003502886982433731,0.004551545936366607,0.5333333333333333,-0.0001267036440802194,0.002636509369675326,0.10333684263982734,-0.8687695333332965,-0.004687056236158633,0.004564146105032233,0.5,-0.00012219935364356715,0.003400861959821131,0.02864623022098551,-0.2756284980307781,-0.006998753739016789,0.009111157584802068,0.49206349206349204
1.1600254774093628,1.1606718301773071,1.1557353734970093,1.1599851846694946,0,-0.00019719223599180802,0.00013913811257868804,2,-4.029273986816406e-05,4.029273986816406e-05,0.0006463527679443359,0.0042498111724853516,0.0049364566802978516,0.00816227947725148,0.13093455421792166,0.8609031460473823,-0.00018846988677978516,-0.00016244407956202077,0,1.1558902978897094,0.0035426257032409314,1.1565685033798219,0.002954153756904887,1.1557414472103118,0.003671874335785974,1.162364137172699,-0.0020466500358365947,1.1646816682815553,-0.004032418333317578,1.1420925241708755,0.01566655942349504,1.1576103820710832,0.0020514695920033077,1.1569135160191055,0.0026550545979384665,1.158125908490881,0.0016054179125271073,1.1603664802734652,-0.0003285993782308205,-0.0012123924717755141,-0.0018985369931539616,0.0006861445213784474,0,17.220602701482758,16.74961856229786,16.653075521449747,0.09654304084811471,1,0,1,0,0,59.04980073439255,0,0,66.68930048459612,59.935196841954344,6.754103642641773,59.022418031722104,-33.31069889626358,0.0,0.5660772427295457,-0.2760720132073513,-0.030163566459551205,0.006014697006918934,0.00518514985009411,1.1640318353711268,1.1474510590494968,1.1557414472103118,0.014346440858565176,0.755943226135466,1,0.04025202970248586,0.03784005929087531,0.039667899826450366,0.05380462634868807,1.16947405193368,1.1454152639060042,0.6055966196705515,0.0,0.0,0.0,0.0,0.0,0.0,11599851845.694946,4,28,11,4,48,0,0,0,-0.9510565162951536,0.30901699437494723,-0.5000000000000004,0.8660254037844384,0.0032202570718964044,1.1602139472961426,58.47389755999448,0.003878233380834474,1.156483769416809,60.394638454646405,0.001082257967005073,1.1520073413848877,55.87498973331951,-0.0005307664626685978,1.1534557342529297,51.09675728363657,0.003425554234844353,1.1631964445114136,50.038048377079264,-0.004687056236158633,1.1603351831436157,54.441589397435514,0.0002916759421054334,0.00225060385590376,0.15217244892583295,-0.9142994766444719,-0.003502886982433731,0.003878233380834474,0.4666666666666667,-0.0002854149221143541,0.0024832507005714704,0.08036340845273421,-0.7472942555456374,-0.004687056236158633,0.004551545936366607,0.4666666666666667,-0.0001580263737199839,0.003389372873890045,0.05724530056507123,-0.23765466013410433,-0.006998753739016789,0.009111157584802068,0.47619047619047616
1.1602139472961426,1.1651887893676758,1.159003734588623,1.1601465940475464,0,0.00013913811257868804,0.0005338681523857639,2,-6.73532485961914e-05,6.73532485961914e-05,0.004974842071533203,0.0011428594589233398,0.006185054779052734,0.01088967679564176,0.8043327292667645,0.18477757776958859,0.00022876262664794922,0.00019721167964175987,0,1.157767367362976,0.002055012648856991,1.1564297080039978,0.0032141045127962453,1.1561085641384126,0.0034927773515749383,1.1620931673049926,-0.0016750579144984012,1.1646010279655457,-0.003824858394121722,1.142682752609253,0.01528319325454719,1.1584557860632376,0.001459535965467218,1.1574109126388656,0.002363621492221135,1.1582755889024858,0.001615336680514723,1.1603578572842137,-0.00018206739871062805,-0.0008646762636201899,-0.0016917648472472074,0.0008270885836270175,0,18.379782520881708,24.437209187930936,14.378365873549228,10.058843314381708,1,0,1,0,0,57.43562967470822,0,0,67.68865097439362,67.49453784380518,0.19411313058844826,101.78949798538108,-32.31134840646608,0.0,0.8155772879387735,-0.11949311028773835,0.25058487143541086,0.006037411376536774,0.0052040073271713986,1.1645009513149234,1.1477161769619018,1.1561085641384126,0.014518337526613339,0.7405769508810344,1,0.029103480127357435,0.03731717184752264,0.03847827107540854,0.05206310605522168,1.1697768079231732,1.145627162417026,0.6012275238865009,0.0,0.0,0.0,0.0,0.0,0.0,11601465939.475464,0,1,12,4,49,1,0,0,0.0,1.0,-2.4492935982947064e-16,1.0,-0.00019719223599180802,1.1599851846694946,59.04980073439255,0.0032202570718964044,1.1602139472961426,58.47389755999448,0.003878233380834474,1.156483769416809,60.394638454646405,-0.0023387457189911476,1.1507612466812134,48.16975592091751,-0.0014297542332625918,1.1615345478057861,44.830806195937484,-0.00266525736380437,1.157246708869934,46.3521666109099,0.00033174558010354353,0.0022415610909935655,0.0952423890398735,-0.8813825423475393,-0.003502886982433731,0.003878233380834474,0.5333333333333333,-0.0001604875647522141,0.0024032838097900137,0.019307596877217236,-0.5646032292515553,-0.004687056236158633,0.004551545936366607,0.5,-4.721432788317515e-05,0.003279667407230895,0.09947606385047204,-0.15629026222314563,-0.006998753739016789,0.009111157584802068,0.49206349206349204
1.1607661247253418,1.1623852252960205,1.1592992544174194,1.1607661247253418,0,0.0005338681523857639,0.0017426145067616567,3,0.0,0.0,0.001619100570678711,0.0014668703079223633,0.0030859708786010742,0.0,0.5246648727113689,0.4753350948839194,0.0006195306777954102,0.0005340106853053596,0,1.159519124031067,0.0010754463366089428,1.15660058259964,0.0036015389305605883,1.156551146507263,0.0036444372827291183,1.1617063283920288,-0.0008093299860968406,1.1645423913002013,-0.003242704347000247,1.1432363021373748,0.015333507564149418,1.1592258989506057,0.0013286674115868813,1.157927099113708,0.002451817142514079,1.158460073037512,0.001990618098372643,1.160373867772101,0.00033804350830490826,-0.0005329739238040254,-0.0014600066625585712,0.0009270327387545458,0,19.384405031026766,22.655634877237652,13.330123127290149,9.325511749947504,1,0,1,0,0,53.68891132775917,0,0,71.52441500354992,68.63412215417988,2.8902928493700415,83.03778549680818,-28.475584377309787,0.0,0.7603062086327217,0.1474254845118983,0.6906523116930963,0.0056438859768120145,0.0048622076886170665,1.1649458528031944,1.1481564402113318,1.156551146507263,0.014516792137653639,0.75104976841278,1,0.02999399045780855,0.035649038888100684,0.035680640056031075,0.05189509131202817,1.1692815799385086,1.1467060360312606,0.622801766795393,0.0,0.0,0.0,0.0,0.0,0.0,11607661246.253418,1,2,12,4,49,0,0,0,0.9510565162951535,0.30901699437494745,-2.4492935982947064e-16,1.0,0.00013913811257868804,1.1601465940475464,57.43562967470822,-0.00019719223599180802,1.1599851846694946,59.04980073439255,0.0032202570718964044,1.1602139472961426,58.47389755999448,0.001082257967005073,1.1520073413848877,55.87498973331951,-0.0021349466482306996,1.159057378768921,40.92639113008065,-0.003846199871322598,1.1528042554855347,45.37255397161949,0.0002903308986837364,0.0022309763763575757,0.15678919632451918,-0.8158757369156561,-0.003502886982433731,0.003878233380834474,0.5333333333333333,-0.0001054075306684946,0.002399501987063286,-0.05115074837168763,-0.5463595028368308,-0.004687056236158633,0.004551545936366607,0.5333333333333333,-7.202057940968152e-05,0.003269083473252742,0.11935188220846273,-0.11710664117686338,-0.006998753739016789,0.009111157584802068,0.49206349206349204
1.1628988981246948,1.1675832271575928,1.1628177165985107,1.1627906560897827,0,0.0017426145067616567,0.003342812053854932,3,-0.00010824203491210938,0.00010824203491210938,0.004684329032897949,-2.7060508728027344e-05,0.004765510559082031,0.02271362770028087,0.9829647582406794,-0.005678406925070218,0.0021327733993530273,0.001837384253157751,0,1.1607805013656616,0.0017317267317835672,1.15706787109375,0.004945937086757501,1.1572629809379578,0.004776507278291264,1.1613332104682923,0.0012549761844640184,1.1645629060268403,-0.0015218156337744038,1.1438128435611725,0.016591711252222918,1.1604141513303314,0.0020479797290664514,1.1586753386484887,0.0035517432741245525,1.15878085696731,0.003460360082769176,1.160468643784559,0.0020009262787583637,-0.00010551831882121832,-0.0011891089938111006,0.0010835906749898823,0,23.045714834747933,31.054130572737115,11.241206298810688,19.812924273926427,1,0,1,0,0,56.17992550517708,0,0,73.90991114456772,71.04099237417041,2.8689187703973005,147.17727427243295,-26.090088311046234,0.0,0.545350210678186,0.40348961543577033,0.9441828326085311,0.00580031483753721,0.004988270938247479,1.1652046119220036,1.1493213499539119,1.1572629809379578,0.013724850987496325,0.8480188816458315,1,0.022216032186464462,0.036029718425968485,0.035767219043482776,0.05201920191901739,1.1700512803366159,1.1468500209864672,0.6870590425302701,0.0,0.0,0.0,0.0,0.0,0.0,11627906559.897827,2,3,12,4,49,0,0,0,0.5877852522924732,-0.8090169943749473,-2.4492935982947064e-16,1.0,0.0005338681523857639,1.1607661247253418,53.68891132775917,0.00013913811257868804,1.1601465940475464,57.43562967470822,-0.00019719223599180802,1.1599851846694946,59.04980073439255,0.003878233380834474,1.156483769416809,60.394638454646405,-0.0008109940862881721,1.1581177711486816,46.59582756342659,-0.000772136025743686,1.1519144773483276,39.41660202485782,0.00023214674821570713,0.002176728980425079,0.18539526204882986,-0.6117126474536099,-0.003502886982433731,0.003878233380834474,0.5333333333333333,7.897578347264534e-05,0.002317831532566442,-0.1459950322159852,-0.3785543954483918,-0.004687056236158633,0.004551545936366607,0.5666666666666667,-3.954781881053192e-05,0.0032769017066136647,0.0906297452809786,-0.1487658111917215,-0.006998753739016789,0.009111157584802068,0.5079365079365079
1.166670560836792,1.1682243347167969,1.1653653383255005,1.1666841506958008,0,0.003342812053854932,-0.002062849287251466,1,1.3589859008789062e-05,1.3589859008789062e-05,0.0015401840209960938,0.001305222511291504,0.0028589963912963867,0.004753366802009212,0.5387149042277106,0.45653169399297244,0.0038799047470092773,0.0033367182014713624,1,1.1620745420455934,0.003966706422891431,1.158329474925995,0.0072126936678516,1.1581133663654328,0.007400643562664344,1.1611775517463685,0.004742253965103194,1.1645939934253693,0.0017947518036773857,1.1444155919551848,0.019458454424432725,1.1625041511188212,0.003595685634840251,1.1599074635788444,0.0058424376333117145,1.1593662861323835,0.006311952098588591,1.1607123891536275,0.0051449105716991905,0.0005411774464609831,-0.0008430517057566839,0.0013842291522176671,0,26.492782747946514,28.628590935529,9.82518506886119,18.80340586666781,1,0,1,0,0,56.05175900400571,0,0,91.89821298486991,79.1108463776625,12.787366607207417,177.77192248460625,-8.101786489102901,0.0,0.557673299371797,1.0931796994636311,1.5785225364510547,0.00575143000946747,0.0049297232721850145,1.1662738604039558,1.14995287232691,1.1581133663654328,0.01409273785247603,1.0251388082262118,1,0.022961691991861814,0.0313347927953963,0.03490490118453812,0.051542205426365,1.170737653540882,1.1477319335030123,0.8238045616138421,0.0,0.0,0.0,0.0,0.0,0.0,11666841505.958008,3,4,12,4,49,0,0,0,-0.587785252292473,-0.8090169943749475,-2.4492935982947064e-16,1.0,0.0017426145067616567,1.1627906560897827,56.17992550517708,0.0005338681523857639,1.1607661247253418,53.68891132775917,0.00013913811257868804,1.1601465940475464,57.43562967470822,0.0032202570718964044,1.1602139472961426,58.47389755999448,-0.003502886982433731,1.154068112373352,45.26010220876248,-0.0029215895313422433,1.1485539674758911,28.97083663799397,0.00042796327415297274,0.0023207925081900633,0.05858398549434846,-1.063191716152474,-0.003502886982433731,0.003878233380834474,0.5333333333333333,0.00016719330658014,0.002391335165198373,-0.15827448054893126,-0.5621186537868963,-0.004687056236158633,0.004551545936366607,0.5666666666666667,-6.290433373780504e-05,0.003246853751951563,0.07863759092359114,-0.10182919746807909,-0.006998753739016789,0.009111157584802068,0.5079365079365079
1.1644561290740967,1.167147159576416,1.162858247756958,1.1642799377441406,0,-0.002062849287251466,-0.00022118438593955202,2,-0.0001761913299560547,0.0001761913299560547,0.002691030502319336,0.0014216899871826172,0.004288911819458008,0.04108065944574588,0.627438975864863,0.3314803413734542,-0.0022280216217041016,-0.0019097041990193812,0,1.1629334926605224,0.0011578005036403383,1.159411895275116,0.004198716942997782,1.158581304550171,0.004918630286107062,1.1611376309394836,0.0027062310450174376,1.1646213114261628,-0.00029311998556402763,1.14497494161129,0.016860627538273665,1.1630960799939278,0.001017850262307718,1.160580151911967,0.0031878761029642266,1.1597302603258468,0.00392304786168407,1.160852293019922,0.0029526966044977065,0.0008498915861201439,-0.0005044630473813184,0.0013543546335014623,0,26.532046715458947,25.682201351412857,14.830072269970092,10.852129081442765,1,0,1,0,0,54.64407887984327,0,0,79.2513995241712,81.68650788453628,-2.435108360365078,120.11058010694437,-20.748599949801612,0.0,0.3702420626923386,0.9384151614818093,1.2702265665787138,0.005556427584132875,0.004772415467728089,1.1670389648825739,1.150123644217768,1.158581304550171,0.014600029015584147,0.8368918167857808,1,0.031788035116722034,0.03434881095208139,0.0362150751397823,0.05074483127725019,1.170828138616136,1.1486024282796046,0.7053772030957238,0.0,0.0,0.0,0.0,0.0,0.0,11642799376.441406,4,5,12,4,49,0,0,0,-0.9510565162951536,0.30901699437494723,-2.4492935982947064e-16,1.0,0.003342812053854932,1.1666841506958008,56.05175900400571,0.0017426145067616567,1.1627906560897827,56.17992550517708,0.0005338681523857639,1.1607661247253418,53.68891132775917,-0.00019719223599180802,1.1599851846694946,59.04980073439255,-0.0005307664626685978,1.1534557342529297,51.09675728363657,0.0009768165584818885,1.1496764421463013,20.19186216019557,6.206970601325146e-05,0.0022458774013311114,0.32554071998179407,-0.8294535768901858,-0.003502886982433731,0.003878233380834474,0.4666666666666667,7.094559799881482e-05,0.0024218762587639073,-0.05413595447618379,-0.6907563267172837,-0.004687056236158633,0.004551545936366607,0.5333333333333333,-0.00017131139773945801,0.0031966239019413363,0.12598734853499757,0.015134595492418157,-0.006998753739016789,0.009111157584802068,0.49206349206349204
1.1641172170639038,1.1672561168670654,1.1616965532302856,1.164022445678711,0,-0.00022118438593955202,0.00010465908031026407,2,-9.47713851928711e-05,9.47713851928711e-05,0.003138899803161621,0.002325892448425293,0.005559563636779785,0.01704655071510425,0.5645946250055471,0.4183588062923258,-0.0001627206802368164,-0.00013976078685863213,0,1.1637086629867555,0.0002696401615875921,1.1607380151748656,0.0028296052689094076,1.15906303524971,0.00427880984704565,1.161001617908478,0.0026019151251612804,1.164630789756775,-0.0005223493860563311,1.1455506652593612,0.016124804321557606,1.1634048685555223,0.0005308358593190121,1.161109735568389,0.002508557047491422,1.1600481999816146,0.003425931437001317,1.1609766127320313,0.0026235092188890974,0.0010615355867744647,-0.00019126332055016177,0.0012527989073246265,0,25.322620608259665,22.256232979575362,15.639181651475678,6.617051328099684,1,0,1,0,0,59.08079756748829,0,0,77.89692128760292,83.015511265548,-5.118589977945078,99.4854145508567,-22.1030781863699,0.0,0.3340829211627705,1.152384913529425,0.7880426676586616,0.005556845724485797,0.0047738303884409744,1.167612046884965,1.150514023614455,1.15906303524971,0.014751590508061557,0.7900575272083671,1,0.03231504500602468,0.030078915816260914,0.03331280763028457,0.04950598907623784,1.1712391808235887,1.1490117979256456,0.6753223154725155,0.0,0.0,0.0,0.0,0.0,0.0,11640224455.78711,0,8,12,4,50,0,0,0,0.0,1.0,-2.4492935982947064e-16,1.0,-0.002062849287251466,1.1642799377441406,54.64407887984327,0.003342812053854932,1.1666841506958008,56.05175900400571,0.0017426145067616567,1.1627906560897827,56.17992550517708,0.00013913811257868804,1.1601465940475464,57.43562967470822,-0.0023387457189911476,1.1507612466812134,48.16975592091751,0.004551545936366607,1.1549211740493774,34.5601999426068,0.00014264102916812076,0.0022099261844237598,0.24060481276064852,-0.7152850008739645,-0.003502886982433731,0.003878233380834474,0.4666666666666667,2.443751315364228e-05,0.0024133439836262456,0.0036451276349781783,-0.6573916555985415,-0.004687056236158633,0.004551545936366607,0.5,-8.503346715005114e-05,0.003118584178666799,0.14059334991213587,0.1523974896712175,-0.006998753739016789,0.009111157584802068,0.49206349206349204
1.1641442775726318,1.165677785873413,1.1616965532302856,1.1641442775726318,0,0.00010465908031026407,-0.0011284787545329754,1,0.0,0.0,0.00153350830078125,0.0024477243423461914,0.003981232643127441,0.0,0.3851842883158368,0.614815686566315,0.00012183189392089844,0.00010466455725378646,0,1.1643842935562134,-0.0002061313304286827,1.1619517087936402,0.0018869705704718243,1.1594841480255127,0.0040191402829032885,1.1608216166496277,0.002862335414038686,1.164577693939209,-0.00037216620994506844,1.1461738276481628,0.015678642618960126,1.1636513382278921,0.00042361421200953764,1.1615765881844264,0.0022105208680192057,1.1603516131365048,0.0032685474754918786,1.1611008348826433,0.0026211699262399524,0.0012249750479216281,9.198435314419621e-05,0.001132990694777432,0,24.274451315352948,20.0466162931425,14.086511135716425,5.960105157426074,1,0,1,0,0,61.361978151489126,0,0,78.53779015694218,78.56203698957209,-0.02424683262991323,81.2022288902991,-21.46220931703064,0.0,0.29102786300636563,1.0535467745503846,0.8451618786070147,0.005346763980304684,0.004592870559819256,1.168168877936198,1.1507994181148273,1.1594841480255127,0.014980334012716923,0.7682944385268705,1,0.032569149247540716,0.030533640536714514,0.03319131708435338,0.04950661827800297,1.1712017590683705,1.149814703147152,0.670011543957391,0.0,0.0,0.0,0.0,0.0,0.0,11641442774.726318,1,9,12,4,50,0,0,0,0.9510565162951535,0.30901699437494745,-2.4492935982947064e-16,1.0,-0.00022118438593955202,1.164022445678711,59.08079756748829,-0.002062849287251466,1.1642799377441406,54.64407887984327,0.003342812053854932,1.1666841506958008,56.05175900400571,0.0005338681523857639,1.1607661247253418,53.68891132775917,0.001082257967005073,1.1520073413848877,55.87498973331951,-0.0004619064573929637,1.1543878316879272,35.33625032600919,0.00029194807773751834,0.0021188352670973524,0.13099927304078687,-0.3970907415221974,-0.003502886982433731,0.003878233380834474,0.5333333333333333,-2.9505670747520124e-05,0.0023920617677247974,0.06301558744165028,-0.5687492708265117,-0.004687056236158633,0.004551545936366607,0.5,-8.430189890893522e-05,0.0031186238146523946,0.1398632967769967,0.15208937830999383,-0.006998753739016789,0.009111157584802068,0.49206349206349204
1.1628447771072388,1.165745735168457,1.1622366905212402,1.1628313064575195,0,-0.0011284787545329754,0.00625216328712096,4,-1.3470649719238281e-05,1.3470649719238281e-05,0.0029009580612182617,0.0005946159362792969,0.003509044647216797,0.0038388366890797112,0.82670876839606,0.16945236641707612,-0.0012995004653930664,-0.0011162709728651846,0,1.1643924236297607,-0.0013407140414403163,1.1625864624977111,0.00021060271015138632,1.1596882820129395,0.002710232045160854,1.1606065440177917,0.0019168962565336845,1.1644668507575988,-0.0014045435461513822,1.1467810606956481,0.013995910998683136,1.1633779943044347,-0.00046991429229759074,1.1617696217649023,0.000913851225437412,1.1605352941232465,0.001978407934426274,1.1611686965130306,0.001431841772292497,0.0012343276416557636,0.00032045301084650973,0.0009138746308092539,0,23.428716636524683,18.38575526860293,12.79465782182972,5.591097446773212,1,0,1,0,0,68.42260502544407,0,0,71.63120529695925,76.02197224716811,-4.390766950208857,69.79498774164354,-28.368794177013566,0.0,0.0034959317503968634,0.5488652074997491,0.6151379194357709,0.0051017347358929665,0.004387338651034684,1.1684913388859246,1.1508852251399544,1.1596882820129395,0.015181763942541577,0.6785189180347955,1,0.03249705585368983,0.027757460587744805,0.033478822724350245,0.04922933449084182,1.1709329458509528,1.150526006907381,0.6029958497874142,0.0,0.0,0.0,0.0,0.0,0.0,11628313063.575195,2,10,12,4,50,0,0,0,0.5877852522924732,-0.8090169943749473,-2.4492935982947064e-16,1.0,0.00010465908031026407,1.1641442775726318,61.361978151489126,-0.00022118438593955202,1.164022445678711,59.08079756748829,-0.002062849287251466,1.1642799377441406,54.64407887984327,0.0017426145067616567,1.1627906560897827,56.17992550517708,0.003878233380834474,1.156483769416809,60.394638454646405,0.0011550883736828707,1.1557220220565796,43.08513492129422,0.00027078243318786477,0.002132183516095772,0.14995818303258218,-0.4599390474183794,-0.003502886982433731,0.003878233380834474,0.5333333333333333,-8.460526412580722e-05,0.002397890999317328,0.13241729884199505,-0.5837453364106223,-0.004687056236158633,0.004551545936366607,0.4666666666666667,-0.00014462602411156249,0.003101156577904333,0.19018655328225118,0.22955947529535778,-0.006998753739016789,0.009111157584802068,0.47619047619047616
1.170192837715149,1.1759449243545532,1.1683062314987183,1.1701242923736572,0,0.00625216328712096,0.0032583302689056003,3,-6.854534149169922e-05,6.854534149169922e-05,0.005752086639404297,0.0018180608749389648,0.007638692855834961,0.008973438504206345,0.7530197473129819,0.2380068010915669,0.0073615312576293945,0.0063306957906239135,0,1.165080451965332,0.004329177697028674,1.1635774970054626,0.005626436816181579,1.1602335631847382,0.008524774150574732,1.1605409121513366,0.008257683999894239,1.1643938291072846,0.004921413204563185,1.1473891633749007,0.019814662385255977,1.165626760327509,0.003858466619708345,1.1630549557047107,0.0060782480945238415,1.1612455902899435,0.007645843443618405,1.1615198963507023,0.00740787648084873,0.0018093654147672833,0.0006182354916306645,0.0011911299231366188,0,28.129521425867985,35.21594271727741,9.168841768790081,26.047100948487326,1,0,1,0,0,77.35742383805558,1,0,77.31656524451189,75.82852023280442,1.4880450117074702,182.945895237388,-22.683434365780688,0.0,0.29486486773688814,0.8541825497452971,0.9817198831968854,0.006169985824045063,0.005272931998532939,1.1701896641299667,1.1502774622395098,1.1602335631847382,0.017162235708889077,0.9967169951198352,0,0.05201441905282474,0.03815688982490642,0.03863255597338546,0.05084732289605347,1.1739641924076847,1.1492842491115045,0.8444121174677501,0.0,0.0,0.0,0.0,0.0,0.0,11701242922.736572,3,11,12,4,50,0,0,0,-0.587785252292473,-0.8090169943749475,-2.4492935982947064e-16,1.0,-0.0011284787545329754,1.1628313064575195,68.42260502544407,0.00010465908031026407,1.1641442775726318,61.361978151489126,-0.00022118438593955202,1.164022445678711,59.08079756748829,0.003342812053854932,1.1666841506958008,56.05175900400571,0.0032202570718964044,1.1602139472961426,58.47389755999448,0.002615376763782096,1.1587486267089844,46.861939134461196,0.0009211191178248441,0.002373050487979218,0.7859048460431451,0.2690123192183587,-0.0023387457189911476,0.00625216328712096,0.6,0.0002800353866501792,0.0025033064527138047,0.4736389922547252,-0.236078655867693,-0.003846199871322598,0.00625216328712096,0.5,-3.421333253581409e-05,0.0032030802670561438,0.1985242200456359,0.06496629462437759,-0.006998753739016789,0.009111157584802068,0.49206349206349204
1.1741361618041992,1.1746740341186523,1.172016978263855,1.1739431619644165,0,0.0032583302689056003,-0.00015263535945028118,2,-0.00019299983978271484,0.00019299983978271484,0.000537872314453125,0.0019261837005615234,0.0026570558547973633,0.07263672390272778,0.20243168514460022,0.7249315533170325,0.004011869430541992,0.003428584002867636,0,1.1670130968093873,0.005938292443659954,1.164973294734955,0.007699633261320615,1.1607708990573884,0.011347857545868756,1.1605695414543151,0.01152332534265077,1.1643771290779115,0.008215579425936426,1.1479453825950623,0.02264722665491159,1.1683988942064782,0.00474518393072354,1.16473006436005,0.007910070998843555,1.1621861511547191,0.010116288769233872,1.1620070832375147,0.010271949971784267,0.002543913205330872,0.0010033710343707062,0.001540542170960166,0,32.20355224329685,31.62788532725629,8.234653218718943,23.393232108537347,1,1,1,0,0,86.69325542432419,1,0,91.90661141375541,80.28479398507551,11.621817428679904,184.59731319379424,-8.093388181931452,0.0,0.8299742963018719,1.2032892729486822,1.2702084103102917,0.005953953280171738,0.005071756003673569,1.1724168929906376,1.1491249051241392,1.1607708990573884,0.02006596468209717,1.0655276344799005,0,0.048525087876981184,0.03942211891792706,0.039822682605696436,0.05086994867677583,1.1747053598156354,1.1508895466949483,0.9679961400370395,0.0,0.0,0.0,0.0,0.0,0.0,11739431618.644165,4,12,12,4,50,0,0,0,-0.9510565162951536,0.30901699437494723,-2.4492935982947064e-16,1.0,0.00625216328712096,1.1701242923736572,77.35742383805558,-0.0011284787545329754,1.1628313064575195,68.42260502544407,0.00010465908031026407,1.1641442775726318,61.361978151489126,-0.002062849287251466,1.1642799377441406,54.64407887984327,-0.00019719223599180802,1.1599851846694946,59.04980073439255,0.00040556416479594736,1.159218668937683,46.07554893398847,0.0011737255665964573,0.002408861536307942,0.4802768754480977,-0.2532552980757576,-0.0023387457189911476,0.00625216328712096,0.6666666666666666,0.00047748830774051155,0.002496588113379276,0.3460938512801074,-0.37074486497917547,-0.003846199871322598,0.00625216328712096,0.5333333333333333,-3.2829873290014264e-05,0.0032045055572706683,0.19831907606132554,0.06089738091730227,-0.006998753739016789,0.009111157584802068,0.49206349206349204
1.1737502813339233,1.1769136190414429,1.1727042198181152,1.1737639904022217,0,-0.00015263535945028118,0.001444786011798567,3,1.3709068298339844e-05,1.3709068298339844e-05,0.0031496286392211914,0.0010460615158081055,0.004209399223327637,0.0032567754316790453,0.7482370754816701,0.24850612533029237,-0.00019288063049316406,-0.00016430150685828548,1,1.1689614057540894,0.004108420110434219,1.1663350343704224,0.0063694870789612335,1.16138237118721,0.010661104749927208,1.1606198573112487,0.011325097452916877,1.1643579471111298,0.008078308920054456,1.1484167331457138,0.02207148017154892,1.1701872596050595,0.003056545580630843,1.1661198991357686,0.006555150264962117,1.1630437688767563,0.009217384342204982,1.1624681384204443,0.009717128158156951,0.003076130259012322,0.0014179228792990295,0.0016582073797132924,0,36.43271112601079,33.74449892236435,7.4268493058854625,26.31764961647889,1,1,1,0,0,85.64107779463356,1,0,85.65253475761438,84.95857047196056,0.69396428565382,163.54003435679934,-14.347464786856841,0.0,0.836886329784714,1.1737651452448539,0.9084919353623766,0.005721346072592524,0.004874358149413423,1.174400559918579,1.148364182455841,1.16138237118721,0.022418436947583997,0.9755507610525553,0,0.0483604432675163,0.03966760557761549,0.03853311425433183,0.047354292307102225,1.1752845775097085,1.1523991932193383,0.9335564051907884,0.0,0.0,0.0,0.0,0.0,0.0,11737639903.022217,0,15,12,4,51,0,0,0,0.0,1.0,-2.4492935982947064e-16,1.0,0.0032583302689056003,1.1739431619644165,86.69325542432419,0.00625216328712096,1.1701242923736572,77.35742383805558,-0.0011284787545329754,1.1628313064575195,68.42260502544407,-0.00022118438593955202,1.164022445678711,59.08079756748829,0.00013913811257868804,1.1601465940475464,57.43562967470822,0.003425554234844353,1.1631964445114136,50.038048377079264,0.001319466257232515,0.002241488156112777,0.6707525954734265,-0.0003025742645523002,-0.002062849287251466,0.00625216328712096,0.6666666666666666,0.0006006071248029222,0.002363542367024493,0.4657714324644073,-0.25052572047734634,-0.003502886982433731,0.00625216328712096,0.5333333333333333,-0.00017987420573846428,0.0029830400227631323,-0.08108361789351737,-0.47563379933168165,-0.006998753739016789,0.00625216328712096,0.47619047619047616
1.1755025386810303,1.18047034740448,1.1746050119400024,1.1754610538482666,0,0.001444786011798567,-0.0004348603030375916,2,-4.1484832763671875e-05,4.1484832763671875e-05,0.004967808723449707,0.0008560419082641602,0.005865335464477539,0.007072883095541556,0.8469777506911014,0.14594934916403424,0.0017385482788085938,0.0014811736370142997,0,1.1712247610092164,0.0036169767577645118,1.1678045272827149,0.00655634250940218,1.1622025549411774,0.011408079210959432,1.1607085037231446,0.01270995256477403,1.1645158004760743,0.009398973604976213,1.148900062441826,0.023118626390947528,1.171945191019462,0.0030000231712594694,1.1675569998607682,0.006769737055890124,1.163963567763535,0.00987787444742394,1.1629776645156529,0.010733988805141204,0.0035934320972332845,0.0018530247228858805,0.001740407374347404,0,41.00477234261239,36.69175624726519,6.292164673823096,30.399591573442095,1,1,1,0,0,84.20253870996203,1,0,79.7481345454399,85.76909357226988,-6.020959026829985,163.01970423305093,-20.251865050274247,0.0,0.9721111458135923,1.265968123113681,1.1989747587610289,0.005852680863214628,0.004979051278267371,1.1765980774006566,1.1478070324816982,1.1622025549411774,0.0247728287931171,0.9605077324688536,0,0.04653460756267692,0.03952386369290227,0.03806824240467455,0.04688294667896369,1.176653834565595,1.1532431111127364,0.9490498098174853,0.0,0.0,0.0,0.0,0.0,0.0,11754610537.482666,1,16,12,4,51,0,0,0,0.9510565162951535,0.30901699437494745,-2.4492935982947064e-16,1.0,-0.00015263535945028118,1.1737639904022217,85.64107779463356,0.0032583302689056003,1.1739431619644165,86.69325542432419,0.00625216328712096,1.1701242923736572,77.35742383805558,0.00010465908031026407,1.1641442775726318,61.361978151489126,0.0005338681523857639,1.1607661247253418,53.68891132775917,-0.0014297542332625918,1.1615345478057861,44.830806195937484,0.0013436347935520815,0.002240702116551041,0.6342327399535457,-0.03258282521335769,-0.002062849287251466,0.00625216328712096,0.6666666666666666,0.0006745045260543304,0.0023537792982365234,0.3796770920438839,-0.2652184228999113,-0.003502886982433731,0.00625216328712096,0.5666666666666667,-9.656817050697223e-05,0.002953348039105702,-0.13743250370327809,-0.3937792344443312,-0.006998753739016789,0.00625216328712096,0.49206349206349204
1.1749638319015503,1.1757928133010864,1.1704530715942383,1.1749500036239624,0,-0.0004348603030375916,-0.0006107669323483436,2,-1.3828277587890625e-05,1.3828277587890625e-05,0.0008289813995361328,0.004496932029724121,0.0053397417068481445,0.002589690304905015,0.1552474687957713,0.8421628221718265,-0.0004972219467163086,-0.000423001634164046,0,1.1736485004425048,0.0011089377107846854,1.1690204620361329,0.005072230709285197,1.1630441665649414,0.010236788335529212,1.1608982968330384,0.012104166857723087,1.16471435546875,0.008788118740250317,1.149344515800476,0.02227833984436356,1.1729467952209622,0.0017078424281402604,1.1686943850551057,0.005352655534514694,1.1647773778272703,0.008733536458953584,1.1634471680100964,0.00988685677283585,0.00391700722783539,0.0022658212238757824,0.0016511860039596072,0,40.35784764704178,32.175511127974275,15.088301815151556,17.08720931282272,1,1,1,0,0,80.04491150438935,1,0,77.68203080039514,81.0275667011498,-3.345535900754655,114.03600998466005,-22.317968795319004,0.0,1.0421715599798986,1.0457039253367384,1.3711680841824725,0.005784288975699097,0.004923008602379674,1.1783721138952967,1.147716219234586,1.1630441665649414,0.02635832373298194,0.8883702335865213,0,0.04384058051059353,0.04028062109852484,0.036987754601408226,0.04651973402780384,1.177469577531973,1.1543324216291768,0.8911026918042083,0.0,0.0,0.0,0.0,0.0,0.0,11749500035.239624,2,17,12,4,51,0,0,0,0.5877852522924732,-0.8090169943749473,-2.4492935982947064e-16,1.0,0.001444786011798567,1.1754610538482666,84.20253870996203,-0.00015263535945028118,1.1737639904022217,85.64107779463356,0.0032583302689056003,1.1739431619644165,86.69325542432419,-0.0011284787545329754,1.1628313064575195,68.42260502544407,0.0017426145067616567,1.1627906560897827,56.17992550517708,-0.0021349466482306996,1.159057378768921,40.92639113008065,0.001056095214627277,0.002167768986767011,0.9852093633555213,0.8746996591908945,-0.002062849287251466,0.00625216328712096,0.6,0.0007573955003311523,0.002264879558381707,0.452014456296437,-0.106749257624774,-0.003502886982433731,0.00625216328712096,0.5666666666666667,-5.604964066631844e-05,0.0029304677927247157,-0.1675519706241768,-0.31486624751073305,-0.006998753739016789,0.00625216328712096,0.49206349206349204
1.1742188930511475,1.1758896112442017,1.17134428024292,1.1742326021194458,0,-0.0006107669323483436,-0.001419763619046865,1,1.3709068298339844e-05,1.3709068298339844e-05,0.0016570091247558594,0.002874612808227539,0.004545331001281738,0.003016076935401697,0.3645519078442051,0.6324319932197958,-0.0007311105728149414,-0.0006222482407742563,1,1.1744701623916627,-0.00020227024900565382,1.1697753071784973,0.0038103854759239386,1.164052391052246,0.008745492079718975,1.161119019985199,0.011293917167324086,1.1650273263454438,0.007901338848495199,1.1497959768772126,0.02125300977872313,1.1733753975204568,0.0007305458259372344,1.1695464184496196,0.00400683845933858,1.165477764811876,0.0075118011438268795,1.163870126210463,0.008903464033253039,0.004068653637743669,0.0026263877066493597,0.0014422659310943092,0,39.84330019317857,28.93492843824408,13.460961910240158,15.47396652800392,1,1,1,0,0,78.48114099169493,1,0,70.9421071247505,76.1240908235285,-5.181983698777998,104.40113470611219,-29.057892409409817,0.0,0.35110028674429916,0.6470004258773088,1.3914673768265162,0.0056190945791101165,0.004785333475232529,1.1795461899030673,1.1485585922014248,1.164052391052246,0.026620449334732427,0.8285253372128185,0,0.026124009852550045,0.03881547915008784,0.03689459134266453,0.04561136584979293,1.1779326746948782,1.1554562963784376,0.8353794990065697,0.0,0.0,0.0,0.0,0.0,0.0,11742326020.194458,3,18,12,4,51,0,0,0,-0.587785252292473,-0.8090169943749475,-2.4492935982947064e-16,1.0,-0.0004348603030375916,1.1749500036239624,80.04491150438935,0.001444786011798567,1.1754610538482666,84.20253870996203,-0.00015263535945028118,1.1737639904022217,85.64107779463356,0.00625216328712096,1.1701242923736572,77.35742383805558,0.003342812053854932,1.1666841506958008,56.05175900400571,-0.0008109940862881721,1.1581177711486816,46.59582756342659,0.0008006936143442939,0.0021197286977852215,1.345174137971175,1.9628962965906989,-0.002062849287251466,0.00625216328712096,0.5333333333333333,0.0007044760506368113,0.002278084584137336,0.5108443644208958,-0.1249735461613499,-0.003502886982433731,0.00625216328712096,0.5333333333333333,7.267667858043253e-06,0.002873245976108008,-0.18029578878323457,-0.1794657357859832,-0.006998753739016789,0.00625216328712096,0.49206349206349204
1.1725391149520874,1.1737502813339233,1.1704120635986328,1.1725666522979736,0,-0.001419763619046865,-0.0014997716425493423,1,2.753734588623047e-05,2.753734588623047e-05,0.001183629035949707,0.00212705135345459,0.0033382177352905273,0.008249115919013677,0.35456914268349266,0.6371817114413898,-0.0016934871673583984,-0.001442207586603793,1,1.174194860458374,-0.0013866593315067233,1.1706039786338807,0.001676633259196425,1.1650079369544983,0.006488123387885292,1.1614374661445617,0.00958225162943771,1.1653292524814605,0.0062106050289914005,1.150201724767685,0.01944435219210039,1.1731058157796292,-0.00045960353649032726,1.170011069810905,0.002184237784402576,1.166002867588624,0.005629304001937063,1.1642111664491888,0.007176950358199319,0.004008202222280932,0.0029027506097756743,0.0011054516125052578,0,38.363903017728475,26.194862517916928,14.496874612355764,11.697987905561163,1,1,1,0,0,73.41943623479179,1,0,62.66751473811729,70.43055088775431,-7.763036149637017,76.46891651525722,-37.33248478954054,0.0,-0.11725522248789977,0.711745885606252,1.6028984534179003,0.005379287104670499,0.004587617338144073,1.1801021443708195,1.1499137295381772,1.1650079369544983,0.02591262589074545,0.7503846363030526,0,0.016674419619272768,0.037676901373342134,0.03456670756530049,0.04433133450929049,1.1780123137232672,1.1564951653045852,0.7469152791985687,0.0,0.0,0.0,0.0,0.0,0.0,11725666521.979736,4,19,12,4,51,0,0,0,-0.9510565162951536,0.30901699437494723,-2.4492935982947064e-16,1.0,-0.0006107669323483436,1.1742326021194458,78.48114099169493,-0.0004348603030375916,1.1749500036239624,80.04491150438935,0.001444786011798567,1.1754610538482666,84.20253870996203,0.0032583302689056003,1.1739431619644165,86.69325542432419,-0.002062849287251466,1.1642799377441406,54.64407887984327,-0.003502886982433731,1.154068112373352,45.26010220876248,0.0007191888554739567,0.0021833870362391364,1.2813751984318218,1.6780639830509143,-0.002062849287251466,0.00625216328712096,0.5333333333333333,0.0005054323987896954,0.0021895071718381555,0.634274607824333,0.2642696824277002,-0.003502886982433731,0.00625216328712096,0.5,-0.00010176116371517801,0.0027926115809332915,-0.2008201885358045,-0.11964606492249273,-0.006998753739016789,0.00625216328712096,0.47619047619047616
1.1710835695266724,1.177024483680725,1.1710835695266724,1.1708093881607056,0,-0.0014997716425493423,0.004929457555550721,3,-0.0002741813659667969,0.0002741813659667969,0.005940914154052734,-0.0002741813659667969,0.005940914154052734,0.04615137573812947,0.999999983167574,-0.04615137573812947,-0.0014830827713012695,-0.0012648174568740042,0,1.1736039400100708,-0.0023811712400209073,1.17128267288208,-0.00040407395438490923,1.1660103440284728,0.004115781696447884,1.1616488361358643,0.007885818535767308,1.165450665950775,0.004597982794148692,1.1506126469373703,0.017553032443488492,1.1723403399066548,-0.0013058936843719504,1.1701338880185665,0.0005772844022362555,1.1663589061495188,0.003815705343647169,1.1644699202417974,0.0054440803563629014,0.0037749818690477888,0.0030771968616300975,0.0006977850074176913,0,38.85901207491342,30.394677265437508,12.391459826640105,18.003217438797403,1,1,1,0,0,68.15859574509102,0,0,48.54018744067116,60.716603101179636,-12.176415660508475,75.2451303397626,-51.45981202667145,0.0,-0.25172030030531367,0.5830594166968517,1.5044924042113772,0.005454170711254798,0.004658461715409743,1.179720186568694,1.1523005014882517,1.1660103440284728,0.02351581632059783,0.6750218520253395,0,0.018856834936808287,0.03908149971730877,0.03517920514986616,0.044345925796656346,1.178500714140891,1.156684031295872,0.647456668845187,0.0,0.0,0.0,0.0,0.0,0.0,11708093880.607056,0,22,12,4,52,0,0,0,0.0,1.0,-2.4492935982947064e-16,1.0,-0.001419763619046865,1.1725666522979736,73.41943623479179,-0.0006107669323483436,1.1742326021194458,78.48114099169493,-0.0004348603030375916,1.1749500036239624,80.04491150438935,-0.00015263535945028118,1.1737639904022217,85.64107779463356,-0.00022118438593955202,1.164022445678711,59.08079756748829,-0.0005307664626685978,1.1534557342529297,51.09675728363657,0.000609928205132088,0.0022543412687206312,1.2548681948721467,1.42931294240522,-0.002062849287251466,0.00625216328712096,0.4666666666666667,0.00047083689261781617,0.002213387957982325,0.6398226556796046,0.1824853698470109,-0.003502886982433731,0.00625216328712096,0.5,-0.0001435600802541323,0.0027935307456399185,-0.15778675250366206,-0.1347516511298656,-0.006998753739016789,0.00625216328712096,0.4603174603174603
1.1764428615570068,1.18035888671875,1.176429033279419,1.1765950918197632,0,0.004929457555550721,0.0025094133829199968,3,0.00015223026275634766,0.00015223026275634766,0.0037637948989868164,1.3828277587890625e-05,0.003929853439331055,0.03873687943654524,0.9577443182850767,0.003518776832137234,0.0056334733963012695,0.004811605930722907,1,1.1738307476043701,0.0023549767466894966,1.1725277543067931,0.0034688623767611393,1.1672397315502168,0.008014943216780424,1.1620470476150513,0.012519324525902764,1.1656324875354767,0.00940485470383945,1.1510678017139435,0.02217705157384442,1.1737585905443577,0.002416596732934817,1.1711279193725967,0.004668296482615242,1.1671171421250923,0.008120821168474457,1.1649454171664235,0.010000189176825103,0.004010777247504427,0.0032639129388049638,0.000746864308699463,0,40.67986633270836,31.354340154613876,9.761948753677805,21.592391400936073,1,1,1,0,0,71.97076315123655,1,0,79.35816474753022,63.521955642106214,15.836209105424011,116.44925448469543,-20.641834719812387,0.0,0.09647601405287087,1.0695250139520995,2.2449352733292294,0.006000214424160082,0.005099642574889528,1.180042148229689,1.1544373148707445,1.1672397315502168,0.021936224979889053,0.8653747732648631,0,0.04269974263717314,0.044555420315221576,0.03623387871707567,0.04390560175550237,1.180450203385881,1.1564493456892406,0.8393760881889198,0.0,0.0,0.0,0.0,0.0,0.0,11765950917.197632,1,23,12,4,52,0,0,0,0.9510565162951535,0.30901699437494745,-2.4492935982947064e-16,1.0,-0.0014997716425493423,1.1708093881607056,68.15859574509102,-0.001419763619046865,1.1725666522979736,73.41943623479179,-0.0006107669323483436,1.1742326021194458,78.48114099169493,0.001444786011798567,1.1754610538482666,84.20253870996203,0.00010465908031026407,1.1641442775726318,61.361978151489126,-0.0023387457189911476,1.1507612466812134,48.16975592091751,0.0009029674986764186,0.002514433080751533,0.9168172760836688,-0.14877493526594412,-0.002062849287251466,0.00625216328712096,0.4666666666666667,0.0005966491986800777,0.002356280948645813,0.6079516852386698,-0.22336209711073857,-0.003502886982433731,0.00625216328712096,0.5,2.8734133120882552e-05,0.002765792938278576,-0.10090015282086046,-0.14892968036122517,-0.006998753739016789,0.00625216328712096,0.47619047619047616
1.179565191268921,1.1809163093566895,1.1774264574050903,1.179551362991333,0,0.0025094133829199968,-0.0008608228780450154,2,-1.3828277587890625e-05,1.3828277587890625e-05,0.0013511180877685547,0.0021249055862426758,0.003489851951599121,0.0039624251639992095,0.3871562655928193,0.6088812805886716,0.002970099449157715,0.0025243173879908195,0,1.1747510194778443,0.004086264522003669,1.1741997599601746,0.0045576597042433775,1.168393111228943,0.009550083404461729,1.1624335265159607,0.014725862583476301,1.1658488345146178,0.011753263347597409,1.1515249210596084,0.024338545624788877,1.1756895146933495,0.0032847517557919037,1.172423833775479,0.006079311005042998,1.1680381955225916,0.009856841507314362,1.1655181993556356,0.012040278343359745,0.004385638252887514,0.003488258001621474,0.0008973802512660398,0,42.47062749551747,29.513577095465344,8.788242341830982,20.725334753634364,1,1,1,0,0,71.10884798722591,1,0,92.89821135462007,73.59885451427381,19.299356840346263,119.74281624441443,-7.101788125081955,0.0,0.3916217160881974,1.4378746462158754,2.3909588608465926,0.005776348172528907,0.004897072186318725,1.1812716020658793,1.1555146203920066,1.168393111228943,0.02204479076787476,0.9332127036603607,0,0.04502557647773956,0.04326735612069371,0.03658191690861414,0.04178699384745468,1.1810597650210732,1.1579543723309575,0.9347164472189577,0.0,0.0,0.0,0.0,0.0,0.0,11795513628.91333,2,24,12,4,52,0,0,0,0.5877852522924732,-0.8090169943749473,-2.4492935982947064e-16,1.0,0.004929457555550721,1.1765950918197632,71.97076315123655,-0.0014997716425493423,1.1708093881607056,68.15859574509102,-0.001419763619046865,1.1725666522979736,73.41943623479179,-0.0004348603030375916,1.1749500036239624,80.04491150438935,-0.0011284787545329754,1.1628313064575195,68.42260502544407,0.001082257967005073,1.1520073413848877,55.87498973331951,0.0009540874237536412,0.0025403837537129976,0.8372056452153832,-0.37178720017293004,-0.002062849287251466,0.00625216328712096,0.4666666666666667,0.0005931170859846746,0.0023532279292816927,0.6116620596754044,-0.2074278498269188,-0.003502886982433731,0.00625216328712096,0.5,0.00017965742077067278,0.002632333184698838,0.03601699063389708,-0.41137600754936565,-0.005648764894055418,0.00625216328712096,0.49206349206349204
1.178383708000183,1.179940938949585,1.1763044595718384,1.1785364151000977,0,-0.0008608228780450154,-0.0010718568594030558,1,0.00015270709991455078,0.00015270709991455078,0.0014045238494873047,0.0020792484283447266,0.003636479377746582,0.04199311472786829,0.3862317546633444,0.5717751031096633,-0.0011676549911499023,-0.0009899144943461783,1,1.1756117820739747,0.002487754010694454,1.1750409722328186,0.002974741178888074,1.1693092346191407,0.007891137867540365,1.162711606025696,0.013610261470711649,1.1659710311889648,0.010776754716832038,1.1519580149650575,0.02307236868657858,1.176638481495599,0.0016130132867360203,1.1733642309023435,0.0044079953701468,1.1688158414172216,0.008316599790654688,1.1660287176201243,0.010726748998454383,0.004548389485121929,0.0037002842983215652,0.0008481051868003634,0,42.53548599795426,26.907497243689647,10.736668164708925,16.170829078980724,1,1,1,0,0,74.50494690926041,1,0,87.6174581583801,86.62461142017679,0.9928467382033119,98.55765974193277,-12.382541321321934,0.0,0.36652133256083186,0.7189084767547316,1.906870313831499,0.005491032333224597,0.00465919615414879,1.1823437313516991,1.1562747378865823,1.1693092346191407,0.022294353530337416,0.8539523076680614,0,0.04554477911262272,0.03500437779141079,0.03576249604309323,0.04114733968496208,1.181349071097139,1.1593849417642408,0.87194320149887,0.0,0.0,0.0,0.0,0.0,0.0,11785364150.000977,4,26,12,4,52,0,0,0,-0.9510565162951536,0.30901699437494723,-2.4492935982947064e-16,1.0,0.0025094133829199968,1.179551362991333,71.10884798722591,0.004929457555550721,1.1765950918197632,71.97076315123655,-0.0014997716425493423,1.1708093881607056,68.15859574509102,-0.0006107669323483436,1.1742326021194458,78.48114099169493,0.00625216328712096,1.1701242923736572,77.35742383805558,0.003878233380834474,1.156483769416809,60.394638454646405,0.0006738450949603114,0.002489399701422799,1.1763944658163996,0.44214440553652096,-0.002062849287251466,0.00625216328712096,0.4,0.0005509041845566424,0.0023680202438028106,0.649042552661729,-0.2280862058435586,-0.003502886982433731,0.00625216328712096,0.4666666666666667,0.00010422760439250855,0.0025920387599597254,0.07792771087291628,-0.30718109638897273,-0.005648764894055418,0.00625216328712096,0.47619047619047616
1.1774957180023193,1.1788560152053833,1.1754058599472046,1.1772738695144653,0,-0.0010718568594030558,1.18472044775698e-05,2,-0.0002218484878540039,0.0002218484878540039,0.0013602972030639648,0.0018680095672607422,0.003450155258178711,0.06430101396103932,0.39427128979549686,0.5414276672592617,-0.0010406970977783203,-0.0008830419530156187,0,1.176553225517273,0.000612504289225102,1.1753740429878234,0.0016163590116817783,1.170173668861389,0.00606764683004557,1.1628578805923462,0.012397034118680095,1.1660671198368073,0.009610724276545302,1.1523746430873871,0.02160688494343188,1.1768502775018879,0.00035993696108960194,1.1739657137657469,0.002817932082381791,1.1694423620170176,0.00669678784619232,1.166469703968922,0.009262276943718062,0.0045233517487293096,0.003864897788403114,0.0006584539603261956,0,41.39680188922676,24.535738948429014,12.086036358625499,12.449702589803515,1,1,1,0,0,72.01669718488324,1,0,81.04845920355538,87.1880429055185,-6.139583701963119,80.48326227224102,-18.95154027614665,0.0,0.40144559861621243,0.28371966019848927,1.4704117510464743,0.005218915389885146,0.004433051242014096,1.1828938854224096,1.1574534523003686,1.170173668861389,0.021740732847476556,0.7790911829647933,0,0.04456585085872642,0.032884803963622276,0.03534126927336696,0.04103430217998354,1.1814626336946294,1.1605869721350888,0.7993469932365113,0.0,0.0,0.0,0.0,0.0,0.0,11772738694.144653,0,29,12,4,1,0,0,0,0.0,1.0,-2.4492935982947064e-16,1.0,-0.0008608228780450154,1.1785364151000977,74.50494690926041,0.0025094133829199968,1.179551362991333,71.10884798722591,0.004929457555550721,1.1765950918197632,71.97076315123655,-0.001419763619046865,1.1725666522979736,73.41943623479179,0.0032583302689056003,1.1739431619644165,86.69325542432419,0.0032202570718964044,1.1602139472961426,58.47389755999448,0.000739911256816872,0.0024238702866919938,1.267868404627793,0.5761899464830287,-0.0014997716425493423,0.00625216328712096,0.4,0.0004009904814150621,0.002321664038477449,0.8138028686302811,0.14873467190284073,-0.003502886982433731,0.00625216328712096,0.43333333333333335,5.577573090592442e-05,0.00258491806645981,0.12871585346396866,-0.2719182492187255,-0.005648764894055418,0.00625216328712096,0.4603174603174603
1.1773016452789307,1.1781338453292847,1.1746188402175903,1.1772878170013428,0,1.18472044775698e-05,-0.0021756559939025886,1,-1.3828277587890625e-05,1.3828277587890625e-05,0.0008322000503540039,0.0026689767837524414,0.003515005111694336,0.003934070294372334,0.23675642004321779,0.7593094812129499,2.777576446533203e-05,2.359329055220436e-05,0,1.1778489112854005,-0.00047637212093509795,1.1757264256477356,0.0013280225904714893,1.171030730009079,0.00534323031102768,1.1630887222290038,0.01220809246942589,1.166192045211792,0.009514532134014209,1.1528051280975342,0.02123749123330887,1.1769961240017062,0.0002478282584483793,1.1744768065712232,0.0023934149351885203,1.1700235068306712,0.006208687285034209,1.1668939436956836,0.008907298954564657,0.004453299740551975,0.0039825781788328865,0.00047072156171908824,0,39.34554324013027,22.232107561175994,13.0534901446387,9.178617416537294,1,1,1,0,0,71.91601861881752,1,0,80.5751259279668,83.08034776330076,-2.5052218353339697,69.98201049608475,-19.424873536690374,0.0,0.5533290820988856,0.30021594016642617,1.4916252862986479,0.004991727352793038,0.00424002294110493,1.1832044408360916,1.1588570191820664,1.171030730009079,0.020791445542814438,0.7569917671561821,0,0.04078002512734413,0.032834075735335,0.03528213828698858,0.04102923079237918,1.1816047351524912,1.161637825741319,0.7837963732578174,0.0,0.0,0.0,0.0,0.0,0.0,11772878169.013428,1,30,12,4,1,0,0,0,0.9510565162951535,0.30901699437494745,-2.4492935982947064e-16,1.0,-0.0010718568594030558,1.1772738695144653,72.01669718488324,-0.0008608228780450154,1.1785364151000977,74.50494690926041,0.0025094133829199968,1.179551362991333,71.10884798722591,-0.0014997716425493423,1.1708093881607056,68.15859574509102,-0.00015263535945028118,1.1737639904022217,85.64107779463356,-0.00019719223599180802,1.1599851846694946,59.04980073439255,0.0007554466961780134,0.00241800999223325,1.2577944353385264,0.5731493766346989,-0.0014997716425493423,0.00625216328712096,0.4666666666666667,0.00044904386267306747,0.002297255677417482,0.7912932410523499,0.20294812744896262,-0.003502886982433731,0.00625216328712096,0.4666666666666667,5.000347625121447e-05,0.002584598599069259,0.13565163937373326,-0.26923912901682373,-0.005648764894055418,0.00625216328712096,0.4603174603174603
1.1746463775634766,1.1758756637573242,1.1720856428146362,1.1747292280197144,0,-0.0021756559939025886,0.0002701996718946847,2,8.285045623779297e-05,8.285045623779297e-05,0.0011464357376098633,0.002560734748840332,0.0037900209426879883,0.021860157319610322,0.30248796106862225,0.6756518552266897,-0.002641439437866211,-0.0022436649725721502,1,1.1774757385253907,-0.002332541143380662,1.1756532430648803,-0.0007859589130877476,1.1717288851737977,0.00256061174528055,1.1632944560050964,0.00982964532720576,1.1663208878040314,0.007209285371535534,1.1532504230737686,0.018624580068945962,1.176240492007709,-0.0012848257632132043,1.174515640640222,0.00018185137096837778,1.1703720787706005,0.003722875167458284,1.1672012097476063,0.006449631913156617,0.004143561869621504,0.00401477491699061,0.00012878695263089397,0,34.52374621202198,19.16012336243307,17.97835271699242,1.1817706454406505,1,1,1,0,0,69.0477886228887,0,0,50.93542278171194,70.8530026377447,-19.917579856032752,32.939192763977445,-49.064576425271554,0.0,-0.15858164061886004,-0.06225861981189462,1.2569647703995601,0.005019786930648172,0.00427314381092135,1.1829914428051422,1.1604663275424532,1.1717288851737977,0.019223828605561464,0.6331998858876643,1,0.027969002697905903,0.034296374409168794,0.036635227751099585,0.041268641142786555,1.1819568493151356,1.1618777015925428,0.640043419208818,0.0,0.0,0.0,0.0,0.0,0.0,11747292279.197144,2,31,12,4,1,0,1,1,0.5877852522924732,-0.8090169943749473,-2.4492935982947064e-16,1.0,1.18472044775698e-05,1.1772878170013428,71.91601861881752,-0.0010718568594030558,1.1772738695144653,72.01669718488324,-0.0008608228780450154,1.1785364151000977,74.50494690926041,0.004929457555550721,1.1765950918197632,71.97076315123655,0.001444786011798567,1.1754610538482666,84.20253870996203,0.00013913811257868804,1.1601465940475464,57.43562967470822,0.00060342569123049,0.0025308947484071697,1.1784530111769203,0.39013544716051557,-0.0021756559939025886,0.00625216328712096,0.4,0.0004476868844840046,0.0022988461341796745,0.7890301922734788,0.19966662799780718,-0.003502886982433731,0.00625216328712096,0.4666666666666667,1.7891164613474214e-05,0.002599680033556705,0.16113366626768758,-0.3184980626183376,-0.005648764894055418,0.00625216328712096,0.4603174603174603
1.1751158237457275,1.176747441291809,1.17134428024292,1.175046682357788,0,0.0002701996718946847,-0.0039052493947448214,1,-6.914138793945312e-05,6.914138793945312e-05,0.001631617546081543,0.003702402114868164,0.00540316104888916,0.012796469702494059,0.3019746221000624,0.6852288896897595,0.0003865957260131836,0.0003290934768278247,0,1.1765748023986817,-0.0012987870704423976,1.175662910938263,-0.000524154223705775,1.1723416864871978,0.002307344182620241,1.1635946106910706,0.009841977146088476,1.1663942956924438,0.007418063168309619,1.1537077754735947,0.018495937390717643,1.1758425554577354,-0.0006768535431768141,1.1745973393660014,0.00038255057855907104,1.1707183457029848,0.003697163002801096,1.1675088753401626,0.006456316586701538,0.0038789936630165833,0.003987618666195804,-0.00010862500317922099,1,31.211230985336876,18.73028594577418,15.424174475217043,3.3061114705571377,1,1,1,0,0,60.146647730615356,0,0,44.12138502642312,58.54397791203394,-14.422592885610818,30.72447442337132,-55.87861402158089,0.0,-0.3818977939308299,0.008228327463077889,1.2302700197962313,0.005070903479746971,0.004315491082567382,1.1828660447088972,1.1618173282654984,1.1723416864871978,0.01795442121031597,0.628511199959058,1,0.015408136003410832,0.0342645247799166,0.03665213750216024,0.041240955508326495,1.18235712116609,1.1620735072471022,0.6395889361009104,0.0,0.0,0.0,0.0,0.0,0.0,11750466822.57788,4,2,1,1,1,0,0,0,-0.9510565162951536,0.30901699437494723,0.49999999999999994,0.8660254037844387,-0.0021756559939025886,1.1747292280197144,69.0477886228887,1.18472044775698e-05,1.1772878170013428,71.91601861881752,-0.0010718568594030558,1.1772738695144653,72.01669718488324,0.0025094133829199968,1.179551362991333,71.10884798722591,-0.0004348603030375916,1.1749500036239624,80.04491150438935,0.0005338681523857639,1.1607661247253418,53.68891132775917,0.0006966709196590007,0.0024879297427285478,1.138370715642385,0.4186969940349369,-0.0021756559939025886,0.00625216328712096,0.4666666666666667,0.00048372667642343313,0.0022868768858250827,0.756967468437342,0.21378729505536057,-0.003502886982433731,0.00625216328712096,0.5,3.428062258008623e-05,0.002597936002516935,0.14237816303800932,-0.3151233043621349,-0.005648764894055418,0.00625216328712096,0.47619047619047616
1.1706448793411255,1.1718658208847046,1.166003942489624,1.1704667806625366,0,-0.0039052493947448214,0.0008782538878940032,2,-0.0001780986785888672,0.0001780986785888672,0.0012209415435791016,0.004462838172912598,0.005861878395080566,0.030382526478215478,0.20828503091692296,0.7613324255454837,-0.004401803016662598,-0.0037460665030393174,0,1.1749608755111693,-0.0038248890170875516,1.175286328792572,-0.004100743888152625,1.1725308179855347,-0.0017603268000820904,1.1637870073318481,0.005739687063038179,1.1663860702514648,0.003498593145785822,1.1541583245992661,0.014130172277291297,1.1740506305260026,-0.003052551457303876,1.1739618687962377,-0.0029771735575936376,1.1706997112555442,-0.00019896707135758085,1.1676248716273145,0.0024339229182552824,0.0032621575406934777,0.003842526441095339,-0.0005803689004018611,0,30.464304213731854,14.697939862039293,24.817580087845805,-10.119640225806512,1,1,1,0,0,43.05203228054288,0,0,29.927094624005417,41.661300810713485,-11.734206186708068,-54.9129542361186,-70.07290470541022,0.0,-0.6847165971427094,-0.32070489697799687,0.660146736865519,0.00560048166486925,0.004784827520880724,1.1827588722538152,1.1623027637172543,1.1725308179855347,0.017446115889696495,0.3990992172719952,1,0.02722504854353044,0.03951920737832465,0.03950964400977403,0.041932702236188446,1.1832497505321384,1.1608478238726614,0.4293807801958807,0.0,0.0,0.0,0.0,0.0,0.0,11704667805.625366,0,5,1,1,2,0,0,0,0.0,1.0,0.49999999999999994,0.8660254037844387,0.0002701996718946847,1.175046682357788,60.146647730615356,-0.0021756559939025886,1.1747292280197144,69.0477886228887,1.18472044775698e-05,1.1772878170013428,71.91601861881752,-0.0008608228780450154,1.1785364151000977,74.50494690926041,-0.0006107669323483436,1.1742326021194458,78.48114099169493,0.0017426145067616567,1.1627906560897827,56.17992550517708,1.9510074201281937e-05,0.0022375543830969,0.6682772490231662,0.6415163520816994,-0.0039052493947448214,0.004929457555550721,0.4,0.0004703145960130634,0.0023121045556240183,0.6877778031731929,0.2552548792381243,-0.0039052493947448214,0.00625216328712096,0.5,-1.0593469591201341e-05,0.002641511950425635,0.13407405521452972,-0.4025044426972988,-0.005648764894055418,0.00625216328712096,0.47619047619047616
1.1716461181640625,1.1745359897613525,1.1684154272079468,1.1714951992034912,0,0.0008782538878940032,-0.0022817823442597422,1,-0.00015091896057128906,0.00015091896057128906,0.002889871597290039,0.0030797719955444336,0.006120562553405762,0.02465769392742199,0.47215783269238853,0.5031844570418224,0.001179337501525879,0.0010075787890003705,0,1.1738051414489745,-0.001967909547946789,1.1751791834831238,-0.003134827804216256,1.172891581058502,-0.001190546489925004,1.1639808201789856,0.0064557583712629985,1.1664496767520904,0.004325537956354264,1.1546220570802688,0.0146135628695927,1.1731988200851655,-0.001452116173629836,1.1735823811665842,-0.0017784708567628593,1.1707586362887255,0.0006291329330165851,1.1677766491793216,0.003184298920914763,0.002823744877858747,0.003638770128448021,-0.0008150252505892738,0,27.194886974216598,18.86167091848266,21.245511457428435,-2.383840538945776,1,1,1,0,0,45.61442071443935,0,0,36.823508474508785,36.957329374979096,-0.1338209004703117,-28.96693044802303,-63.17649085490686,0.0,-0.4908518281610541,-0.0913767326047199,0.4123694064774197,0.0056698257833407845,0.0048398199042657295,1.1823762465621708,1.1634069155548334,1.172891581058502,0.016173132548705588,0.42638739357178607,1,0.03173557906299215,0.039414155009599355,0.0380229987494935,0.041968587908679765,1.1833357161025189,1.160656412969156,0.47791530995496556,0.0,0.0,0.0,0.0,0.0,0.0,11714951991.034912,1,6,1,1,2,0,0,0,0.9510565162951535,0.30901699437494745,0.49999999999999994,0.8660254037844387,-0.0039052493947448214,1.1704667806625366,43.05203228054288,0.0002701996718946847,1.175046682357788,60.146647730615356,-0.0021756559939025886,1.1747292280197144,69.0477886228887,-0.0010718568594030558,1.1772738695144653,72.01669718488324,-0.001419763619046865,1.1725666522979736,73.41943623479179,0.003342812053854932,1.1666841506958008,56.05175900400571,-0.00013916168453282455,0.0020695570337127783,0.8005292496625401,1.8748218100666554,-0.0039052493947448214,0.004929457555550721,0.4,0.0005172819410318168,0.0023053690709302225,0.6315595620264733,0.23380171181128853,-0.0039052493947448214,0.00625216328712096,0.5333333333333333,6.321575992485606e-06,0.0026437725353075955,0.11454463509344147,-0.4150630988068526,-0.005648764894055418,0.00625216328712096,0.49206349206349204
1.1687841415405273,1.170548915863037,1.1674468517303467,1.1688251495361328,0,-0.0022817823442597422,-0.0009814279491846623,2,4.100799560546875e-05,4.100799560546875e-05,0.0017237663269042969,0.001337289810180664,0.0031020641326904297,0.01321958300325148,0.5556836343808617,0.4310967503792881,-0.002711057662963867,-0.0023141858921621856,1,1.1721126079559325,-0.0028047292531494517,1.1749807596206665,-0.005238902963821346,1.1731317162513732,-0.003671000242525646,1.1640939354896545,0.004064288801643778,1.1664313411712646,0.0020522496097021836,1.155095152258873,0.011886464200997704,1.1717409299021546,-0.00248841735520533,1.172850499377284,-0.003432108306169579,1.1706154150477925,-0.001529337123442609,1.167817766840373,0.0008626196862879798,0.002235084329491377,0.0033580329686566926,-0.0011229486391653156,0,25.132632897228923,16.994813630507828,21.510737504355067,-4.515923873847239,0,1,1,0,0,37.637797509082006,0,0,18.918573106063846,28.556392068192675,-9.63781896212883,-89.80987169064952,-81.0814262233518,0.0,-0.7188274050745846,-0.1694758040580724,0.3903882257731528,0.005453628675314618,0.004665906339380521,1.1818859715580314,1.164377460944715,1.1731317162513732,0.014924590622927352,0.2540300922359429,1,0.03137604141843438,0.0403802165206921,0.03819405365636495,0.041105424727813554,1.1826013299817328,1.1607868152804743,0.3684855853495643,0.0,0.0,0.0,0.0,0.0,0.0,11688251494.361328,2,7,1,1,2,0,0,0,0.5877852522924732,-0.8090169943749473,0.49999999999999994,0.8660254037844387,0.0008782538878940032,1.1714951992034912,45.61442071443935,-0.0039052493947448214,1.1704667806625366,43.05203228054288,0.0002701996718946847,1.175046682357788,60.146647730615356,1.18472044775698e-05,1.1772878170013428,71.91601861881752,-0.0014997716425493423,1.1708093881607056,68.15859574509102,-0.002062849287251466,1.1642799377441406,54.64407887984327,-0.0002811048168534553,0.0021422843678859395,0.8689927439715852,1.5230300111858475,-0.0039052493947448214,0.004929457555550721,0.4,0.0005191807201895304,0.002302957833925742,0.6350281676700765,0.23860295465045983,-0.0039052493947448214,0.00625216328712096,0.5333333333333333,4.576096898700492e-05,0.0025893983658447513,0.16753746719862647,-0.38460900561531214,-0.005648764894055418,0.00625216328712096,0.49206349206349204
1.1677467823028564,1.1684973239898682,1.1652837991714478,1.1676785945892334,0,-0.0009814279491846623,-0.0016217000708161422,1,-6.818771362304688e-05,6.818771362304688e-05,0.0007505416870117188,0.0023947954177856445,0.00321352481842041,0.021218977712662068,0.23355713929881186,0.7452238518700495,-0.0010783672332763672,-0.0009226078285636426,0,1.1707024812698363,-0.0025829677725331956,1.1740891098976136,-0.005459990518431157,1.1733084321022034,-0.004798258887821372,1.1641440033912658,0.003036214667057946,1.1664397883415223,0.0010620403727537031,1.1555330443382263,0.010510777004141492,1.170386818131181,-0.002313956035527198,1.172054821717584,-0.00373380762306319,1.170397872791603,-0.002323379395462566,1.1678123091050343,-0.00011450009110791637,0.0016569489259810055,0.0030178161601215553,-0.0013608672341405498,0,24.955332074023918,15.451220719103308,25.104695448450872,-9.653474729347565,0,1,1,0,0,36.767224357327784,0,0,15.319327312687053,23.687136297753216,-8.367808985066164,-139.63689239952947,-84.68067204762042,0.0,-0.6001922198161758,-0.7578220657659895,0.31409608329251437,0.005198658233897343,0.004452131140830681,1.181417732745636,1.1651991314587706,1.1733084321022034,0.013822964909938042,0.152877740276097,1,0.030758213229166952,0.0286909456780547,0.03838637006570873,0.04096079079444408,1.18170896261872,1.1609143296831308,0.32528897694543635,0.0,0.0,0.0,0.0,0.0,0.0,11676785944.892334,3,8,1,1,2,0,0,0,-0.587785252292473,-0.8090169943749475,0.49999999999999994,0.8660254037844387,-0.0022817823442597422,1.1688251495361328,37.637797509082006,0.0008782538878940032,1.1714951992034912,45.61442071443935,-0.0039052493947448214,1.1704667806625366,43.05203228054288,-0.0021756559939025886,1.1747292280197144,69.0477886228887,0.004929457555550721,1.1765950918197632,71.97076315123655,-0.00022118438593955202,1.164022445678711,59.08079756748829,-0.0004428524142523372,0.002093709480439081,1.1496285889078195,2.400676032064852,-0.0039052493947448214,0.004929457555550721,0.3333333333333333,0.0004503911896498725,0.0023163410442699765,0.7089938828638542,0.25418557493812133,-0.0039052493947448214,0.00625216328712096,0.5,6.104602420041555e-05,0.002580287284443877,0.15755646367947654,-0.3553872118296861,-0.005648764894055418,0.00625216328712096,0.49206349206349204
1.165813684463501,1.16604483127594,1.161926031112671,1.1657865047454834,0,-0.0016217000708161422,-0.0029335393489510466,1,-2.7179718017578125e-05,2.7179718017578125e-05,0.00023114681243896484,0.0038604736328125,0.004118800163269043,0.0065989405361467825,0.05611993727889742,0.9372810979060413,-0.0018649101257324219,-0.0015971091139413667,0,1.1688504457473754,-0.0026213285992039426,1.1727126240730286,-0.0059060670830838324,1.1734561920166016,-0.006535980995834301,1.1641440033912658,0.0014109090020579806,1.166455125808716,-0.0005732077886079212,1.155950018763542,0.008509438748581788,1.1688533803359484,-0.002623832673796289,1.1710904652603378,-0.004529078471510184,1.1700562899733717,-0.0036492136011854193,1.1677328657968167,-0.0016667863071906375,0.0010341752869660326,0.0026210879854904508,-0.0015869126985244182,0,26.801048562585486,13.203484451005785,29.94389255089376,-16.740408099887976,0,1,1,0,0,35.25970260144655,0,0,20.328683776393667,18.188861398381512,2.1398223780121555,-202.3575040565441,-79.6713156970211,0.0,-0.7880689126089635,-1.1669570887478775,0.1410673233970483,0.005272512266252698,0.0045227082697715144,1.1808366236818508,1.1660757603513523,1.1734561920166016,0.012578964114436923,-0.019596116936577444,1,0.027839621927693275,0.02228718099428773,0.0388744234314876,0.03944284748990418,1.1813304667400553,1.1602404176750445,0.26297174686724234,0.0,0.0,0.0,0.0,0.0,0.0,11657865046.454834,4,9,1,1,2,0,0,0,-0.9510565162951536,0.30901699437494723,0.49999999999999994,0.8660254037844387,-0.0009814279491846623,1.1676785945892334,36.767224357327784,-0.0022817823442597422,1.1688251495361328,37.637797509082006,0.0008782538878940032,1.1714951992034912,45.61442071443935,0.0002701996718946847,1.175046682357788,60.146647730615356,0.0025094133829199968,1.179551362991333,71.10884798722591,0.00010465908031026407,1.1641442775726318,61.361978151489126,-0.0005219750654375739,0.0021156961612351552,1.229420212558354,2.39106473772932,-0.0039052493947448214,0.004929457555550721,0.3333333333333333,0.0002670600745948519,0.0022524529949501486,0.8742872244935906,0.7600374227403421,-0.0039052493947448214,0.00625216328712096,0.4666666666666667,0.00012496768806135642,0.002484665844250826,0.29370676652110755,-0.42797563090067453,-0.004687056236158633,0.00625216328712096,0.49206349206349204
1.162493348121643,1.169864296913147,1.162304162979126,1.1623716354370117,0,-0.0029335393489510466,0.003714985157428741,3,-0.00012171268463134766,0.00012171268463134766,0.007370948791503906,6.747245788574219e-05,0.007560133934020996,0.016099276029186024,0.974975940682302,0.008924770061233388,-0.003293156623840332,-0.0028248368034392507,0,1.1672314167022706,-0.004163511447089596,1.17109614610672,-0.007449867201738902,1.1730685591697694,-0.00911875418382746,1.1641847324371337,-0.0015573963903225962,1.1664270901679992,-0.003476818109613422,1.156352436542511,0.005205332391547968,1.1666927987029696,-0.0037037713530000405,1.16974910682598,-0.006306883625973203,1.1694870563040118,-0.006084223786861687,1.1675226214689811,-0.0044118940710949905,0.00026205052196814904,0.0021492804927859903,-0.0018872299708178413,0,24.60177612639258,19.947844360530997,24.532180473567472,-4.584336113036475,0,1,1,0,0,33.23111038239753,0,0,2.3464865352074953,12.664832541429396,-10.318346006221901,-166.1794085698063,-97.65351293820727,0.0,-0.6916168283684798,-1.3715978102987192,-0.03953032722417982,0.0055775284886218045,0.004798403813462813,1.181864453185458,1.1642726651540807,1.1730685591697694,0.014996385243099703,-0.10806347273351977,1,0.023199823391459692,0.02384641120963843,0.04005876804771049,0.03943755534659021,1.181139184254266,1.1588290702997788,0.15878740595323979,0.0,0.0,0.0,0.0,0.0,0.0,11623716353.370117,0,12,1,1,3,0,0,0,0.0,1.0,0.49999999999999994,0.8660254037844387,-0.0016217000708161422,1.1657865047454834,35.25970260144655,-0.0009814279491846623,1.1676785945892334,36.767224357327784,-0.0022817823442597422,1.1688251495361328,37.637797509082006,-0.0039052493947448214,1.1704667806625366,43.05203228054288,-0.0008608228780450154,1.1785364151000977,74.50494690926041,-0.0011284787545329754,1.1628313064575195,68.42260502544407,-0.0006768265598777541,0.0022057466661176118,1.2206465131385784,2.013534298144316,-0.0039052493947448214,0.004929457555550721,0.3333333333333333,6.193352723327024e-05,0.0022544434858166587,0.9765055526026336,1.1398598741018202,-0.0039052493947448214,0.00625216328712096,0.43333333333333335,2.912357319489507e-05,0.0024843324705576997,0.35359500958673185,-0.3741020415243018,-0.004687056236158633,0.00625216328712096,0.47619047619047616
1.1667931079864502,1.1675423383712769,1.1635212898254395,1.1666978597640991,0,0.003714985157428741,-0.0020979446034860723,1,-9.524822235107422e-05,9.524822235107422e-05,0.0007492303848266602,0.003176569938659668,0.004021048545837402,0.023687408619061445,0.18632711285456968,0.7899854536572344,0.0044214725494384766,0.0038038372705092474,0,1.166271948814392,0.0003651899971559569,1.1700385451316833,-0.0028551926611295464,1.1727062940597535,-0.005123562843976526,1.164373755455017,0.0019960121893800586,1.1664810156822205,0.00018589585166384204,1.156787931919098,0.008566762732131972,1.166694485723346,2.8918802599253723e-06,1.1692796842010753,-0.002208047032408178,1.1692804491529072,-0.0022086997952101006,1.1674902778727112,-0.0006787364516542826,-7.64951831877525e-07,0.001719271403862417,-0.0017200363556942944,0,22.695740015024953,17.457916090791045,21.470026559816354,-4.012110469025309,0,1,1,0,0,43.7642811696536,0,0,25.12774465431269,15.934304988637942,9.193439665674747,-122.09622329081921,-74.87225481910208,0.0,-0.4095056849275913,-0.8983474469477559,-0.29282638023071517,0.0055232850813742495,0.004734117779231737,1.1819365986160864,1.1634759895034206,1.1727062940597535,0.015741886271611466,0.17452675713800558,1,0.04187886995152744,0.03505673718479234,0.03579112346436124,0.0396047217741878,1.1807177195813972,1.1586245792559002,0.3654202323759187,0.0,0.0,0.0,0.0,0.0,0.0,11666978596.640991,1,13,1,1,3,0,0,0,0.9510565162951535,0.30901699437494745,0.49999999999999994,0.8660254037844387,-0.0029335393489510466,1.1623716354370117,33.23111038239753,-0.0016217000708161422,1.1657865047454834,35.25970260144655,-0.0009814279491846623,1.1676785945892334,36.767224357327784,0.0008782538878940032,1.1714951992034912,45.61442071443935,-0.0010718568594030558,1.1772738695144653,72.01669718488324,0.00625216328712096,1.1701242923736572,77.35742383805558,-0.00033450997477938046,0.002465371632245445,0.8584213542852744,0.22757585551742446,-0.0039052493947448214,0.004929457555550721,0.4,0.00019233944034728856,0.002350058080558477,0.8223669092612739,0.46984871961948527,-0.0039052493947448214,0.00625216328712096,0.4666666666666667,0.0001368202846064842,0.0024948629656763263,0.30094585499117316,-0.4460903091026136,-0.004687056236158633,0.00625216328712096,0.49206349206349204
1.1643340587615967,1.1663167476654053,1.1637108325958252,1.164252758026123,0,-0.0020979446034860723,0.00032606295146541086,2,-8.130073547363281e-05,8.130073547363281e-05,0.0019826889038085938,0.0005419254302978516,0.002605915069580078,0.031198534941846844,0.7608416908398778,0.2079597358440407,-0.0023638010025024414,-0.002026060974156398,0,1.1653574705123901,-0.0009479602732426207,1.1687350392341613,-0.003835156093712988,1.1722307324409484,-0.006805805626279859,1.1646027255058289,-0.00030050383019997184,1.1664139413833619,-0.0018528443294242303,1.157154848575592,0.00613393216876279,1.1658805764909386,-0.0013962138125461765,1.1685063109433904,-0.0036401626393179898,1.1689080275879602,-0.003982579939197595,1.1673633163101,-0.0026646017912766995,-0.00040171664456978284,0.001295073794175977,-0.0016967904387457599,0,21.043842051839388,16.116968739930016,19.82090789705177,-3.7039391571217557,0,1,1,0,0,29.17043748383847,0,1,12.252200158956633,13.242143782825599,-0.9899436238689656,-122.35091362671594,-87.74779931445813,0.0,-0.39119551045119216,-1.10721089498923,-0.8254576756576593,0.00518511735962754,0.004453601096013756,1.1821833925277483,1.1622780723541486,1.1722307324409484,0.01698071857445041,0.09920391356844761,1,0.04149336159860832,0.035115922244930535,0.03415594025548864,0.03940084831565904,1.1795253468624254,1.1587848774239151,0.26363340482988284,0.0,0.0,0.0,0.0,0.0,0.0,11642527579.26123,2,14,1,1,3,0,0,0,0.5877852522924732,-0.8090169943749473,0.49999999999999994,0.8660254037844387,0.003714985157428741,1.1666978597640991,43.7642811696536,-0.0029335393489510466,1.1623716354370117,33.23111038239753,-0.0016217000708161422,1.1657865047454834,35.25970260144655,-0.0022817823442597422,1.1688251495361328,37.637797509082006,1.18472044775698e-05,1.1772878170013428,71.91601861881752,0.0032583302689056003,1.1739431619644165,86.69325542432419,-0.00037438817217516233,0.0024902784535506812,0.8675364669129993,0.16414917770463086,-0.0039052493947448214,0.004929457555550721,0.4,0.00011777001647846319,0.0023870062705147483,0.8525804407741414,0.39061081700886646,-0.0039052493947448214,0.00625216328712096,0.43333333333333335,5.497517382032835e-05,0.002482020144957428,0.368524274761475,-0.36744177136616835,-0.004687056236158633,0.00625216328712096,0.47619047619047616
1.1645103693008423,1.164686679840088,1.1593934297561646,1.1646324396133423,0,0.00032606295146541086,-0.0032092523812508244,1,0.0001220703125,0.0001220703125,5.424022674560547e-05,0.005116939544677734,0.00529325008392334,0.02306150441759809,0.01024705518555384,0.9666914215048638,0.0002576112747192383,0.00022126748072632125,1,1.164748239517212,-9.942063008205881e-05,1.1677253603935243,-0.0026486714983006143,1.1716893017292023,-0.0060228101467197925,1.1648570847511293,-0.00019285218822850947,1.1664418160915375,-0.001551193169756937,1.157456138730049,0.006200062829635256,1.1654645308650733,-0.0007139568211844693,1.1679103307387675,-0.0028066291896494677,1.1685913173676181,-0.00338773512613022,1.1672562231063057,-0.0022478214643878447,-0.0006809866288506328,0.0008998617095706551,-0.0015808483384212879,0,22.754834047529435,13.929307851432066,28.201740664502513,-14.272432813070447,0,1,1,0,0,22.423813924392746,0,1,25.497055542665386,20.959000118644894,4.538055424020492,-131.4791127104753,-74.50294397065761,0.0,-0.2608727255947296,-0.8594992076082608,-0.7779716249218249,0.005199535056200313,0.004464528789426564,1.1820709605207351,1.1613076429376694,1.1716893017292023,0.017720839091601086,0.1601283921203272,1,0.04213457197336543,0.03524236961778824,0.0342388409614303,0.0386686590481137,1.1791234515384443,1.1583253113136431,0.30325443531016455,0.0,0.0,0.0,0.0,0.0,0.0,11646324395.133423,3,15,1,1,3,0,0,0,-0.587785252292473,-0.8090169943749475,0.49999999999999994,0.8660254037844387,-0.0020979446034860723,1.164252758026123,29.17043748383847,0.003714985157428741,1.1666978597640991,43.7642811696536,-0.0029335393489510466,1.1623716354370117,33.23111038239753,-0.0009814279491846623,1.1676785945892334,36.767224357327784,-0.0021756559939025886,1.1747292280197144,69.0477886228887,-0.00015263535945028118,1.1737639904022217,85.64107779463356,-0.0006812811457808498,0.0020313246501698617,0.6619593814182236,0.33134024927214983,-0.0039052493947448214,0.003714985157428741,0.4,0.00011084317644778476,0.0023860584868940944,0.8627567173309376,0.407941255015574,-0.0039052493947448214,0.00625216328712096,0.43333333333333335,-6.3012797691359914e-18,0.00243589655651563,0.39979111226215125,-0.21359698509564434,-0.004687056236158633,0.00625216328712096,0.47619047619047616
1.1609547138214111,1.1626555919647217,1.1585471630096436,1.1609008312225342,0,-0.0032092523812508244,0.001370854039887487,3,-5.3882598876953125e-05,5.3882598876953125e-05,0.0017008781433105469,0.002353668212890625,0.004108428955078125,0.013115134314015436,0.41399720440790316,0.5728876369378778,-0.0036777257919311523,-0.0031578424801874594,0,1.163771104812622,-0.0024663558649734574,1.1663107752799988,-0.004638509968067472,1.1709868431091308,-0.008613258163478243,1.165104022026062,-0.0036075670701556373,1.1664114129543304,-0.004724389499384585,1.1577683705091477,0.002705602167848431,1.1639432976508937,-0.0026139301925089953,1.1668319461978085,-0.00508309280877417,1.1680216517272415,-0.006096479969842639,1.16700699205204,-0.0052323259162704305,-0.0011897055294329828,0.0004819482617699276,-0.0016716537912029104,0,24.732288714773198,11.803959319822846,26.02060220230473,-14.216642882481883,0,1,1,0,0,20.377325796493622,0,1,11.589370874415987,16.446208858679324,-4.856837984263336,-139.44827300198503,-88.41062863318788,0.0,-0.41908818665008507,-1.2038543955436354,-1.238681841313638,0.005317633929200103,0.004580609976083908,1.1822990576838062,1.1596746285344555,1.1709868431091308,0.01932082267239455,0.05419817112574919,0,0.046067729552010855,0.03641793076208451,0.034916380763351504,0.03805993630187786,1.1786145492650624,1.1573440135482618,0.1672180571710395,0.0,0.0,0.0,0.0,0.0,0.0,11609008311.225342,4,16,1,1,3,0,0,0,-0.9510565162951536,0.30901699437494723,0.49999999999999994,0.8660254037844387,0.00032606295146541086,1.1646324396133423,22.423813924392746,-0.0020979446034860723,1.164252758026123,29.17043748383847,0.003714985157428741,1.1666978597640991,43.7642811696536,-0.0016217000708161422,1.1657865047454834,35.25970260144655,0.0002701996718946847,1.175046682357788,60.146647730615356,0.001444786011798567,1.1754610538482666,84.20253870996203,-0.0010625255300589045,0.0019234978455399713,0.912077312076705,1.4258677709406253,-0.0039052493947448214,0.003714985157428741,0.3333333333333333,-5.4219053152631273e-05,0.002439954554636825,0.9204925450022089,0.4769504156799885,-0.0039052493947448214,0.00625216328712096,0.4,-0.00012338727756005483,0.00239755062785067,0.42400819627880365,-0.12185421512199976,-0.004687056236158633,0.00625216328712096,0.4603174603174603
1.1623852252960205,1.164958119392395,1.1609547138214111,1.162493348121643,0,0.001370854039887487,0.0012212971236851653,3,0.0001081228256225586,0.0001081228256225586,0.002464771270751953,0.001430511474609375,0.004003405570983887,0.027007711560738754,0.6156686264937535,0.3573236369667751,0.0014843940734863281,0.0012786570854594534,1,1.1637954473495484,-0.001118838650519649,1.1655134320259095,-0.0025912048038414515,1.1703998804092408,-0.0067554111370531356,1.1653603601455689,-0.0024601936205567165,1.1663883936405182,-0.0033394070446671753,1.1581231564283372,0.0037735119694923824,1.1634599811411435,-0.0008308262725712501,1.166164469570706,-0.0031480306976765515,1.1676121477564565,-0.004383989789940701,1.166829986407711,-0.0037165983358443677,-0.0014476781857504228,9.602297226585753e-05,-0.0015437011580162804,0,23.69906745288144,16.525649149052246,23.2870997533802,-6.761450604327955,0,1,1,0,0,25.445196699714458,0,1,20.147286954744107,19.07790445727515,1.0693824974689576,-97.94914000418152,-79.8527125347049,0.0,0.010471064582162626,-0.681218183431076,-1.0601860048426448,0.005149587827954868,0.0044297783172975525,1.1822102544805912,1.1585895063378904,1.1703998804092408,0.020181775934925327,0.16527172397932108,0,0.043824246682917394,0.035096497903191096,0.035573882268247356,0.037505483207750816,1.1777559872259034,1.157157635914084,0.25903588597373833,0.0,0.0,0.0,0.0,0.0,0.0,11624933480.21643,0,19,1,1,4,0,0,0,0.0,1.0,0.49999999999999994,0.8660254037844387,-0.0032092523812508244,1.1609008312225342,20.377325796493622,0.00032606295146541086,1.1646324396133423,22.423813924392746,-0.0020979446034860723,1.164252758026123,29.17043748383847,-0.0029335393489510466,1.1623716354370117,33.23111038239753,-0.0039052493947448214,1.1704667806625366,43.05203228054288,-0.0004348603030375916,1.1749500036239624,80.04491150438935,-0.0009137470688634043,0.0020239007982998766,0.6711719500057869,0.3857448521706856,-0.0039052493947448214,0.003714985157428741,0.4,-0.0001199509869515461,0.002370867446352147,0.9918141421954496,0.8887171457410362,-0.0039052493947448214,0.00625216328712096,0.4,-4.4347013303340574e-05,0.0023626233659289927,0.39708844175287294,-0.08411252707911429,-0.004687056236158633,0.00625216328712096,0.47619047619047616
1.1639952659606934,1.1747016906738281,1.1633453369140625,1.1639139652252197,0,0.0012212971236851653,0.007594187300257437,4,-8.130073547363281e-05,8.130073547363281e-05,0.010706424713134766,0.0005686283111572266,0.011356353759765625,0.007159052674615294,0.9427695583761713,0.050071380143570314,0.001501917839050293,0.0012919797273230802,0,1.1632386684417724,0.0005805314951350393,1.1647553086280822,-0.0007223349801952494,1.169967246055603,-0.005173889226620432,1.1655402159690857,-0.0013952764747584556,1.1663459730148316,-0.002085151357891668,1.1584525042772293,0.004714445199396788,1.1636113091691689,0.0002601005624816022,1.165818238132939,-0.001633421870810281,1.1673382083096981,-0.0029333771136844655,1.1667156326358485,-0.0024013285088665404,-0.0015199701767592,-0.00022717565753915402,-0.001292794519220046,0,24.862505946585905,33.43885202350461,17.063527958968095,16.375324064536514,0,1,1,0,0,28.77414051460245,0,1,29.48747322917383,20.4080436861113,9.079429543062531,-35.738643556931734,-70.51252622138402,0.0,-0.23861315211826106,-0.6471417026229442,-0.8787557827641068,0.006090755124518893,0.00523299428134022,1.182073635758456,1.15786085635275,1.169967246055603,0.02069526261121147,0.24999644799322968,0,0.03276110487255456,0.03556307860585821,0.03606955899097636,0.03752504335360666,1.1793009078814338,1.1549378873833585,0.36843041714500563,0.0,0.0,0.0,0.0,0.0,0.0,11639139651.252197,1,20,1,1,4,0,0,0,0.9510565162951535,0.30901699437494745,0.49999999999999994,0.8660254037844387,0.001370854039887487,1.162493348121643,25.445196699714458,-0.0032092523812508244,1.1609008312225342,20.377325796493622,0.00032606295146541086,1.1646324396133423,22.423813924392746,0.003714985157428741,1.1666978597640991,43.7642811696536,0.0008782538878940032,1.1714951992034912,45.61442071443935,-0.0006107669323483436,1.1742326021194458,78.48114099169493,-0.0007608701366575228,0.0020964133798889698,0.4380959642415307,-0.26128127181704686,-0.0039052493947448214,0.003714985157428741,0.4666666666666667,-1.0479439920325067e-05,0.002353822519147233,0.891528467648678,0.790848582376372,-0.0039052493947448214,0.00625216328712096,0.43333333333333335,-7.2068546714201436e-06,0.0023638555392990574,0.3519031622936634,-0.11502128461420273,-0.004687056236158633,0.00625216328712096,0.49206349206349204
1.1726078987121582,1.1742602586746216,1.169700026512146,1.1727865934371948,0,0.007594187300257437,-0.004691796358141223,1,0.0001786947250366211,0.0001786947250366211,0.0014736652374267578,0.002907872200012207,0.004560232162475586,0.03918544380009587,0.32315574133207814,0.6376587929391184,0.008693933486938477,0.00746956712089044,1,1.1649454355239868,0.006730922817005602,1.1651514530181886,0.006552916617468929,1.1700661063194275,0.002325071209944074,1.165908191204071,0.005899608720846494,1.1663820350170135,0.00549096104651392,1.1588404059410096,0.012034605734736248,1.1666697372585109,0.005243005696310643,1.1668902927951321,0.0050530033354152515,1.1677417923932163,0.004320133934067272,1.1669537095300189,0.004998384905109177,-0.0008514995980841711,-0.00035204044564815745,-0.0004994591524360136,0,25.870819307794207,26.51064840350775,13.528131585547671,12.98251681796008,0,1,1,0,0,47.431579580507695,0,0,78.2374320246909,42.62406406953627,35.61336795515464,28.71382466559171,-21.76256742586694,0.0,0.7329882065763904,0.33892527916892234,0.018757239837086104,0.006658160234503288,0.005677213801039349,1.182233588778187,1.157898623860668,1.1700661063194275,0.020797940205265313,0.6117933420413302,0,0.0618805079458339,0.05310110154230249,0.045265882694566356,0.03970509827233171,1.1809754510351929,1.1543428100971798,0.6925255108455081,0.0,0.0,0.0,0.0,0.0,0.0,11727865933.371948,2,21,1,1,4,0,0,0,0.5877852522924732,-0.8090169943749473,0.49999999999999994,0.8660254037844387,0.0012212971236851653,1.1639139652252197,28.77414051460245,0.001370854039887487,1.162493348121643,25.445196699714458,-0.0032092523812508244,1.1609008312225342,20.377325796493622,-0.0020979446034860723,1.164252758026123,29.17043748383847,-0.0022817823442597422,1.1688251495361328,37.637797509082006,-0.001419763619046865,1.1725666522979736,73.41943623479179,-0.0002553807969388651,0.003010770990811916,1.32079195771744,2.127681950274149,-0.0039052493947448214,0.007594187300257437,0.4666666666666667,0.00025003294961957457,0.0027318333593815674,1.0597954343380613,0.9538215644148246,-0.0039052493947448214,0.007594187300257437,0.4666666666666667,0.00017347683132429382,0.002501186090713572,0.598004171141626,0.47525850998793284,-0.004687056236158633,0.007594187300257437,0.5079365079365079
1.167392373085022,1.1750743389129639,1.167392373085022,1.1672970056533813,0,-0.004691796358141223,0.006969632403705956,4,-9.5367431640625e-05,9.5367431640625e-05,0.0076819658279418945,-9.5367431640625e-05,0.0076819658279418945,0.012414456473145966,0.9999999869824989,-0.012414456473145966,-0.0053942203521728516,-0.0045994901219867795,0,1.1654783487319946,0.0015604381009817203,1.1651132941246032,0.0018742481435949365,1.1696012020111084,-0.0019700701859471925,1.166139690876007,0.0009924322843395395,1.1663390922546386,0.0008212991444955797,1.1590479719638824,0.0071170769358321895,1.1668788267234678,0.0003583738262282754,1.1669528640040936,0.0002949061267800701,1.1677088452273028,-0.0003526903778878765,1.1669671721230919,0.0002826415670811322,-0.00075598122320919,-0.000432828601160364,-0.000323152622048826,0,24.66961744771524,22.514300966613433,16.0171950988245,6.497105867788932,0,1,1,0,0,40.98661911584345,0,0,52.94215201665395,53.55568575683955,-0.613533740185602,3.8212898196165987,-47.057847378282,0.0,0.22879029893103642,-0.03267927815241434,-0.2999961003765095,0.006794667646961769,0.005820855886267304,1.1814239613834936,1.1577784426387232,1.1696012020111084,0.020216736014028257,0.40255251226019667,0,0.07625971829901189,0.058658980144617366,0.04788138446661022,0.04086222664240817,1.1812139777731763,1.154035307185329,0.48794507356028133,0.0,0.0,0.0,0.0,0.0,0.0,11672970055.533813,3,22,1,1,4,0,0,0,-0.587785252292473,-0.8090169943749475,0.49999999999999994,0.8660254037844387,0.007594187300257437,1.1727865934371948,47.431579580507695,0.0012212971236851653,1.1639139652252197,28.77414051460245,0.001370854039887487,1.162493348121643,25.445196699714458,0.00032606295146541086,1.1646324396133423,22.423813924392746,-0.0009814279491846623,1.1676785945892334,36.767224357327784,-0.0014997716425493423,1.1708093881607056,68.15859574509102,-0.0004231234878881074,0.003190148333672913,1.08879585004869,1.5854897557630396,-0.004691796358141223,0.007594187300257437,0.4666666666666667,9.015110167119167e-05,0.002877128410265402,0.8988013835621929,0.7262836872420388,-0.004691796358141223,0.007594187300257437,0.43333333333333335,8.795170880411416e-05,0.002574078326480235,0.5389902897616954,0.37749987427470566,-0.004691796358141223,0.007594187300257437,0.49206349206349204
1.1753920316696167,1.1775649785995483,1.1728966236114502,1.1754610538482666,0,0.006969632403705956,0.008795761610489736,4,6.902217864990234e-05,6.902217864990234e-05,0.0021039247512817383,0.002495408058166504,0.0046683549880981445,0.01478511753012805,0.4506779607758721,0.5345369002731787,0.008095026016235352,0.006934846895294456,1,1.1683903932571411,0.006051624980251136,1.1660807490348817,0.008044301151823419,1.1693966865539551,0.005185893943024267,1.1664739394187926,0.0077045135986333335,1.1664576768875121,0.0077185628234763826,1.1592537063360213,0.013980845885817939,1.1697395690984007,0.004891246565068119,1.1682618162878124,0.006162349363359132,1.1682830829029298,0.006144033881656963,1.1673002655240792,0.00699116453967763,-2.1266615117365717e-05,-0.0003505162039517644,0.00032924958883439866,1,25.043824962619958,22.842918352956538,12.99580769333832,9.847110659618219,0,1,1,0,0,55.361652430769894,0,0,88.93708464953436,73.37222289695973,15.564861752574629,87.48960639058934,-11.06291482464289,0.0,1.2542176070628797,0.8298731425867123,-0.09638302754966244,0.007257775020189132,0.00617440705143818,1.1806210905556598,1.1581722825522505,1.1693966865539551,0.019196914323096854,0.7701420590516999,0,0.07959450695022136,0.06735290958471891,0.05102318675029845,0.04309948106019445,1.182886517411918,1.1538554173311617,0.7442238283282995,0.0,0.0,0.0,0.0,0.0,0.0,11754610537.482666,4,23,1,1,4,0,0,0,-0.9510565162951536,0.30901699437494723,0.49999999999999994,0.8660254037844387,-0.004691796358141223,1.1672970056533813,40.98661911584345,0.007594187300257437,1.1727865934371948,47.431579580507695,0.0012212971236851653,1.1639139652252197,28.77414051460245,-0.0032092523812508244,1.1609008312225342,20.377325796493622,-0.0016217000708161422,1.1657865047454834,35.25970260144655,0.004929457555550721,1.1765950918197632,71.97076315123655,2.350536089931072e-05,0.003719241783443567,0.9159919392136169,0.12435816910241271,-0.004691796358141223,0.007594187300257437,0.4666666666666667,0.000360088140279156,0.00312781951646485,0.8167233659452477,0.1849117599905725,-0.004691796358141223,0.007594187300257437,0.4666666666666667,0.00018549219187582316,0.002715012107647927,0.6189032243028659,0.3298854051867417,-0.004691796358141223,0.007594187300257437,0.49206349206349204
1.1858175992965698,1.1904903650283813,1.183712124824524,1.1858457326889038,0,0.008795761610489736,0.0015190121488507834,3,2.8133392333984375e-05,2.8133392333984375e-05,0.004644632339477539,0.0021054744720458984,0.006778240203857422,0.004150545137500359,0.6852268629122414,0.3106225771971667,0.010356545448303223,0.008810624064078116,1,1.1730608701705934,0.010898720383846205,1.168428158760071,0.014906841894178235,1.1697621524333954,0.013749444808652367,1.1670064806938172,0.016143228169797075,1.166655685901642,0.016448766261989434,1.1595131009817123,0.0227100768267523,1.1751082902952352,0.009137406638546564,1.1709670341956726,0.012706334130218044,1.169584019924113,0.013903843064182464,1.168027538746229,0.015254943269809695,0.0013830142715596239,-3.8101088494867487e-06,0.0013868243804091105,0,29.55774580953953,38.10258571175917,9.855891102637843,28.246694609121327,1,1,1,0,0,62.828952105780054,0,0,85.45971558451552,75.77965075023461,9.680064834280913,227.56730836878302,-14.540284102428824,0.0,2.008818769156284,2.0195001784490962,0.5336240451291774,0.008293979841512547,0.006994147393865931,1.1825996352932484,1.1569246695735425,1.1697621524333954,0.02194887709787906,1.1264304427297023,0,0.08980057756212245,0.07438836294450152,0.05901177100059929,0.04638076514754173,1.1866231904181235,1.1534472710520731,0.9765655981286289,0.0,0.0,0.0,0.0,0.0,0.0,11858457325.889038,0,26,1,1,5,0,0,0,0.0,1.0,0.49999999999999994,0.8660254037844387,0.006969632403705956,1.1754610538482666,55.361652430769894,-0.004691796358141223,1.1672970056533813,40.98661911584345,0.007594187300257437,1.1727865934371948,47.431579580507695,0.001370854039887487,1.162493348121643,25.445196699714458,-0.0029335393489510466,1.1623716354370117,33.23111038239753,0.0025094133829199968,1.179551362991333,71.10884798722591,0.0008702394279149479,0.0041783593780230464,0.7654289225779091,-0.48507963132124643,-0.004691796358141223,0.008795761610489736,0.5333333333333333,0.0004448747510581152,0.0033215221229219395,0.9989254241728026,0.6552439351327515,-0.004691796358141223,0.008795761610489736,0.4666666666666667,0.00030647161173414235,0.0029217135761258907,0.7939477228473536,0.6329245713742373,-0.004691796358141223,0.008795761610489736,0.49206349206349204
1.1874228715896606,1.1989833116531372,1.185185194015503,1.1876484155654907,0,0.0015190121488507834,0.011815434779079346,4,0.00022554397583007812,0.00022554397583007812,0.011334896087646484,0.002237677574157715,0.013798117637634277,0.016345995890070453,0.8214813283358663,0.16217266852669793,0.001577138900756836,0.0013299697061334263,1,1.1778077602386474,0.008355060611940468,1.17052321434021,0.014630381451657515,1.1702808797359467,0.014840484903059004,1.1674955201148987,0.01726164683431297,1.1668752562999725,0.017802382089759483,1.159805006980896,0.024006973857332747,1.1792883320519871,0.007089091942636294,1.17353340056026,0.012027791366900464,1.1709221233049558,0.014284717852879991,1.168796984896004,0.016128917862969328,0.0026112772553041896,0.0005192073639812486,0.002092069891322941,0,34.8248719868026,42.881134488574624,7.8474022571979765,35.033732231376646,1,1,1,0,0,67.09251378988588,0,0,71.9684081202953,82.12173611811505,-10.153327997819758,233.59330341213615,-28.031591632401234,0.0,2.0391928483887822,1.7957139139372025,0.7731624028451511,0.009027864880995445,0.0076014624883212955,1.1850842615997543,1.1554774978721392,1.1702808797359467,0.025298852811955305,1.0866070294161878,0,0.08924801447357322,0.07378465025924442,0.05902142517102243,0.04635723700486374,1.1897684066714123,1.1536569471474303,0.9412931178081312,0.0,0.0,0.0,0.0,0.0,0.0,11876484154.654907,1,27,1,1,5,0,0,0,0.9510565162951535,0.30901699437494745,0.49999999999999994,0.8660254037844387,0.008795761610489736,1.1858457326889038,62.828952105780054,0.006969632403705956,1.1754610538482666,55.361652430769894,-0.004691796358141223,1.1672970056533813,40.98661911584345,0.0012212971236851653,1.1639139652252197,28.77414051460245,0.003714985157428741,1.1666978597640991,43.7642811696536,-0.0008608228780450154,1.1785364151000977,74.50494690926041,0.0009129566453120665,0.004181721191163082,0.7285304175674636,-0.5362186158494859,-0.004691796358141223,0.008795761610489736,0.5333333333333333,0.0003868974803896214,0.003285706586789795,1.0667675361289763,0.89402324005743,-0.004691796358141223,0.008795761610489736,0.4666666666666667,0.0003032344300120099,0.0029202314424511947,0.7978832720249092,0.6439222385707815,-0.004691796358141223,0.008795761610489736,0.49206349206349204
1.2022699117660522,1.2023565769195557,1.1921935081481934,1.2017642259597778,0,0.011815434779079346,-0.0033233987290885356,1,-0.0005056858062744141,0.0005056858062744141,8.666515350341797e-05,0.009570717811584473,0.010163068771362305,0.04975719565370117,0.008527459038246286,0.9417153354685049,0.014621496200561523,0.012311300219575898,0,1.183603286743164,0.015343772122373478,1.1742743611335755,0.023410086802307495,1.1715047001838683,0.025829623789454192,1.1683001136779785,0.028643421144234127,1.1671797299385072,0.02963082294115038,1.1601154327392578,0.035900559497419327,1.1867802966879175,0.012625697622731913,1.1778766044678781,0.020280240985568465,1.1732067235016093,0.024341407003277693,1.1700898178788972,0.027070065472061033,0.004669880966268858,0.0013493420844387705,0.0033205388818300873,0,39.8095923088043,38.883600960014476,6.274681372492492,32.60891958752198,1,1,1,0,0,75.05112033327049,1,0,98.64789093128748,85.35867154536608,13.289219385921399,255.8361033930246,-1.3521088404510717,0.0,2.4708359291229165,3.2219350716636397,2.080259919080074,0.009785237744071378,0.008142393933753727,1.1917820649779356,1.151227335389801,1.1715047001838683,0.03461764137891013,1.2461404861678267,0,0.10370669102762664,0.08544657323266704,0.0707764955219664,0.05176140428921684,1.1941452046880743,1.1550042537117888,1.1946560050841415,0.0,0.0,0.0,0.0,0.0,0.0,12017642258.597778,2,28,1,1,5,0,0,0,0.5877852522924732,-0.8090169943749473,0.49999999999999994,0.8660254037844387,0.0015190121488507834,1.1876484155654907,67.09251378988588,0.008795761610489736,1.1858457326889038,62.828952105780054,0.006969632403705956,1.1754610538482666,55.361652430769894,0.007594187300257437,1.1727865934371948,47.431579580507695,-0.0020979446034860723,1.164252758026123,29.17043748383847,-0.0010718568594030558,1.1772738695144653,72.01669718488324,0.001852771120201339,0.00492967684558333,0.6901725829747501,-0.5250679232503753,-0.004691796358141223,0.011815434779079346,0.6,0.0007858331516739423,0.003889091926930332,1.250029869299553,1.314985981758549,-0.004691796358141223,0.011815434779079346,0.5,0.00048245547338127506,0.003260661982398566,1.1358003908369148,1.7651238390740502,-0.004691796358141223,0.011815434779079346,0.49206349206349204
1.1976622343063354,1.1994577646255493,1.1908447742462158,1.1977769136428833,0,-0.0033233987290885356,-0.001005613006019161,1,0.00011467933654785156,0.00011467933654785156,0.0016808509826660156,0.006817460060119629,0.008612990379333496,0.013314694451714506,0.19515300599706292,0.7915322879408533,-0.004101991653442383,-0.0034133081718462992,1,1.1896992683410645,0.006789652995587092,1.1775888085365296,0.01714359448586178,1.1726570844650268,0.02142129136342885,1.1690745043754578,0.024551394335901477,1.1673883628845214,0.026031226301306498,1.1603479278087616,0.032256692009247745,1.1904458356729062,0.006158262433852979,1.180938190494802,0.014258767463181332,1.175026737586148,0.019361411299911868,1.1711755863402302,0.022713355290735926,0.005911452908653914,0.0022617642492817995,0.003649688659372114,0,43.09983580477595,33.18623543699545,7.165102665967311,26.021132771028142,1,1,1,0,0,72.80878905288523,1,0,89.54639435342324,86.72089780166867,2.8254965517545685,181.92694592710632,-10.45360541831532,0.0,2.6111527607698415,2.845917123907782,1.7403642801407715,0.009936466273336796,0.00829575704735095,1.1960814827389503,1.1492326861911033,1.1726570844650268,0.03995097728439906,1.03618942054536,0,0.09591050001008507,0.09065422559804474,0.07227867556492018,0.051277442096566934,1.196657393598315,1.1569115285049678,1.0281669536975075,0.0,0.0,0.0,0.0,0.0,0.0,11977769135.428833,3,29,1,1,5,0,0,0,-0.587785252292473,-0.8090169943749475,0.49999999999999994,0.8660254037844387,0.011815434779079346,1.2017642259597778,75.05112033327049,0.0015190121488507834,1.1876484155654907,67.09251378988588,0.008795761610489736,1.1858457326889038,62.828952105780054,-0.004691796358141223,1.1672970056533813,40.98661911584345,0.00032606295146541086,1.1646324396133423,22.423813924392746,1.18472044775698e-05,1.1772878170013428,71.91601861881752,0.0016966397348744141,0.005061185547364042,0.6708884433490508,-0.6383255909347211,-0.004691796358141223,0.011815434779079346,0.6,0.0006268936603110389,0.003958054901031884,1.2734532318527358,1.2713197139451047,-0.004691796358141223,0.011815434779079346,0.4666666666666667,0.000504100830636356,0.0032301752298816806,1.1885356075556177,1.8367622251641156,-0.004691796358141223,0.011815434779079346,0.49206349206349204
1.1967878341674805,1.1973466873168945,1.187394618988037,1.19657301902771,0,-0.001005613006019161,-0.009787839779129372,0,-0.0002148151397705078,0.0002148151397705078,0.0005588531494140625,0.009178400039672852,0.009952068328857422,0.02158497414945632,0.05615447214908503,0.9222605436532962,-0.000989079475402832,-0.000825762680891969,0,1.1939216613769532,0.002220713164276411,1.1811560273170472,0.013052459838330366,1.173733401298523,0.019458948345487226,1.1698436093330384,0.022848703347301047,1.1676513433456421,0.02476910230473628,1.1606551665067673,0.03094618751058542,1.1924882301245074,0.003425433224136354,1.1833435487306339,0.011179737456759042,1.1766227584336713,0.016955528311300982,1.1721715640926804,0.02081730659610037,0.006720790296962598,0.0031535694588179595,0.003567220838144638,0,43.38742489148299,28.59036542375437,10.774916596210666,17.815448827543705,1,1,1,0,0,75.1790325088878,1,0,86.79836714881156,91.66421747784075,-4.865850329029186,135.22297430716907,-13.201632622926986,0.0,1.7960582454285667,3.072802331238722,1.8594745484300734,0.009995910057538047,0.008353781923668117,1.199482920060502,1.147983882536544,1.173733401298523,0.043876264799652065,0.9434960094975005,0,0.10286541286270943,0.08716785004664875,0.07177924586599752,0.0509669988850076,1.1986609057358668,1.1586772655057145,0.9477814728494759,0.0,0.0,0.0,0.0,0.0,0.0,11965730189.2771,4,30,1,1,5,0,0,0,-0.9510565162951536,0.30901699437494723,0.49999999999999994,0.8660254037844387,-0.0033233987290885356,1.1977769136428833,72.80878905288523,0.011815434779079346,1.2017642259597778,75.05112033327049,0.0015190121488507834,1.1876484155654907,67.09251378988588,0.006969632403705956,1.1754610538482666,55.361652430769894,-0.0032092523812508244,1.1609008312225342,20.377325796493622,-0.0021756559939025886,1.1747292280197144,69.0477886228887,0.0017377122058608795,0.005034763965381067,0.6641206648576414,-0.6132106210823772,-0.004691796358141223,0.011815434779079346,0.6,0.0006078685702116532,0.0039647005248612645,1.2806148413683391,1.2695510382557114,-0.004691796358141223,0.011815434779079346,0.4666666666666667,0.0005304443918710417,0.0032106191457389613,1.19925534163057,1.9009627516050476,-0.004691796358141223,0.011815434779079346,0.49206349206349204
1.185044765472412,1.1875073909759521,1.179078459739685,1.1849182844161987,0,-0.009787839779129372,-0.0042683305772816425,1,-0.0001264810562133789,0.0001264810562133789,0.002462625503540039,0.005839824676513672,0.00842893123626709,0.015005586256133083,0.29216343155438007,0.6928309703255867,-0.011528253555297852,-0.009634392027075653,0,1.1937361717224122,-0.007386797530606559,1.1833985209465028,0.001284236326704269,1.1744559764862061,0.008908216262310198,1.1704606127738952,0.012352121364259228,1.1677970910072326,0.014661102891370348,1.1609160894155501,0.020675219438697434,1.1899649148884046,-0.00424099106506437,1.1835858157591823,0.0011257895618232983,1.1772372418397845,0.006524634290160369,1.1726714354779164,0.010443546646334845,0.006348573919397804,0.003792570350933929,0.002556003568463875,0,38.88456165972769,22.52527357043492,18.57325896279227,3.9520146076426492,1,1,1,0,0,62.10741329310417,0,0,60.19510190341412,78.8466211352163,-18.651519231802176,60.293917370211844,-39.80489786832444,0.0,-0.07820985876485498,1.9290378160692123,0.8401029683861472,0.010995729954936294,0.009279736922471277,1.2006271444515701,1.1482848085208421,1.1744559764862061,0.04456730347856171,0.6998823261126633,0,0.1254104984116374,0.10849268714037975,0.08074723166870762,0.05431609596067464,1.201255707320702,1.157272787500957,0.6285507411896731,0.0,0.0,0.0,0.0,0.0,0.0,11849182843.161987,0,2,2,1,6,0,0,0,0.0,1.0,0.8660254037844386,0.5000000000000001,-0.001005613006019161,1.19657301902771,75.1790325088878,-0.0033233987290885356,1.1977769136428833,72.80878905288523,0.011815434779079346,1.2017642259597778,75.05112033327049,0.008795761610489736,1.1858457326889038,62.828952105780054,0.001370854039887487,1.162493348121643,25.445196699714458,0.0002701996718946847,1.175046682357788,60.146647730615356,0.001280758843848991,0.005749344909664343,0.10196722046086748,-0.20152135648575462,-0.009787839779129372,0.011815434779079346,0.6,0.000301966141985619,0.004392882362341821,0.6768087175122515,1.230135631702804,-0.009787839779129372,0.011815434779079346,0.4666666666666667,0.00043613264730268025,0.0034215924309491676,0.6542710169330832,2.2594170282025416,-0.009787839779129372,0.011815434779079346,0.49206349206349204
1.1799131631851196,1.1824523210525513,1.178078293800354,1.1798714399337769,0,-0.0042683305772816425,0.0014758521488129476,3,-4.172325134277344e-05,4.172325134277344e-05,0.0025391578674316406,0.0017931461334228516,0.004374027252197266,0.00953886383948057,0.5805079993741032,0.40995311392419065,-0.0050051212310791016,-0.004224022277724146,0,1.1921807765960692,-0.010325058919676278,1.1849942684173584,-0.0043230830052799485,1.1748747885227204,0.004252922404534676,1.1709889268875122,0.007585479880766854,1.1678610575199126,0.01028408493930022,1.1611294931173324,0.016141133978530675,1.186600423236862,-0.00567080819351351,1.1830143733245047,-0.0026567162338272388,1.1774323676245249,0.0020715178859620487,1.1729537885938326,0.0058976332287119515,0.005582005699979797,0.0041504574207431024,0.001431548279236695,0,34.50082041982103,20.557858645005485,18.22817464020689,2.329684004798594,1,1,1,0,0,60.031697553668955,0,0,48.67510192970983,65.2228569939785,-16.547755064268664,33.08329585380598,-51.32489784202872,0.0,-0.6548213705156902,1.371018407315816,0.8034964705206482,0.010441631376390752,0.00884980432791206,1.201114455669936,1.1486351213755048,1.1748747885227204,0.04466802318224187,0.5952117899114713,0,0.1272559586383209,0.11288054041962761,0.08100045693434739,0.055076960709742065,1.2002053380229392,1.1584388125173761,0.5131532275106464,0.0,0.0,0.0,0.0,0.0,0.0,11798714398.337769,1,3,2,1,6,0,0,0,0.9510565162951535,0.30901699437494745,0.8660254037844386,0.5000000000000001,-0.009787839779129372,1.1849182844161987,62.10741329310417,-0.001005613006019161,1.19657301902771,75.1790325088878,-0.0033233987290885356,1.1977769136428833,72.80878905288523,0.0015190121488507834,1.1876484155654907,67.09251378988588,0.0012212971236851653,1.1639139652252197,28.77414051460245,-0.0039052493947448214,1.1704667806625366,43.05203228054288,0.000748537794868299,0.0058760262535107995,0.3346896232001094,-0.3293771786098705,-0.009787839779129372,0.011815434779079346,0.5333333333333333,0.00020701391004445972,0.004461628854305009,0.6768311983743422,1.0636426099155614,-0.009787839779129372,0.011815434779079346,0.4666666666666667,0.00038063749569096676,0.0034695224049345955,0.6362667926950798,2.0681278956354316,-0.009787839779129372,0.011815434779079346,0.49206349206349204
1.1816281080245972,1.1838523149490356,1.1792314052581787,1.1816140413284302,0,0.0014758521488129476,-0.0012280419667084874,1,-1.4066696166992188e-05,1.4066696166992188e-05,0.0022242069244384766,0.002382636070251465,0.004620909690856934,0.0030441399645638966,0.4813352835494338,0.5156205548452424,0.0017566680908203125,0.0014888639823081261,0,1.1881507396698,-0.005501573346355149,1.185877013206482,-0.003594784223168057,1.1755142331123352,0.005189055090746075,1.1716059827804566,0.00854217082723352,1.1679507064819337,0.011698554287862928,1.1613659924268722,0.017434683753312585,1.1849382959340515,-0.002805424313441107,1.182798937632801,-0.0010017733078472313,1.1777421212322214,0.0032875787713433358,1.1732934063481306,0.007091691502373987,0.0050568164005795335,0.004331729216710389,0.0007250871838691449,0,31.33442971914363,21.178667573291623,17.06623518596608,4.112432387325544,1,1,1,0,0,60.719412343456035,0,0,52.65278899546024,53.84099760952805,-1.1882086140678112,37.67886478299153,-47.34721077627832,0.0,-1.6767169629512746,0.7526900410213422,0.8637544679499287,0.009665535151652908,0.008179942699367749,1.2017564740140474,1.149271992210623,1.1755142331123352,0.04464810405570317,0.6162211751907761,0,0.06691333002791885,0.10747064045037548,0.08107309393179983,0.054706279763262686,1.1988714280552037,1.160209287448592,0.5536360245095697,0.0,0.0,0.0,0.0,0.0,0.0,11816140412.284302,2,4,2,1,6,0,0,0,0.5877852522924732,-0.8090169943749473,0.8660254037844386,0.5000000000000001,-0.0042683305772816425,1.1798714399337769,60.031697553668955,-0.009787839779129372,1.1849182844161987,62.10741329310417,-0.001005613006019161,1.19657301902771,75.1790325088878,0.011815434779079346,1.2017642259597778,75.05112033327049,0.007594187300257437,1.1727865934371948,47.431579580507695,0.0008782538878940032,1.1714951992034912,45.61442071443935,0.0009867909116882336,0.005824594647805795,0.2117363215773946,-0.2741445719757685,-0.009787839779129372,0.011815434779079346,0.6,0.0003062013697565361,0.004455448109984379,0.6110132952530243,1.021350851917262,-0.009787839779129372,0.011815434779079346,0.5,0.0004504381572807317,0.003446171700169489,0.6017148808309388,2.1415120724132723,-0.009787839779129372,0.011815434779079346,0.5079365079365079
1.1802334785461426,1.1820470094680786,1.1780505180358887,1.180163860321045,0,-0.0012280419667084874,-0.0020160851725848647,1,-6.961822509765625e-05,6.961822509765625e-05,0.0018135309219360352,0.00211334228515625,0.003996491432189941,0.017419835507447662,0.45378074927192,0.5287993901986853,-0.0013805627822875977,-0.001168370325574891,0,1.1846281290054321,-0.0037684980414557367,1.1871636986732483,-0.005896270631789657,1.1761384963989259,0.003422525352330119,1.1721691131591796,0.0068204723801637,1.1679886078834534,0.010424119083329186,1.1615622401237489,0.016014311978420404,1.1833468173963828,-0.0026897923147096714,1.1823935411233,-0.001885735015051071,1.177921509312875,0.0019036505321035069,1.173562835915696,0.005624772788272336,0.004472031810424992,0.0043597897354533096,0.00011224207497168275,0,27.89846814267157,19.912022314987187,17.812745414087082,2.0992769009001044,1,1,1,0,0,62.52014390652735,0,0,46.39681650968468,49.241569144951576,-2.844752635266893,24.773779924782506,-53.60318324878029,0.0,-1.4704786109351997,1.1022777069886747,0.9700946963206558,0.008909662655724513,0.007549513211280533,1.2021892159361232,1.1500877768617286,1.1761384963989259,0.04429872776844539,0.5772601282403218,0,0.06865939245430223,0.10390744099492198,0.08071372109924155,0.054797702298743256,1.1974190642604083,1.1617804136375105,0.5158289191830445,0.0,0.0,0.0,0.0,0.0,0.0,11801638602.21045,3,5,2,1,6,0,0,0,-0.587785252292473,-0.8090169943749475,0.8660254037844386,0.5000000000000001,0.0014758521488129476,1.1816140413284302,60.719412343456035,-0.0042683305772816425,1.1798714399337769,60.031697553668955,-0.009787839779129372,1.1849182844161987,62.10741329310417,-0.0033233987290885356,1.1977769136428833,72.80878905288523,-0.004691796358141223,1.1672970056533813,40.98661911584345,-0.0022817823442597422,1.1688251495361328,37.637797509082006,0.0008831839171433071,0.005850949535023587,0.26583890851748126,-0.31224304028954064,-0.009787839779129372,0.011815434779079346,0.5333333333333333,0.0001009513856812291,0.004376248969069814,0.7505044029150089,1.438759590359341,-0.009787839779129372,0.011815434779079346,0.4666666666666667,0.00041544040291263044,0.0034519307785768356,0.628148284377914,2.133758880928341,-0.009787839779129372,0.011815434779079346,0.49206349206349204
1.1777453422546387,1.1826481819152832,1.176747441291809,1.177786946296692,0,-0.0020160851725848647,0.004059767058934511,3,4.1604042053222656e-05,4.1604042053222656e-05,0.004861235618591309,0.0009979009628295898,0.005900740623474121,0.007050647368340539,0.8238348109844092,0.16911452470022537,-0.00241851806640625,-0.002049307005167401,1,1.1808709144592284,-0.002611604896448516,1.1873962879180908,-0.008092784033743361,1.1767385184764863,0.0008909606540916659,1.1725951766967773,0.004427588994607046,1.1678950691223144,0.008469833750530675,1.1617565435171127,0.013798418238014643,1.1814935270298192,-0.0031371994412290327,1.1816848342268989,-0.0032985851362197227,1.1779115416820467,-0.00010577660625199492,1.1737284873031861,0.0034577493322027752,0.003773292544852147,0.004242490297333077,-0.0004691977524809302,1,24.228967263732304,18.07078822798221,18.20763462938591,-0.13684640140370163,1,1,1,0,0,59.839851660128424,0,0,37.0190984536169,45.3562346529206,-8.3371361993037,14.374309621588802,-62.980901290046724,0.0,-1.5699896648415979,0.19787065175922436,0.8656792848904082,0.008508473051424461,0.007224118994912609,1.2023341310566407,1.1511429058963318,1.1767385184764863,0.04350263406201356,0.520480614888086,0,0.06720406178901976,0.09937803711628615,0.08102546899419864,0.0543553390379366,1.1964440381325447,1.162410145926847,0.45180845704417444,0.0,0.0,0.0,0.0,0.0,0.0,11777869461.966919,4,6,2,1,6,0,0,0,-0.9510565162951536,0.30901699437494723,0.8660254037844386,0.5000000000000001,-0.0012280419667084874,1.180163860321045,62.52014390652735,0.0014758521488129476,1.1816140413284302,60.719412343456035,-0.0042683305772816425,1.1798714399337769,60.031697553668955,-0.001005613006019161,1.19657301902771,75.1790325088878,0.006969632403705956,1.1754610538482666,55.361652430769894,-0.0009814279491846623,1.1676785945892334,36.767224357327784,0.0009627283977210378,0.005799220163040901,0.24419870202079055,-0.22722530747533617,-0.009787839779129372,0.011815434779079346,0.5333333333333333,-4.9898566168932946e-05,0.004368356352683781,0.855225172693097,1.5986200276085418,-0.009787839779129372,0.011815434779079346,0.43333333333333335,0.00031119229007213093,0.0034240645124519304,0.702645089135301,2.3597361218837847,-0.009787839779129372,0.011815434779079346,0.47619047619047616
1.1826202869415283,1.1925204992294312,1.1817816495895386,1.182578206062317,0,0.004059767058934511,0.006596919769340201,4,-4.208087921142578e-05,4.208087921142578e-05,0.009900212287902832,0.0007965564727783203,0.010738849639892578,0.0039185648584972865,0.921906212275754,0.0741752135537645,0.004833340644836426,0.004103747846436483,0,1.180402898788452,0.0018428514331108037,1.1870695352554321,-0.0037835435577667775,1.1777488470077515,0.004100499836128035,1.173042461872101,0.008129069832804259,1.1678945100307465,0.012572793008442718,1.162006984949112,0.01770318188950948,1.1818550867073185,0.0006118510323900317,1.1818222760477324,0.0006396307886906705,1.1782572205250297,0.0036672683703096176,1.174075535097662,0.007242013490404098,0.003565055522702698,0.004107003342407002,-0.0005419478197043037,0,25.361788074483,28.364890639474133,14.377417560705158,13.987473078768975,1,1,1,0,0,61.50931639303332,0,0,43.43251459615264,42.2828098531514,1.1497047430012444,51.889574892518844,-56.567485117840555,0.0,-0.19748858504912148,-0.2755439882705324,1.4403753387503437,0.009338483702266434,0.007896715543719958,1.2025392204319862,1.1529584735835168,1.1777488470077515,0.042097894614991166,0.5974039178874142,0,0.05123655876889608,0.09033755488886977,0.08161817131285808,0.05484403657960612,1.1984041655325737,1.161050230723508,0.5763241648093179,0.0,0.0,0.0,0.0,0.0,0.0,11825782059.623169,0,9,2,1,7,0,0,0,0.0,1.0,0.8660254037844386,0.5000000000000001,-0.0020160851725848647,1.177786946296692,59.839851660128424,-0.0012280419667084874,1.180163860321045,62.52014390652735,0.0014758521488129476,1.1816140413284302,60.719412343456035,-0.009787839779129372,1.1849182844161987,62.10741329310417,0.008795761610489736,1.1858457326889038,62.828952105780054,-0.0016217000708161422,1.1657865047454834,35.25970260144655,0.001141989265657506,0.005854036629537525,0.14354474910990758,-0.3815354731959968,-0.009787839779129372,0.011815434779079346,0.5333333333333333,0.00011412109839705125,0.00442881730650125,0.7313262083802041,1.231444298915004,-0.009787839779129372,0.011815434779079346,0.4666666666666667,0.0003829648855693924,0.003454849563918268,0.6411173071362237,2.130836211676243,-0.009787839779129372,0.011815434779079346,0.49206349206349204
1.1904761791229248,1.192847728729248,1.1890182495117188,1.1904053688049316,0,0.006596919769340201,-0.001213452657763082,1,-7.081031799316406e-05,7.081031799316406e-05,0.002371549606323242,0.0013871192932128906,0.003829479217529297,0.018490847481283552,0.6192877437586785,0.36222138264682735,0.00789797306060791,0.006678605287542276,0,1.182509684562683,0.006677056640344459,1.1873452305793761,0.002577294325597723,1.1789342224597932,0.00973009861417995,1.1736508655548095,0.014275542787398177,1.1680075013637543,0.019176133126806327,1.1623107624053954,0.024171337998262654,1.1847051807398563,0.004811482263489708,1.1831427518565323,0.006138411308685532,1.1791570833605778,0.00953925944399403,1.1747159207332412,0.013355950739615263,0.0039856684959544975,0.004082736373116501,-9.706787716200378e-05,0,26.45529180643103,24.721489882542148,12.29696231540636,12.424527567135788,1,1,1,0,0,61.00654490737486,0,0,65.81873210383614,48.756781717868556,17.061950385967585,79.58697688052415,-34.18126761015706,0.0,0.892803106730522,0.23213547067530982,2.4117702560231713,0.009462622230888396,0.007949075565404393,1.2037668552542,1.1541015896653863,1.1789342224597932,0.04212725751651913,0.7309691921717063,0,0.05720944031208656,0.0965457026627703,0.08296617692957776,0.05621813545597009,1.1996694112257118,1.1618189223021584,0.7552464245570145,0.0,0.0,0.0,0.0,0.0,0.0,11904053687.049316,1,10,2,1,7,0,0,0,0.9510565162951535,0.30901699437494745,0.8660254037844386,0.5000000000000001,0.004059767058934511,1.182578206062317,61.50931639303332,-0.0020160851725848647,1.177786946296692,59.839851660128424,-0.0012280419667084874,1.180163860321045,62.52014390652735,-0.0042683305772816425,1.1798714399337769,60.031697553668955,0.0015190121488507834,1.1876484155654907,67.09251378988588,-0.0029335393489510466,1.1623716354370117,33.23111038239753,0.001500364108701175,0.006021389950959966,-0.013098473715506313,-0.6972862764399869,-0.009787839779129372,0.011815434779079346,0.5333333333333333,0.0003697469860218265,0.004576845986557889,0.5885537471014097,0.6649892197500086,-0.009787839779129372,0.011815434779079346,0.5,0.00046934316169093733,0.0035414096568628477,0.6094762601629188,1.734107939322028,-0.009787839779129372,0.011815434779079346,0.49206349206349204
1.188792109489441,1.192733883857727,1.1839083433151245,1.1889617443084717,0,-0.001213452657763082,-0.0011407449746145216,1,0.00016963481903076172,0.00016963481903076172,0.003772139549255371,0.004883766174316406,0.008825540542602539,0.01922089828830459,0.42741172490289675,0.5533673654780481,-0.0016132593154907227,-0.0013552184471200591,1,1.1839792251586914,0.004208282496419358,1.1860649824142455,0.002442329751684902,1.1801696717739105,0.007449837632753864,1.174227168560028,0.012548317771643891,1.1681601679325104,0.01780712683518093,1.1625939548015594,0.022680136341449497,1.1861240352627282,0.0023924217545052695,1.184037981464523,0.004158449999587477,1.1798833545419034,0.007694311162923073,1.1752745804812894,0.011645928494780078,0.0041546269226195864,0.004097114483017118,5.751243960246816e-05,1,24.138898481555724,21.619364299600647,18.0192498500437,3.6001144495569477,1,1,1,0,0,64.25466377823086,0,0,54.5320641702081,54.59443695673229,-0.0623727865241861,58.889937735184226,-45.46793549034804,0.0,0.6218361260992511,-1.0653072686600873,1.9082819393252626,0.009377678005783615,0.007887283211495729,1.2043775975790427,1.1559617459687783,1.1801696717739105,0.041024483821371374,0.6815949151772784,0,0.06115314315557594,0.07174429831720051,0.08279138918669372,0.05614555982908819,1.2002821492083153,1.162771437185181,0.6982087420072759,0.0,0.0,0.0,0.0,0.0,0.0,11889617442.084717,2,11,2,1,7,0,0,0,0.5877852522924732,-0.8090169943749473,0.8660254037844386,0.5000000000000001,0.006596919769340201,1.1904053688049316,61.00654490737486,0.004059767058934511,1.182578206062317,61.50931639303332,-0.0020160851725848647,1.177786946296692,59.839851660128424,0.0014758521488129476,1.1816140413284302,60.719412343456035,0.011815434779079346,1.2017642259597778,75.05112033327049,0.003714985157428741,1.1666978597640991,43.7642811696536,0.0009131881114998071,0.005810448733334726,0.23303391505684518,-0.3228676933765837,-0.009787839779129372,0.011815434779079346,0.4666666666666667,0.00032890365728047144,0.004585608822395198,0.6123131396908017,0.6595467954455818,-0.009787839779129372,0.011815434779079346,0.4666666666666667,0.00040856809150768055,0.0035368378221015593,0.6595732610854369,1.804322295046938,-0.009787839779129372,0.011815434779079346,0.47619047619047616
1.1875356435775757,1.1890605688095093,1.1853257417678833,1.1876062154769897,0,-0.0011407449746145216,-0.0006412181154459174,2,7.05718994140625e-05,7.05718994140625e-05,0.0014543533325195312,0.002209901809692383,0.0037348270416259766,0.018895626688451947,0.3894031175660705,0.5917012289704766,-0.001426100730895996,-0.0011994504765210129,1,1.1854676961898805,0.0018039455598850562,1.1850479125976563,0.002158818012268915,1.181318360567093,0.0053227436559488694,1.174763970375061,0.010931766145956479,1.168235149383545,0.016581478482314393,1.1628753012418747,0.02126703878444869,1.1866180953341487,0.0008327195132478149,1.184586940543364,0.0025487996955173564,1.1804554183148728,0.006057659569828733,1.1757581740105327,0.010076937271067843,0.0041315222284912245,0.004103996032111939,2.752619637928517e-05,0,22.13135759999694,20.37118189811124,16.978918125244526,3.3922637728667127,1,1,1,0,0,58.77753171738079,0,0,42.40195491414249,54.250917062728895,-11.848962148586402,44.56612274453827,-57.59804469537185,0.0,0.6306204931508574,-0.8491312572523002,2.0058752096460797,0.008625297877229264,0.007262759123434468,1.2045839634635849,1.158052757670601,1.181318360567093,0.0393892174559173,0.6351319988215673,0,0.0609339473211335,0.07065402840629387,0.08242020813051153,0.05623100511007783,1.1993563815493247,1.1648551900404078,0.6594272364407816,0.0,0.0,0.0,0.0,0.0,0.0,11876062153.769897,3,12,2,1,7,0,0,0,-0.587785252292473,-0.8090169943749475,0.8660254037844386,0.5000000000000001,-0.001213452657763082,1.1889617443084717,64.25466377823086,0.006596919769340201,1.1904053688049316,61.00654490737486,0.004059767058934511,1.182578206062317,61.50931639303332,-0.0012280419667084874,1.180163860321045,62.52014390652735,-0.0033233987290885356,1.1977769136428833,72.80878905288523,-0.0020979446034860723,1.164252758026123,29.17043748383847,0.001149924870401587,0.005635477724584566,0.1870124802913445,-0.038291581824559454,-0.009787839779129372,0.011815434779079346,0.4666666666666667,0.00036340069125674027,0.004569983726610781,0.5992042112782869,0.6899231237725637,-0.009787839779129372,0.011815434779079346,0.4666666666666667,0.0003840235019932286,0.0035422203688682883,0.6766466194430156,1.7946102865464275,-0.009787839779129372,0.011815434779079346,0.4603174603174603
1.1869717836380005,1.1879446506500244,1.1848762035369873,1.1868449449539185,0,-0.0006412181154459174,-8.296867967237648e-05,2,-0.00012683868408203125,0.00012683868408203125,0.0009728670120239258,0.0019687414169311523,0.0030684471130371094,0.04133643998929607,0.3170551567224109,0.6416083706985194,-0.0006344318389892578,-0.0005342106084221055,0,1.1872792959213256,-0.00036583731297490374,1.1840751051902771,0.002339243221368248,1.1826155662536622,0.0035762920094961625,1.1752450561523438,0.009870187191907576,1.168289133310318,0.015882893209350213,1.163138148188591,0.020381754910376637,1.1866937118740721,0.000127440617844643,1.1849343258372955,0.0016124260853964678,1.1809287165844318,0.005009809809771726,1.1761929493416459,0.0090563334164937,0.004005609252863751,0.004084318676262302,-7.870942339855119e-05,1,20.085816658488188,19.314106849094642,16.85808703396315,2.4560198151314907,1,1,1,0,0,50.8388296057559,0,0,39.429302767016424,45.45444061712232,-6.025137850105899,32.0301890142653,-60.570696842497924,0.0,0.7690693707981477,-0.8129946036804503,1.9072545624738702,0.007884384442003643,0.006643146162319843,1.2038963067420414,1.161334825765283,1.1826155662536622,0.03598927850069449,0.599371040275331,0,0.056931179393081406,0.07065563444543162,0.08257979694050195,0.05592433059854645,1.1983259031702118,1.166788365402197,0.6359589526506025,0.0,0.0,0.0,0.0,0.0,0.0,11868449448.539185,4,13,2,1,7,0,0,0,-0.9510565162951536,0.30901699437494723,0.8660254037844386,0.5000000000000001,-0.0011407449746145216,1.1876062154769897,58.77753171738079,-0.001213452657763082,1.1889617443084717,64.25466377823086,0.006596919769340201,1.1904053688049316,61.00654490737486,-0.0020160851725848647,1.177786946296692,59.839851660128424,-0.001005613006019161,1.19657301902771,75.1790325088878,0.00032606295146541086,1.1646324396133423,22.423813924392746,0.0006425348357914624,0.005412274781155662,0.43119379302636657,0.605045336308606,-0.009787839779129372,0.011815434779079346,0.4,0.0003330200983453869,0.004573652692840677,0.6187233909229383,0.6956642586341026,-0.009787839779129372,0.011815434779079346,0.43333333333333335,0.0003194715599251291,0.003522901690512235,0.7334881907452449,1.9493638693516249,-0.009787839779129372,0.011815434779079346,0.4444444444444444
1.186704158782959,1.1870845556259155,1.1847639083862305,1.1867464780807495,0,-8.296867967237648e-05,-0.0014824419525577088,1,4.2319297790527344e-05,4.2319297790527344e-05,0.0003380775451660156,0.0019402503967285156,0.0023206472396850586,0.018235988323960766,0.1456824306669091,0.8360815379177055,-0.00014078617095947266,-0.00011862221054754269,1,1.1881129503250123,-0.0011501198970804705,1.1842579245567322,0.0021013610060820476,1.1838282227516175,0.0024651002339701744,1.1756463027000428,0.009441764291070687,1.1684119272232056,0.01569185518291283,1.1634187775850295,0.020050991820965258,1.1867113006096313,2.9642737114921047e-05,1.1852131184901344,0.0012937415782565687,1.1813596618804554,0.004559844282530756,1.1766068132137675,0.008617717195113839,0.0038534566096790623,0.004038146262945654,-0.0001846896532665919,0,18.227280992692048,18.47740823986318,16.337411208691076,2.139997031172104,1,1,1,0,0,49.22052595760316,0,0,39.04480375769507,40.29202047961798,-1.2472167219229107,21.810347839376757,-60.95519585181927,0.0,0.35247326536753665,0.15428858585395666,2.2263440737653184,0.007142552815027832,0.0060186003888355105,1.2029339240449084,1.1647225214583266,1.1838282227516175,0.03227782700984931,0.5763713204424394,1,0.052790283387002486,0.04989880211093038,0.08132033307927151,0.05581787745564024,1.19724122503955,1.1686710137794387,0.6326682037272937,0.0,0.0,0.0,0.0,0.0,0.0,11867464779.807495,0,16,2,1,8,0,0,0,0.0,1.0,0.8660254037844386,0.5000000000000001,-0.0006412181154459174,1.1868449449539185,50.8388296057559,-0.0011407449746145216,1.1876062154769897,58.77753171738079,-0.001213452657763082,1.1889617443084717,64.25466377823086,0.004059767058934511,1.182578206062317,61.50931639303332,-0.009787839779129372,1.1849182844161987,62.10741329310417,-0.0032092523812508244,1.1609008312225342,20.377325796493622,5.0619483113988164e-05,0.004920030836390982,0.6172685358074419,2.0697370475916568,-0.009787839779129372,0.011815434779079346,0.3333333333333333,0.00046042945551446837,0.004504227109350708,0.5875812193145515,0.8346307159588215,-0.009787839779129372,0.011815434779079346,0.43333333333333335,0.00034084910839481504,0.0035161957728357812,0.7208812542604767,1.9683532388925498,-0.009787839779129372,0.011815434779079346,0.4444444444444444
1.1850868463516235,1.1852554082870483,1.180553913116455,1.1849884986877441,0,-0.0014824419525577088,0.00016597545472382783,2,-9.834766387939453e-05,9.834766387939453e-05,0.0001685619354248047,0.0044345855712890625,0.004701495170593262,0.02091837983854538,0.0358528352626705,0.9432287636289552,-0.0016596317291259766,-0.0013984720069868228,0,1.1870295763015748,-0.001719483452146231,1.184769630432129,0.00018473477879155098,1.1848819494247436,8.992386375994421e-05,1.1760604739189149,0.007591467331879542,1.1685990524291991,0.01402486688918092,1.1637316066026688,0.01826614647453373,1.1861370333023356,-0.0009682985036703062,1.185178561597459,-0.00016036656066631405,1.1816284646069213,0.0028435621527247434,1.1769355067617664,0.006842339090822991,0.0035500969905377655,0.0039405364084640765,-0.000390439417926311,0,17.901995213432986,16.30286659204167,22.415597388230704,-6.112730796189034,1,1,1,0,0,31.564232396926172,0,0,36.28771479181797,38.25394043884314,-1.966225647025169,-14.226782785004225,-63.71228476785364,0.0,-0.45504416051361796,0.4336962978148229,1.935077787967443,0.007015887768263378,0.005920637858882771,1.2015296547728798,1.1682342440766074,1.1848819494247436,0.028100192352180902,0.503200117086782,1,0.008800040315689551,0.04467123073604697,0.08177723644579993,0.05571540450163374,1.197181454877283,1.1691179038042296,0.5655234002870404,0.0,0.0,0.0,0.0,0.0,0.0,11849884985.877441,1,17,2,1,8,0,0,0,0.9510565162951535,0.30901699437494745,0.8660254037844386,0.5000000000000001,-8.296867967237648e-05,1.1867464780807495,49.22052595760316,-0.0006412181154459174,1.1868449449539185,50.8388296057559,-0.0011407449746145216,1.1876062154769897,58.77753171738079,0.006596919769340201,1.1904053688049316,61.00654490737486,-0.0042683305772816425,1.1798714399337769,60.031697553668955,0.001370854039887487,1.162493348121643,25.445196699714458,-0.00014947745697991131,0.004917079320358523,0.7546359864295276,2.2324260125096,-0.009787839779129372,0.011815434779079346,0.26666666666666666,0.00038173959416607796,0.00451727795267248,0.6355324121639941,0.8366791679420315,-0.009787839779129372,0.011815434779079346,0.4,0.0003512063257864498,0.0035097405834926534,0.7192345571717822,1.993899636168097,-0.009787839779129372,0.011815434779079346,0.4444444444444444
1.185157060623169,1.1853959560394287,1.1810418367385864,1.185185194015503,0,0.00016597545472382783,-0.005330892187443716,0,2.8133392333984375e-05,2.8133392333984375e-05,0.00021076202392578125,0.0041152238845825195,0.004354119300842285,0.0064613277092360165,0.04840520080478507,0.9451334485192225,0.0001685619354248047,0.0001422477396170894,1,1.186274266242981,-0.0009180611586858678,1.185126745700836,4.9318112913976364e-05,1.1855018794536591,-0.0002671320422329426,1.1764837288856507,0.007396162662916428,1.1687426733970643,0.014068554944810963,1.1640427094697952,0.018162979993682216,1.185819753540058,-0.0005351231691049785,1.185179581969466,4.735101854613788e-06,1.181891926044594,0.0027864374043504725,1.1772590239089717,0.006732732427516153,0.0032876559248720127,0.0038099603117456643,-0.0005223043868736515,0,17.49816297883071,15.163298414857909,20.461928743698103,-5.2986303288401935,1,1,1,0,0,34.90460489068221,0,0,40.96146369851118,38.764660749341395,2.1968029491697862,-19.976489878588943,-59.038535816034155,0.0,-0.317634298247782,0.3022266630360759,1.8275602343311714,0.006660985305940567,0.005620206309539348,1.2011462966482567,1.1698574622590616,1.1855018794536591,0.026392901545609766,0.48987864222729105,1,0.010998945148311016,0.04429720409558474,0.08180875876008,0.05566681411601367,1.1966655084930895,1.170021567269327,0.5691210081089682,0.0,0.0,0.0,0.0,0.0,0.0,11851851939.15503,2,18,2,1,8,0,0,0,0.5877852522924732,-0.8090169943749473,0.8660254037844386,0.5000000000000001,-0.0014824419525577088,1.1849884986877441,31.564232396926172,-8.296867967237648e-05,1.1867464780807495,49.22052595760316,-0.0006412181154459174,1.1868449449539185,50.8388296057559,-0.001213452657763082,1.1889617443084717,64.25466377823086,0.0014758521488129476,1.1816140413284302,60.719412343456035,0.0012212971236851653,1.1639139652252197,28.77414051460245,-0.0009261080786036124,0.0036486829863078365,-0.3105941961126819,2.544323520190842,-0.009787839779129372,0.006596919769340201,0.26666666666666666,0.0004633315207988636,0.004489530697853002,0.5966773006179461,0.8833332742450057,-0.009787839779129372,0.011815434779079346,0.43333333333333335,0.00036671377881838637,0.0035066796769102865,0.7080217304016353,1.9981833515115397,-0.009787839779129372,0.011815434779079346,0.4603174603174603
1.1791062355041504,1.1807769536972046,1.1743016242980957,1.1788839101791382,0,-0.005330892187443716,-0.001672717262548906,1,-0.00022232532501220703,0.00022232532501220703,0.0016707181930541992,0.0045822858810424805,0.006475329399108887,0.03433421033521193,0.25801284603109664,0.7076529281904619,-0.006078958511352539,-0.005129121205306004,0,1.1845298051834106,-0.004766359680516086,1.1849987506866455,-0.005160208484142337,1.1860812246799468,-0.006068146472973601,1.1767785215377808,0.0017891119719173343,1.1688000690937042,0.008627515732772206,1.1643893402814864,0.012448215811476704,1.1835078057530848,-0.00390694142537884,1.1842110170786464,-0.004498444046061922,1.1816691100545602,-0.0023570049783714353,1.1773227449391743,0.0013260298813915217,0.0025419070240861874,0.003556349654213769,-0.0010144426301275816,0,20.5997505523009,12.117324010214023,28.791988222953503,-16.67466421273948,0,1,1,0,0,31.10321460610571,0,0,24.70753830458306,33.98557226497073,-9.278033960387667,-110.85297299405723,-75.29246115622014,0.0,-0.7344442277399499,-0.10845529039997803,0.519899935424184,0.007223996560802788,0.006127826919863786,1.1996009511554064,1.1725614982044872,1.1860812246799468,0.022797302904728024,0.23382174050432789,1,0.035667957468257974,0.05232525844013643,0.08065199631218128,0.05629975610678291,1.1973668045549977,1.1684708183117867,0.3603646452372451,0.0,0.0,0.0,0.0,0.0,0.0,11788839100.791382,3,19,2,1,8,0,0,0,-0.587785252292473,-0.8090169943749475,0.8660254037844386,0.5000000000000001,0.00016597545472382783,1.185185194015503,34.90460489068221,-0.0014824419525577088,1.1849884986877441,31.564232396926172,-8.296867967237648e-05,1.1867464780807495,49.22052595760316,-0.0011407449746145216,1.1876062154769897,58.77753171738079,-0.0012280419667084874,1.180163860321045,62.52014390652735,0.007594187300257437,1.1727865934371948,47.431579580507695,-0.0010599409758272913,0.003777441286306592,-0.2668191607545229,1.849866921918469,-0.009787839779129372,0.006596919769340201,0.26666666666666666,0.0003183493795235618,0.004606501382185982,0.5811816846518443,0.6531642108624228,-0.009787839779129372,0.011815434779079346,0.43333333333333335,0.00033769782318330725,0.003546551274574704,0.6623283470441341,1.8863637114559857,-0.009787839779129372,0.011815434779079346,0.4603174603174603
1.1769136190414429,1.1806097030639648,1.1745498180389404,1.1769136190414429,0,-0.001672717262548906,0.005558699440543781,4,0.0,0.0,0.0036960840225219727,0.0023638010025024414,0.006059885025024414,0.0,0.6099264171294142,0.3900735663686229,-0.0019702911376953125,-0.0016713190505999727,0,1.1825435400009154,-0.004760857311851829,1.1849114179611206,-0.006749702043351569,1.1861538529396056,-0.007790080497975915,1.1770601677894592,-0.0001245041264790192,1.1688333559036255,0.006913100996231547,1.164681130051613,0.010502865181852394,1.1813097435158708,-0.0037213987255974024,1.183088340457538,-0.005219155074409176,1.181316851460996,-0.0037273933015808947,1.177306700786322,-0.00033388227942920956,0.0017714889965421143,0.003199377522679438,-0.0014278885261373238,0,23.287793115973354,10.732274578074431,25.50097059358607,-14.76869601551164,0,1,1,0,0,39.21788243345295,0,0,14.083791768561083,26.584264590551758,-12.500472821990675,-123.92113613679857,-85.91620769224212,0.0,-0.8367837732047745,-0.07414985010616437,0.8238360367144759,0.007068781689365672,0.006006202642571457,1.1994470703334532,1.172860635545758,1.1861538529396056,0.022413985099458644,0.15244554272903477,1,0.03489344348933731,0.05200215248693855,0.07898341819005665,0.05641755630111254,1.196484451727176,1.1682093249697134,0.30784279467988157,0.0,0.0,0.0,0.0,0.0,0.0,11769136189.414429,4,20,2,1,8,0,0,0,-0.9510565162951536,0.30901699437494723,0.8660254037844386,0.5000000000000001,-0.005330892187443716,1.1788839101791382,31.10321460610571,0.00016597545472382783,1.185185194015503,34.90460489068221,-0.0014824419525577088,1.1849884986877441,31.564232396926172,-0.0006412181154459174,1.1868449449539185,50.8388296057559,-0.0020160851725848647,1.177786946296692,59.839851660128424,-0.004691796358141223,1.1672970056533813,40.98661911584345,-0.0011044145929292742,0.0037806816478258756,-0.22576343475684263,1.8152620344226045,-0.009787839779129372,0.006596919769340201,0.26666666666666666,0.00031664880646580304,0.004607251638986269,0.5818608308961879,0.6516968334079141,-0.009787839779129372,0.011815434779079346,0.43333333333333335,0.0003195716200106039,0.003553971989303068,0.6712185156962275,1.8606152241386866,-0.009787839779129372,0.011815434779079346,0.4603174603174603
1.1829839944839478,1.183445930480957,1.1775233745574951,1.1834739446640015,0,0.005558699440543781,-0.0034615685408089184,1,0.0004899501800537109,0.0004899501800537109,-2.8014183044433594e-05,0.005460619926452637,0.005922555923461914,0.08272613684240343,-0.004730083250113091,0.922003929523108,0.006070375442504883,0.0051578767921244845,1,1.181889033317566,0.0013409983523178237,1.1850009918212892,-0.0012886463958243777,1.1860352635383606,-0.0021595639294078595,1.177327160835266,0.005220964853857923,1.1689340364933014,0.012438604416956434,1.165007534623146,0.015850893140569866,1.182031143898581,0.0012206113796118245,1.1831476641816094,0.0002757731703677546,1.1814766361427003,0.0016905187627349605,1.1775485534874075,0.00503197176756931,0.0016710280389091725,0.0028937076259253854,-0.001222679587016213,0,22.88547574075574,14.80084640653252,22.32676688401882,-7.5259204774863,0,1,1,0,0,54.6623982758746,0,0,49.45685683211151,29.416062301751868,20.040794530359644,-58.46493463810806,-50.54314262869169,0.0,-0.27575674140954964,0.07574455516705658,0.6816806724052604,0.006997252322718804,0.0059124684186555015,1.1993822634976297,1.1726882635790916,1.1860352635383606,0.022506919260266982,0.4040488902906859,1,0.06290777047788301,0.05574807042569949,0.07764246053394283,0.05711181141987648,1.196448731690602,1.168459722399727,0.536432785262109,0.0,0.0,0.0,0.0,0.0,0.0,11834739445.640015,0,23,2,1,9,0,0,0,0.0,1.0,0.8660254037844386,0.5000000000000001,-0.001672717262548906,1.1769136190414429,39.21788243345295,-0.005330892187443716,1.1788839101791382,31.10321460610571,0.00016597545472382783,1.185185194015503,34.90460489068221,-8.296867967237648e-05,1.1867464780807495,49.22052595760316,0.004059767058934511,1.182578206062317,61.50931639303332,0.006969632403705956,1.1754610538482666,55.361652430769894,-8.131197828439736e-05,0.0033101994261053734,0.7172009272926263,0.25483750130090954,-0.005330892187443716,0.006596919769340201,0.3333333333333333,0.0005997234327822973,0.004661240388292424,0.4315000596264198,0.38031073857760334,-0.009787839779129372,0.011815434779079346,0.4666666666666667,0.0004449278923841742,0.003597705950985996,0.5971969828313682,1.5991464141102414,-0.009787839779129372,0.011815434779079346,0.47619047619047616
1.1793148517608643,1.1796625852584839,1.1767336130142212,1.1793843507766724,0,-0.0034615685408089184,-0.0015791679800708249,1,6.949901580810547e-05,6.949901580810547e-05,0.00027823448181152344,0.0025812387466430664,0.0029289722442626953,0.023728122918006016,0.09499389175064502,0.8812779511896814,-0.004159092903137207,-0.003514308803787462,1,1.1807682037353515,-0.0011719938377271477,1.183898890018463,-0.003813281167396765,1.1856220602989196,-0.005261128171104135,1.1774359846115112,0.0016547532863440129,1.1690027630329132,0.00888072121911554,1.1653081095218658,0.01207941576873961,1.1811488795246117,-0.0014939089206943423,1.1825686928885422,-0.002692733395319724,1.1813216520415128,-0.0016399440079072347,1.177620545537967,0.0014977703516116936,0.0012470408470293126,0.002564374270146171,-0.0013173334231168583,0,23.011769888147334,12.89050761584353,20.957362910003788,-8.066855294160257,0,1,1,0,0,47.27957484581625,0,0,27.405897934194645,30.315515511622397,-2.9096175774277526,-89.67249899379425,-72.59410152660855,0.0,-0.47292846447689607,-0.9258205916295115,-0.5448754196366035,0.006962996232993667,0.005903924558451076,1.1992671410037377,1.1719769795941015,1.1856220602989196,0.023017589096186328,0.2714300968851102,1,0.06623259829814276,0.04454411633091657,0.0722101643945479,0.057626412659013596,1.1960878503427241,1.1682358654107494,0.4002761509861587,0.0,0.0,0.0,0.0,0.0,0.0,11793843506.766724,1,24,2,1,9,0,0,0,0.9510565162951535,0.30901699437494745,0.8660254037844386,0.5000000000000001,0.005558699440543781,1.1834739446640015,54.6623982758746,-0.001672717262548906,1.1769136190414429,39.21788243345295,-0.005330892187443716,1.1788839101791382,31.10321460610571,-0.0014824419525577088,1.1849884986877441,31.564232396926172,0.006596919769340201,1.1904053688049316,61.00654490737486,0.008795761610489736,1.1858457326889038,62.828952105780054,-2.7527842519549084e-05,0.003243185185337297,0.7892034718225269,0.3499509152496938,-0.005330892187443716,0.006596919769340201,0.3333333333333333,0.00036050497617437537,0.004679965257564308,0.5557465016078846,0.448067282684867,-0.009787839779129372,0.011815434779079346,0.43333333333333335,0.00037280366210141243,0.0036301227820127223,0.6220582028838216,1.5056734102293332,-0.009787839779129372,0.011815434779079346,0.4603174603174603
1.1775511503219604,1.180790901184082,1.1771352291107178,1.1775233745574951,0,-0.0015791679800708249,0.003385308042882381,3,-2.777576446533203e-05,2.777576446533203e-05,0.003239750862121582,0.00038814544677734375,0.003655672073364258,0.007597991052838425,0.8862257632746346,0.10617621831777645,-0.001833200454711914,-0.0015543706793711824,0,1.17923583984375,-0.0014521822762243453,1.1827550530433655,-0.00442329844371947,1.1844100177288055,-0.00581440815903822,1.1775111722946168,1.036267269838298e-05,1.1690655148029327,0.007234718282888242,1.1656019467115402,0.010227700613031354,1.1799403778689062,-0.0020484114761557537,1.1817924900683812,-0.0036124071242641387,1.181040298153808,-0.0029778185397337786,1.1776167349112818,-7.927915000782715e-05,0.0007521919145732081,0.0022019377990315785,-0.0014497458844583704,0,21.98856378726767,14.233815871074293,19.391115008881574,-5.15729913780728,0,1,1,0,0,46.81034125805538,0,0,17.371573928033033,31.41144289811305,-14.039868970080018,-87.30162700451446,-82.62842553277017,0.0,-0.646466011952862,-0.9620469124201669,-0.8525284819392187,0.006522019678376413,0.005538760264757772,1.1961979003119831,1.1726221351456279,1.1844100177288055,0.019905070719997007,0.20789312060473253,1,0.06553838209139108,0.044646961215488834,0.07204570813409954,0.05730989096731848,1.1947641369173714,1.1686760582038658,0.3391325370057205,0.0,0.0,0.0,0.0,0.0,0.0,11775233744.574951,2,25,2,1,9,0,0,0,0.5877852522924732,-0.8090169943749473,0.8660254037844386,0.5000000000000001,-0.0034615685408089184,1.1793843507766724,47.27957484581625,0.005558699440543781,1.1834739446640015,54.6623982758746,-0.001672717262548906,1.1769136190414429,39.21788243345295,0.00016597545472382783,1.185185194015503,34.90460489068221,-0.001213452657763082,1.1889617443084717,64.25466377823086,0.0015190121488507834,1.1876484155654907,67.09251378988588,-0.00023119585111180057,0.003237952703062105,0.9937562322623903,0.6741562436646186,-0.005330892187443716,0.006596919769340201,0.26666666666666666,0.0003777975302882169,0.004671518823447417,0.5496082336249837,0.4640808853965993,-0.009787839779129372,0.011815434779079346,0.43333333333333335,0.0002861782436743442,0.003610183789613133,0.6888984620898965,1.6618459393613427,-0.009787839779129372,0.011815434779079346,0.4444444444444444
1.181544303894043,1.1830118894577026,1.1782448291778564,1.181516408920288,0,0.003385308042882381,-0.0010274385937266125,1,-2.7894973754882812e-05,2.7894973754882812e-05,0.001467585563659668,0.0032715797424316406,0.004767060279846191,0.005851609069777053,0.30785965494882606,0.6862887150041087,0.0040209293365478516,0.003414734198136334,0,1.17976233959198,0.001486798797769806,1.1821460723876953,-0.0005326444692932419,1.1835969924926757,-0.0017578480558910758,1.1776322793960572,0.003298253191474254,1.1691703915596008,0.010559638995957243,1.1658928138017655,0.013400541483943762,1.1804657215527001,0.0008900616496656522,1.1817500160455976,-0.00019767905404510788,1.1810755656179917,0.0003732557129216829,1.177769663303792,0.0031812209406616443,0.0006744504276059438,0.0018964403247464516,-0.0012219898971405079,0,19.08479490294698,17.24073678564361,17.16837540169996,0.07236138394364744,0,1,1,0,0,54.335827131956286,0,0,38.901886970784254,27.893119611003964,11.00876735978029,-42.35275428689774,-61.09811249001895,0.0,0.2233043235571719,-0.5127799498974239,-1.6848410530209468,0.006384219041287227,0.005403411237073731,1.193612887227835,1.1735810977575163,1.1835969924926757,0.016924501832704948,0.3961359086224419,1,0.06078018594963198,0.049653448525873244,0.05870872388043501,0.05734517623337017,1.1944691367250666,1.1689322605599175,0.4927833862571722,0.0,0.0,0.0,0.0,0.0,0.0,11815164088.20288,3,26,2,1,9,0,0,0,-0.587785252292473,-0.8090169943749475,0.8660254037844386,0.5000000000000001,-0.0015791679800708249,1.1775233745574951,46.81034125805538,-0.0034615685408089184,1.1793843507766724,47.27957484581625,0.005558699440543781,1.1834739446640015,54.6623982758746,-0.005330892187443716,1.1788839101791382,31.10321460610571,-0.0011407449746145216,1.1876062154769897,58.77753171738079,0.011815434779079346,1.2017642259597778,75.05112033327049,7.636081619425729e-05,0.003353540342307444,0.6816162413481947,-0.17088171851403972,-0.005330892187443716,0.006596919769340201,0.3333333333333333,0.0004797723666687826,0.004703630411589123,0.4783893646208902,0.31731991242749746,-0.009787839779129372,0.011815434779079346,0.43333333333333335,0.0002887981003566613,0.0036124065524445028,0.686973152482813,1.64977488826186,-0.009787839779129372,0.011815434779079346,0.4444444444444444
1.1803449392318726,1.182396411895752,1.1790506839752197,1.1803030967712402,0,-0.0010274385937266125,-0.0036992518169130916,1,-4.184246063232422e-05,4.184246063232422e-05,0.0020514726638793945,0.0012524127960205078,0.0033457279205322266,0.012506234928704117,0.6131618144959236,0.3743319206865113,-0.0011714696884155273,-0.0009914967574482596,0,1.1804402351379395,-0.00011617569666422245,1.1814918875694276,-0.0010061777914804892,1.1827834963798523,-0.0020970868430224554,1.1777393412590027,0.002176844503877451,1.1693188190460204,0.009393740565333486,1.1661503517627716,0.012136295192006319,1.1804115132922135,-9.18464618001602e-05,1.1815274130803117,-0.001036214983599959,1.1810183457034176,-0.0006056205940566661,1.1778690136358487,0.002066514193858726,0.0005090673768941567,0.0016189657351759928,-0.001109898358281836,0,16.568195203202382,15.954412943069341,15.887450410381625,0.06696253268771635,0,1,1,0,0,47.11496723197075,0,0,32.35974683019666,29.544402576337973,2.81534425385869,-41.751825221055284,-67.64025263060654,0.0,0.2879971541630999,-0.5511965324950019,-1.4588540380611192,0.005979086891853227,0.005065721599564259,1.1908064655869646,1.17476052717274,1.1827834963798523,0.013566251526149837,0.3454188481145459,1,0.059522644743714485,0.04971894319743927,0.058004319117714795,0.057397791511465054,1.1935257674860793,1.1696094199186664,0.447128340885613,0.0,0.0,0.0,0.0,0.0,0.0,11803030966.712402,4,27,2,1,9,0,0,0,-0.9510565162951536,0.30901699437494723,0.8660254037844386,0.5000000000000001,0.003385308042882381,1.181516408920288,54.335827131956286,-0.0015791679800708249,1.1775233745574951,46.81034125805538,-0.0034615685408089184,1.1793843507766724,47.27957484581625,-0.001672717262548906,1.1769136190414429,39.21788243345295,-0.0006412181154459174,1.1868449449539185,50.8388296057559,-0.0033233987290885356,1.1977769136428833,72.80878905288523,0.00014227058811814078,0.003319016001291727,0.6519791540968648,-0.1075167239524768,-0.005330892187443716,0.006596919769340201,0.3333333333333333,0.0005524994929195897,0.004661301197118704,0.4584510709665442,0.4010648572432009,-0.009787839779129372,0.011815434779079346,0.43333333333333335,0.00027561958674182316,0.003615721003420731,0.6956154403014143,1.6432326756698195,-0.009787839779129372,0.011815434779079346,0.4444444444444444
1.1760140657424927,1.1795791387557983,1.1672834157943726,1.1759449243545532,0,-0.0036992518169130916,-0.005301246967732852,0,-6.914138793945312e-05,6.914138793945312e-05,0.003565073013305664,0.008661508560180664,0.012295722961425781,0.005623206345331892,0.2899441533853372,0.7044326321364217,-0.004289031028747559,-0.0036338386640829517,0,1.17893443107605,-0.002535770219650346,1.180411732196808,-0.0037841100863708066,1.18233482837677,-0.005404479313570687,1.1777735877037048,-0.0015526443011526503,1.1694463038444518,0.005557006241485363,1.16636448264122,0.008213934627721908,1.1789226503129935,-0.0025258027381160897,1.1806685686609644,-0.004000821679676192,1.1806425367146127,-0.0039788609283328835,1.1777935591542295,-0.0015695746382301534,2.603194635164563e-05,0.0013003789774111234,-0.0012743470310594778,0,20.843565364404448,11.950820639038787,34.5807280858859,-22.629907446847113,0,1,1,0,0,29.894018242197703,0,1,34.032806408850895,35.098146736610595,-1.0653403277596993,-148.94566593795497,-65.96719319822903,0.0,-0.6361796424327548,-0.9101820755908152,-1.7239311220570874,0.006917832769855154,0.0058827863669413775,1.1908440290147433,1.1738256277387968,1.18233482837677,0.01439389322386084,0.12452971163036293,1,0.04527042863514196,0.05202303284882748,0.05892645557284243,0.057945646672893314,1.1948677669232433,1.1671964358438227,0.3161571250044108,0.0,0.0,0.0,0.0,0.0,0.0,11759449242.545532,0,2,3,1,10,0,0,0,0.0,1.0,1.0,6.123233995736766e-17,-0.0010274385937266125,1.1803030967712402,47.11496723197075,0.003385308042882381,1.181516408920288,54.335827131956286,-0.0015791679800708249,1.1775233745574951,46.81034125805538,0.005558699440543781,1.1834739446640015,54.6623982758746,-8.296867967237648e-05,1.1867464780807495,49.22052595760316,-0.001005613006019161,1.19657301902771,75.1790325088878,-0.00037499733693836606,0.003269110464754482,0.9593491048379237,0.6816217778695994,-0.005330892187443716,0.006596919769340201,0.26666666666666666,0.00038349596435957036,0.004722123119492406,0.5288918650273979,0.3174680338891024,-0.009787839779129372,0.011815434779079346,0.4,0.0002146927624641758,0.0036502326346498338,0.7062828598116414,1.5379243267399088,-0.009787839779129372,0.011815434779079346,0.42857142857142855
1.1694538593292236,1.1707134246826172,1.153203010559082,1.1697274446487427,0,-0.005301246967732852,-0.007295832625916149,0,0.00027358531951904297,0.00027358531951904297,0.0009859800338745117,0.0162508487701416,0.017510414123535156,0.015624148922263995,0.05630820729239456,0.9280676380744542,-0.00649106502532959,-0.005519871628631236,1,1.1770030498504638,-0.006181466821200909,1.1788856267929078,-0.0077685078477905956,1.1818276286125182,-0.01023853544273412,1.1777168035507202,-0.006783769219571134,1.169577134847641,0.00012851627875609672,1.1665721982717514,0.0027047158173281183,1.1758575817582433,-0.005213333063527115,1.1789853188129302,-0.007852408436030078,1.1798340113764003,-0.008566092119187685,1.177477240938328,-0.006581695271452914,-0.0008486925634700881,0.0008705646692348812,-0.0017192572327049693,0,27.303873731439616,7.93674215225786,43.761477276257025,-35.82473512399916,0,1,1,0,0,26.390599171997636,0,1,46.08354514317831,37.49203279407528,8.591512349103034,-268.2158693373167,-53.916454577940456,0.0,-0.818809077937166,-1.287865161214774,-1.2820158121655156,0.009027710239937294,0.007717789541884644,1.1920015236223709,1.1716537336026656,1.1818276286125182,0.01721722315958393,-0.09466821421837919,1,0.05221591457538063,0.05652771627668378,0.05196990974182322,0.05898095055294177,1.1980108878886655,1.1619000469289162,0.2167603270960974,0.0,0.0,0.0,0.0,0.0,0.0,11697274445.487427,1,3,3,1,10,0,0,0,0.9510565162951535,0.30901699437494745,1.0,6.123233995736766e-17,-0.0036992518169130916,1.1759449243545532,29.894018242197703,-0.0010274385937266125,1.1803030967712402,47.11496723197075,0.003385308042882381,1.181516408920288,54.335827131956286,-0.0034615685408089184,1.1793843507766724,47.27957484581625,-0.0014824419525577088,1.1849884986877441,31.564232396926172,-0.009787839779129372,1.1849182844161987,62.10741329310417,-0.0011682084527432361,0.0028765271025675437,0.8012054060750237,1.2755401156911257,-0.005330892187443716,0.005558699440543781,0.2,0.0001660778279789698,0.004831117625939683,0.5782653632651001,0.18449167750965462,-0.009787839779129372,0.011815434779079346,0.36666666666666664,0.0001220718875416581,0.003715450648887654,0.6924768908078223,1.37313958535503,-0.009787839779129372,0.011815434779079346,0.4126984126984127
1.161089539527893,1.1654876470565796,1.1576753854751587,1.161224365234375,0,-0.007295832625916149,0.0020109002290502544,3,0.0001348257064819336,0.0001348257064819336,0.00426328182220459,0.003414154052734375,0.0078122615814208984,0.017258216887764494,0.5457167202096567,0.43702505010218845,-0.00863790512084961,-0.007384545143082482,1,1.1737432479858398,-0.010665776243553138,1.1764895439147949,-0.012975192901695576,1.1808081448078156,-0.016585064862479793,1.1775251030921936,-0.013843219064823664,1.1695869696140289,-0.007150049287654614,1.1666919142007828,-0.004686369211433616,1.170979842916954,-0.008331038182044725,1.1762528644162296,-0.012776588891059149,1.1784555190695836,-0.01462181105261462,1.1768398732636631,-0.013269016866887418,-0.002202654653354008,0.00025592080471710326,-0.0024585754580711116,0,32.902807649533095,6.5844002392260235,36.30495686000073,-29.720556620774705,0,1,1,0,0,22.451158648748944,0,1,23.08858945981556,34.401647003948234,-11.313057544132676,-244.97707452872646,-76.9114102523454,0.0,-1.3841771361222555,-2.0216949133448736,-1.58043275464389,0.00943095676442352,0.008121562934745924,1.1945372959770377,1.1670789936385935,1.1808081448078156,0.023253821932764446,-0.21321887678028567,1,0.06577711731164679,0.06314652721493769,0.055584421481037,0.06071621829663767,1.1970334664448365,1.1593096393871425,0.05075640494344672,0.0,0.0,0.0,0.0,0.0,0.0,11612243651.34375,2,4,3,1,10,0,0,0,0.5877852522924732,-0.8090169943749473,1.0,6.123233995736766e-17,-0.005301246967732852,1.1697274446487427,26.390599171997636,-0.0036992518169130916,1.1759449243545532,29.894018242197703,-0.0010274385937266125,1.1803030967712402,47.11496723197075,-0.0015791679800708249,1.1775233745574951,46.81034125805538,0.00016597545472382783,1.185185194015503,34.90460489068221,-0.0042683305772816425,1.1798714399337769,60.031697553668955,-0.0015737004506201076,0.003283302877218428,0.4328679685301243,0.6800302232321058,-0.007295832625916149,0.005558699440543781,0.2,-0.0003302561695601498,0.00480647588346177,0.6457334223604149,0.48909231264222836,-0.009787839779129372,0.011815434779079346,0.3333333333333333,-2.1395527262751496e-05,0.0038247622419336426,0.6282725685496056,1.2197829703982705,-0.009787839779129372,0.011815434779079346,0.3968253968253968
1.1635212898254395,1.164686679840088,1.1561896800994873,1.1635618209838867,0,0.0020109002290502544,-0.002370782230656385,1,4.0531158447265625e-05,4.0531158447265625e-05,0.0011248588562011719,0.0073316097259521484,0.008496999740600586,0.0047700552203847986,0.13238306193985577,0.8628468710708996,0.002296924591064453,0.001978019631376795,1,1.1701523303985595,-0.005632180822017219,1.1749573349952698,-0.009698662045851236,1.1799780428409576,-0.013912311381790943,1.1772644376754762,-0.011639370350370437,1.1696557426452636,-0.005210013116401235,1.166815481185913,-0.002788495999762164,1.168507168939265,-0.004232193166126885,1.1743003961958691,-0.009144657828487057,1.1773522821743467,-0.011713113821650967,1.176319165331123,-0.010845138651261022,-0.0030518859784776087,-0.00040564055192183915,-0.0026462454265557696,0,37.97418292764106,5.782837560170367,34.013885879623885,-28.231048319453517,0,1,1,0,0,26.461789867629307,0,1,30.573606881851667,33.2485804949485,-2.6749736130968316,-194.0873912717304,-69.4263928230024,0.0,-1.519622393802289,-1.299711452752217,-1.5277594640165426,0.00930642916124713,0.00799822492678383,1.1957298331058752,1.16422625257604,1.1799780428409576,0.026698446397626308,-0.0210906690245903,1,0.05790356533374383,0.06319639806187673,0.055885514995247694,0.060474212078186734,1.1953930081973312,1.1581672915523427,0.14491405144725097,0.0,0.0,0.0,0.0,0.0,0.0,11635618208.838867,3,5,3,1,10,0,0,0,-0.587785252292473,-0.8090169943749475,1.0,6.123233995736766e-17,-0.007295832625916149,1.161224365234375,22.451158648748944,-0.005301246967732852,1.1697274446487427,26.390599171997636,-0.0036992518169130916,1.1759449243545532,29.894018242197703,0.003385308042882381,1.181516408920288,54.335827131956286,-0.005330892187443716,1.1788839101791382,31.10321460610571,0.0014758521488129476,1.1816140413284302,60.719412343456035,-0.001363590770375789,0.003411334148228894,0.2679015577996394,0.05966099826072443,-0.007295832625916149,0.005558699440543781,0.26666666666666666,-0.00010683294998710051,0.004752221058024101,0.5498500253390203,0.5042044134453555,-0.009787839779129372,0.011815434779079346,0.36666666666666664,-4.2536984799333675e-05,0.003809517283130015,0.6440970816948496,1.2958453025703685,-0.009787839779129372,0.011815434779079346,0.3968253968253968
1.1607122421264648,1.16225004196167,1.1547610759735107,1.1608065366744995,0,-0.002370782230656385,-0.0073325559743644625,0,9.429454803466797e-05,9.429454803466797e-05,0.0014435052871704102,0.0059511661529541016,0.00748896598815918,0.012591130327557135,0.19275094454663635,0.7946579117728285,-0.002849578857421875,-0.0024490137144302497,1,1.1662530183792115,-0.0046700687744535285,1.1733466267585755,-0.010687455775664323,1.179129022359848,-0.015538999919724628,1.1768895411491394,-0.013665687399659898,1.16966153383255,-0.007570563792312579,1.1669509649276733,-0.005265369786148666,1.1659402915176766,-0.004403102783294588,1.1722244178079662,-0.00974035437160048,1.1761266713965803,-0.013025922456623262,1.175710826952432,-0.01267683348234383,-0.0039022535886141796,-0.0011049631592603072,-0.0027972904293538724,0,42.58644194763097,5.04836769043336,31.75553111535285,-26.70716342491949,0,1,1,0,0,25.112769585138906,0,1,23.61860953804526,25.760268626570817,-2.1416590885255573,-175.7134318373588,-76.38139015132768,0.0,-1.651826564725134,-1.3685866240601419,-1.6402233873929584,0.009239004607797644,0.007959125241894146,1.197058086019843,1.1611999586998532,1.179129022359848,0.03041069012548275,-0.010971627735761774,0,0.05567138996087466,0.06340593738592638,0.056152590083187515,0.06051914454633074,1.193736862595162,1.1567808441639713,0.10893198646738761,0.0,0.0,0.0,0.0,0.0,0.0,11608065365.744995,4,6,3,1,10,0,0,0,-0.9510565162951536,0.30901699437494723,1.0,6.123233995736766e-17,0.0020109002290502544,1.1635618209838867,26.461789867629307,-0.007295832625916149,1.161224365234375,22.451158648748944,-0.005301246967732852,1.1697274446487427,26.390599171997636,-0.0010274385937266125,1.1803030967712402,47.11496723197075,-0.001672717262548906,1.1769136190414429,39.21788243345295,-0.0012280419667084874,1.180163860321045,62.52014390652735,-0.0014788950447231536,0.0034144022237956122,0.3812277259995346,0.1046619147701,-0.007295832625916149,0.005558699440543781,0.26666666666666666,-0.0004181801044658452,0.004575291727917158,0.6940452084023989,1.0762786993923996,-0.009787839779129372,0.011815434779079346,0.3333333333333333,-4.742480929782445e-05,0.0038123477625705243,0.645320789226925,1.287243841997474,-0.009787839779129372,0.011815434779079346,0.3968253968253968
1.1525650024414062,1.159366488456726,1.150814175605774,1.152325987815857,0,-0.0073325559743644625,0.008122175820436147,4,-0.0002390146255493164,0.0002390146255493164,0.006801486015319824,0.0015118122100830078,0.008552312850952148,0.02794736662702531,0.7952803007007128,0.1767723209795187,-0.008241534233093262,-0.007099834444414641,0,1.1615292310714722,-0.007923385058792975,1.170231831073761,-0.015301107764214672,1.177616411447525,-0.021475943680534737,1.1763653326034547,-0.02043527144101731,1.1695384693145752,-0.014717328287058518,1.1670957535505295,-0.01265514486577013,1.1614021902837368,-0.007814866067095139,1.169163120886103,-0.01440101288522111,1.174363657798008,-0.018765626757895726,1.174793774437272,-0.01912487724091383,-0.005200536911905029,-0.001924077909789252,-0.0032764590021157774,0,47.13796557961797,4.328195357680434,32.86019691101574,-28.532001553335306,0,1,1,0,0,22.24347297472778,0,1,4.37170147619126,19.521305965362714,-15.149604489171455,-175.9236599780635,-95.62829823463913,0.0,-2.0085070354515233,-2.631908965007901,-2.16176266521646,0.00933945213592137,0.00810486983185468,1.1990769737828326,1.1561558491122172,1.177616411447525,0.0364474579750566,-0.08923021744719774,0,0.06271444972051883,0.056572600601780244,0.060472198342286364,0.062248679283798444,1.1917536752167703,1.154395866673085,-0.055406859566369426,0.0,0.0,0.0,0.0,0.0,0.0,11523259877.15857,0,9,3,1,11,0,0,0,0.0,1.0,1.0,6.123233995736766e-17,-0.002370782230656385,1.1608065366744995,25.112769585138906,0.0020109002290502544,1.1635618209838867,26.461789867629307,-0.007295832625916149,1.161224365234375,22.451158648748944,-0.0036992518169130916,1.1759449243545532,29.894018242197703,0.005558699440543781,1.1834739446640015,54.6623982758746,-0.0020160851725848647,1.177786946296692,59.839851660128424,-0.0019622008643692926,0.003703540427512319,0.42336279472848476,-0.15008205330934304,-0.0073325559743644625,0.005558699440543781,0.26666666666666666,-0.0009557906906276517,0.004399477456996176,0.6926131204061569,1.5461288170336516,-0.009787839779129372,0.011815434779079346,0.3,-0.00016030372339980717,0.003921298210170213,0.5754110662005961,1.0910617291322946,-0.009787839779129372,0.011815434779079346,0.3968253968253968
1.1616694927215576,1.1663848161697388,1.1608469486236572,1.1617234945297241,0,0.008122175820436147,-0.0005110465032665204,2,5.4001808166503906e-05,5.4001808166503906e-05,0.0046613216400146484,0.0008225440979003906,0.005537867546081543,0.009751372119684775,0.8417177762117308,0.1485308336110926,0.009343504905700684,0.008108386865942094,1,1.1599284410476685,0.0015475552787374003,1.1684657454490661,-0.005770174303375786,1.1761823177337647,-0.01229301196320498,1.1760543251037598,-0.012185517596351558,1.169456102848053,-0.006612140805316247,1.1672151827812194,-0.004704949380404111,1.161509291699066,0.0001844175782066415,1.1680185629851216,-0.0053895278331622665,1.173427349407765,-0.009974077204652154,1.1742812144408978,-0.010693963128826312,-0.005408786422643308,-0.0026210196123600633,-0.0027877668102832447,0,45.494568659031955,12.901473197880605,26.681179784897985,-13.77970658701738,0,1,1,0,0,32.75847199421605,0,0,33.4316034557347,20.473971489990394,12.957631965744309,-92.37672935052815,-66.56839623781534,0.0,-0.6842577008545847,-1.4974640146206641,-1.763495338040566,0.009968702298316097,0.008580959535034125,1.1978765305302006,1.1544881049373288,1.1761823177337647,0.03688920070893644,0.1667585185876892,0,0.10445889599124801,0.07788807251899083,0.06615945428515807,0.06441497675129905,1.1919311015972547,1.15205629240399,0.2424388303561604,0.0,0.0,0.0,0.0,0.0,0.0,11617234944.297241,1,10,3,1,11,0,0,0,0.9510565162951535,0.30901699437494745,1.0,6.123233995736766e-17,-0.0073325559743644625,1.152325987815857,22.24347297472778,-0.002370782230656385,1.1608065366744995,25.112769585138906,0.0020109002290502544,1.1635618209838867,26.461789867629307,-0.005301246967732852,1.1697274446487427,26.390599171997636,-0.0034615685408089184,1.1793843507766724,47.27957484581625,0.004059767058934511,1.182578206062317,61.50931639303332,-0.0013218930128363689,0.004530385793345214,0.6474566081835074,-0.12817229092966131,-0.0073325559743644625,0.008122175820436147,0.3333333333333333,-0.0007356852349081397,0.004683566609843875,0.6864768205972646,0.8957153257866237,-0.009787839779129372,0.011815434779079346,0.3,-3.3041552921618536e-05,0.004057762123617728,0.5637356978844975,0.7750651542955078,-0.009787839779129372,0.011815434779079346,0.3968253968253968
1.1613187789916992,1.164401888847351,1.1566978693008423,1.1611299514770508,0,-0.0005110465032665204,-0.005881166978062398,0,-0.0001888275146484375,0.0001888275146484375,0.0030831098556518555,0.004432082176208496,0.007704019546508789,0.02451025871072486,0.4001949627749224,0.575294765534116,-0.00040471553802490234,-0.00034837509949292816,0,1.1599095582962036,0.0010521450332168225,1.1668264031410218,-0.0048820045108238785,1.1747907280921936,-0.011628263985505316,1.175731167793274,-0.01241883928482257,1.1694099450111388,-0.007080488470876722,1.1673441749811173,-0.0053233859702386255,1.1613828449583943,-0.00021775212404728794,1.1669587765992646,-0.004994885285237394,1.172516431042527,-0.009711147207021154,1.173765478638394,-0.010764950486467084,-0.005557654443262283,-0.0032083465785405075,-0.0023493078647217757,0,45.28055018009857,11.53054353348634,29.568819910096764,-18.038276376610426,0,0,1,0,0,35.75823217004228,0,0,31.612691009484912,23.138665313803614,8.474025695681298,-94.68782394127662,-68.38730868406512,0.0,-0.008130535334160971,-1.3921951304452729,-2.4592813586913675,0.009666744598075124,0.008325290881477751,1.1966036367705957,1.1529778194137916,1.1747907280921936,0.03713496907141655,0.18686485522777793,0,0.09038029857682013,0.07804545093974201,0.060414782057959894,0.06438412834011727,1.1902925437659564,1.1516255653736558,0.24580110662868349,0.0,0.0,0.0,0.0,0.0,0.0,11611299513.770508,2,11,3,1,11,0,0,0,0.5877852522924732,-0.8090169943749473,1.0,6.123233995736766e-17,0.008122175820436147,1.1617234945297241,32.75847199421605,-0.0073325559743644625,1.152325987815857,22.24347297472778,-0.002370782230656385,1.1608065366744995,25.112769585138906,-0.007295832625916149,1.161224365234375,22.451158648748944,-0.0015791679800708249,1.1775233745574951,46.81034125805538,0.006596919769340201,1.1904053688049316,61.00654490737486,-0.0013670278100357256,0.004517858993152827,0.6849729083586208,-0.053224818566315564,-0.0073325559743644625,0.008122175820436147,0.26666666666666666,-0.0011465679443196687,0.004041138455179238,0.28977430538266674,0.4118061277224052,-0.009787839779129372,0.008122175820436147,0.26666666666666666,-2.3241040996754182e-05,0.004055818856371812,0.557360413804504,0.7767185000199908,-0.009787839779129372,0.011815434779079346,0.3968253968253968
1.1541746854782104,1.156738042831421,1.151145339012146,1.1543211936950684,0,-0.005881166978062398,-0.0018682859083653618,1,0.00014650821685791016,0.00014650821685791016,0.002416849136352539,0.003029346466064453,0.005592703819274902,0.026196312011615493,0.43214323004352523,0.5416604400644206,-0.006955265998840332,-0.00599008404648736,1,1.15806143283844,-0.0032297416501310128,1.1641068816184998,-0.008406176595215586,1.1731264770030976,-0.01603005624292675,1.175323007106781,-0.01786897166390422,1.1693087315559387,-0.012817434399592265,1.167389059662819,-0.011194096739612802,1.1590289612039524,-0.00406182051187709,1.1650145330755421,-0.009178717669149017,1.1711686356834559,-0.014385154770745201,1.1730029576602243,-0.015926442419913145,-0.006154102607913714,-0.003797497784415149,-0.002356604823498565,0,46.41899793542939,9.949515580547775,33.139615594265514,-23.19010001371774,0,0,1,0,0,33.18241849003732,0,0,10.747255524447178,25.26384999655558,-14.516594472108403,-121.54099361286309,-89.25274416910285,0.0,-0.7941672820619528,-2.3017213320017826,-2.9135126322799465,0.00970912698031908,0.008411113849862123,1.1958811626585961,1.150371791347599,1.1731264770030976,0.03879323517049696,0.08678217749487463,0,0.0963946974584091,0.07596528462332405,0.06256722654976955,0.06415005575038955,1.1887927503518978,1.1499562424306213,0.1123929901744951,0.0,0.0,0.0,0.0,0.0,0.0,11543211935.950684,3,12,3,1,11,0,0,0,-0.587785252292473,-0.8090169943749475,1.0,6.123233995736766e-17,-0.0005110465032665204,1.1611299514770508,35.75823217004228,0.008122175820436147,1.1617234945297241,32.75847199421605,-0.0073325559743644625,1.152325987815857,22.24347297472778,0.0020109002290502544,1.1635618209838867,26.461789867629307,0.003385308042882381,1.181516408920288,54.335827131956286,-0.001213452657763082,1.1889617443084717,64.25466377823086,-0.001403712796076971,0.004554430677537942,0.670571616900033,-0.09994259185893967,-0.0073325559743644625,0.008122175820436147,0.26666666666666666,-0.0012318268859521308,0.004114955748431258,0.2902593020720323,0.24541208712913903,-0.009787839779129372,0.008122175820436147,0.26666666666666666,-0.00021583358488855352,0.004041073669201422,0.5981390836678996,0.9160931576167471,-0.009787839779129372,0.011815434779079346,0.38095238095238093
1.1522197723388672,1.152923822402954,1.1434844732284546,1.1521666049957275,0,-0.0018682859083653618,-0.0075411874205572795,0,-5.316734313964844e-05,5.316734313964844e-05,0.0007040500640869141,0.00868213176727295,0.009439349174499512,0.005632522072605207,0.07458671605561962,0.9197807512778247,-0.002101421356201172,-0.001820482347112,0,1.1563334465026855,-0.0036034948389672694,1.1612932324409484,-0.007859020693035013,1.171392560005188,-0.01641290525845074,1.1748654055595398,-0.019320341338223135,1.169230008125305,-0.014593709629020624,1.1674576604366302,-0.013097738836947648,1.156741509134544,-0.003954992712108973,1.1630379287555705,-0.009347351096744005,1.1697610778547352,-0.015041082568562292,1.1721858457910284,-0.017078555389041905,-0.006723149099164605,-0.00438262804736504,-0.0023405210517995646,0,48.759053951143294,8.49142383536906,38.643112309279154,-30.15168847391009,0,0,1,0,0,25.059211554298187,0,1,21.96483497670113,21.44159383687773,0.5232411398234014,-131.22297621744198,-78.0351647703099,0.0,-0.7443041890101476,-2.383836139418849,-2.984121337477863,0.009859472778491706,0.008557332537573882,1.195014250194359,1.147770869816017,1.171392560005188,0.04033095478607082,0.09304446750430445,0,0.09620563896213635,0.07567874172500952,0.06257882853777696,0.06384022739728662,1.1874545951486686,1.1480167040347016,0.10522623886026314,0.0,0.0,0.0,0.0,0.0,0.0,11521666048.957275,4,13,3,1,11,0,0,0,-0.9510565162951536,0.30901699437494723,1.0,6.123233995736766e-17,-0.005881166978062398,1.1543211936950684,33.18241849003732,-0.0005110465032665204,1.1611299514770508,35.75823217004228,0.008122175820436147,1.1617234945297241,32.75847199421605,-0.002370782230656385,1.1608065366744995,25.112769585138906,-0.0010274385937266125,1.1803030967712402,47.11496723197075,-0.0011407449746145216,1.1876062154769897,58.77753171738079,-0.0014167507057980678,0.004555535550438398,0.6799203120539147,-0.0931877902798769,-0.0073325559743644625,0.008122175820436147,0.26666666666666666,-0.0012605826493636708,0.004116334425963233,0.31227968987206367,0.25029714794106656,-0.009787839779129372,0.008122175820436147,0.26666666666666666,-0.0002972084448452354,0.004021556317500777,0.6576978233894075,1.040305417323502,-0.009787839779129372,0.011815434779079346,0.36507936507936506
1.1438244581222534,1.1501259803771973,1.1415655612945557,1.1435105800628662,0,-0.0075411874205572795,0.005618921196097603,4,-0.00031387805938720703,0.00031387805938720703,0.006301522254943848,0.0019450187683105469,0.008560419082641602,0.036666202050440896,0.7361230940327976,0.22721069223509063,-0.008342146873474121,-0.007240399814210042,0,1.1545703649520873,-0.009579134649556176,1.1580497980117799,-0.012554916094817403,1.169230765104294,-0.021997526841447512,1.1743262815475464,-0.02624117510292512,1.1690566444396973,-0.021851862008696377,1.1674641913175583,-0.02051764116688426,1.1523311994439849,-0.007654587053278816,1.1600337212643852,-0.014243673263295453,1.167816596536819,-0.020813213859052326,1.1710613255663944,-0.023526304728619052,-0.00778287527243382,-0.005062677492378796,-0.0027201977800550238,0,51.074055531037374,7.286164395953138,35.72741972099658,-28.441255325043443,0,0,1,0,0,23.359648807926106,0,1,4.692861466428157,12.468317322525474,-7.775455856097317,-139.72471234058588,-95.30713829229595,0.0,-0.7650098883649759,-2.758151646386786,-3.6512237824575133,0.009958348901515729,0.00870857609388922,1.1947717333770826,1.1436897968315052,1.169230765104294,0.043688498511799054,-0.003508417660090496,0,0.09701131641310372,0.07985006781153403,0.06593992258679213,0.06546185243185322,1.1853451979157814,1.1455118023097186,-0.05023981037468524,0.0,0.0,0.0,0.0,0.0,0.0,11435105799.628662,0,16,3,1,12,0,0,0,0.0,1.0,1.0,6.123233995736766e-17,-0.0018682859083653618,1.1521666049957275,25.059211554298187,-0.005881166978062398,1.1543211936950684,33.18241849003732,-0.0005110465032665204,1.1611299514770508,35.75823217004228,-0.0073325559743644625,1.152325987815857,22.24347297472778,-0.0036992518169130916,1.1759449243545532,29.894018242197703,-0.0006412181154459174,1.1868449449539185,50.8388296057559,-0.0022900764965381386,0.004374863339871534,0.9083366742920547,0.8611713702066882,-0.0075411874205572795,0.008122175820436147,0.2,-0.0011856942374112679,0.003973818184724598,0.5057166849533042,0.11217737256157805,-0.0075411874205572795,0.008122175820436147,0.26666666666666666,-0.00041448704898979096,0.004123709092768867,0.6078623283955078,0.8778075178315027,-0.009787839779129372,0.011815434779079346,0.36507936507936506
1.1497821807861328,1.15421462059021,1.146696925163269,1.1499539613723755,0,0.005618921196097603,0.0034673611974542703,3,0.00017178058624267578,0.00017178058624267578,0.004260659217834473,0.0030852556228637695,0.007517695426940918,0.022850165403356833,0.5667507020689636,0.4103991192257309,0.0062716007232666016,0.005484514819594725,1,1.1522164583206176,-0.001963604174985867,1.156072449684143,-0.005292478350219287,1.1674790382385254,-0.015011042074974057,1.173895456790924,-0.020394912833173406,1.1689381384849549,-0.01624053197165798,1.167487043738365,-0.015017796179001563,1.1515387867534486,-0.0013762675640336397,1.1584829889733068,-0.007362238186815251,1.16649343837649,-0.014178799947401344,1.17023358579408,-0.017329552634750667,-0.008010449403183184,-0.005652231874539674,-0.00235821752864351,0,50.244229265129064,11.672457737369458,30.657673257823916,-18.98521552045446,0,0,1,0,0,30.831190147116374,0,0,20.23918747291923,15.632294638682827,4.606892834236403,-98.77783988694324,-79.76081228580487,0.0,-1.0131096782296733,-1.6904350980928684,-3.1002844658006734,0.01005777445162613,0.008746240970158822,1.193273929983606,1.1416841464934449,1.1674790382385254,0.04418904476741617,0.1602994682944902,0,0.08173592248955372,0.08859827914312621,0.070574725784464,0.06646830823539253,1.184070283421681,1.1438391856151764,0.1519912723090378,0.0,0.0,0.0,0.0,0.0,0.0,11499539612.723755,1,17,3,1,12,0,0,0,0.9510565162951535,0.30901699437494745,1.0,6.123233995736766e-17,-0.0075411874205572795,1.1435105800628662,23.359648807926106,-0.0018682859083653618,1.1521666049957275,25.059211554298187,-0.005881166978062398,1.1543211936950684,33.18241849003732,0.008122175820436147,1.1617234945297241,32.75847199421605,-0.005301246967732852,1.1697274446487427,26.390599171997636,-8.296867967237648e-05,1.1867464780807495,49.22052595760316,-0.0016847105140777039,0.004807990675481585,0.6140468506697832,-0.34997595729564285,-0.0075411874205572795,0.008122175820436147,0.26666666666666666,-0.0008561191782986261,0.0041167749798153375,0.3793012033865219,-0.22609867489495328,-0.0075411874205572795,0.008122175820436147,0.3,-0.0003482309349532983,0.004187109849000835,0.5800135848529516,0.6743863126938802,-0.009787839779129372,0.011815434779079346,0.36507936507936506
1.1539082527160645,1.1556684970855713,1.1492536067962646,1.153948187828064,0,0.0034673611974542703,-0.006521516092985272,0,3.993511199951172e-05,3.993511199951172e-05,0.0017203092575073242,0.004654645919799805,0.006414890289306641,0.006225377142231755,0.268174380715064,0.7256002265539734,0.003954291343688965,0.0034386518731810605,1,1.1507801055908202,0.002752986536330493,1.155344831943512,-0.0012088548602219307,1.1659171879291534,-0.010265737844830758,1.1735979175567628,-0.01674315328364928,1.1688459265232085,-0.012745682263002878,1.1675528639554977,-0.011652299991092407,1.1523419204449872,0.0013939155162532302,1.157785327258654,-0.0033142063903539576,1.165564160558088,-0.009965966029245044,1.1695949427365893,-0.013377926353355774,-0.007778833299433963,-0.006077552159518532,-0.0017012811399154306,0,48.56103165994018,12.654623710084746,27.91823253701829,-15.263608826933545,0,0,1,0,0,30.832336744124703,0,0,30.326643508178257,18.4195641491752,11.907079359003056,-76.8506923157719,-69.6733562469089,0.0,-0.618515062836078,-0.62659530958451,-2.6194609394145307,0.009572056563316866,0.008295048827541968,1.1909700857479735,1.1408642901103334,1.1659171879291534,0.04297543269118285,0.26112543519395254,0,0.09079197930235344,0.08601803374015218,0.07264262274917535,0.06690438950774114,1.182145843198361,1.1438576169450936,0.2635423952488544,0.0,0.0,0.0,0.0,0.0,0.0,11539481877.28064,2,18,3,1,12,0,0,0,0.5877852522924732,-0.8090169943749473,1.0,6.123233995736766e-17,0.005618921196097603,1.1499539613723755,30.831190147116374,-0.0075411874205572795,1.1435105800628662,23.359648807926106,-0.0018682859083653618,1.1521666049957275,25.059211554298187,-0.0005110465032665204,1.1611299514770508,35.75823217004228,-0.007295832625916149,1.161224365234375,22.451158648748944,-0.0014824419525577088,1.1849884986877441,31.564232396926172,-0.001348275235576031,0.004989057411276818,0.40654328706630133,-0.8832308664480651,-0.0075411874205572795,0.008122175820436147,0.3333333333333333,-0.0007897355433439154,0.004171369738975311,0.34812714108097637,-0.3683090513159108,-0.0075411874205572795,0.008122175820436147,0.3,-0.0002862909111359672,0.004214580387049575,0.535567897685317,0.5525524804983528,-0.009787839779129372,0.011815434779079346,0.38095238095238093
1.1462894678115845,1.1536552906036377,1.144505262374878,1.1464471817016602,0,-0.006521516092985272,0.009815664723191437,4,0.0001577138900756836,0.0001577138900756836,0.007208108901977539,0.001784205436706543,0.009150028228759766,0.017236437353966183,0.7877690257331211,0.19499452598398478,-0.007658720016479492,-0.0066369704433878185,1,1.1492053031921388,-0.0024000251152491714,1.1536333680152893,-0.006229176974457018,1.1642953515052796,-0.015329589591688397,1.1731732892990112,-0.022781040055081858,1.1686586463451385,-0.019005947383388566,1.1675710755586624,-0.01809216963094562,1.1503770075305448,-0.003416120022234348,1.1560409971729626,-0.008298854101138065,1.1641480880502044,-0.01520502986580552,1.1686871874018863,-0.0190299046982495,-0.008107090877241818,-0.00648345990306319,-0.0016236309741786284,0,48.41905345634369,10.987103307460528,30.865495129202323,-19.878391821741793,0,0,1,0,0,28.353287154865626,0,1,12.841781069513496,21.135870683536982,-8.294089614023486,-98.56134944766815,-87.1582186674226,0.0,-0.6821335375644333,-1.4708835382510888,-3.2685197646281194,0.00955483908196609,0.008334303780964863,1.1900049225766287,1.1385857804339305,1.1642953515052796,0.044163314808226016,0.15288861161129103,0,0.09294217241978636,0.08928907022892976,0.07465009348617821,0.06805538773251538,1.1805347845813674,1.142315428253503,0.10810630618428659,0.0,0.0,0.0,0.0,0.0,0.0,11464471816.016602,3,19,3,1,12,0,0,0,-0.587785252292473,-0.8090169943749475,1.0,6.123233995736766e-17,0.0034673611974542703,1.153948187828064,30.832336744124703,0.005618921196097603,1.1499539613723755,30.831190147116374,-0.0075411874205572795,1.1435105800628662,23.359648807926106,-0.005881166978062398,1.1543211936950684,33.18241849003732,0.0020109002290502544,1.1635618209838867,26.461789867629307,0.00016597545472382783,1.185185194015503,34.90460489068221,-0.0020087301779672076,0.0049733742016358565,0.709162115241661,-0.46921891707953167,-0.0075411874205572795,0.008122175820436147,0.26666666666666666,-0.0009661846808864747,0.00430050761351145,0.36222237581921995,-0.5195043704357013,-0.0075411874205572795,0.008122175820436147,0.3,-0.0003801123263841724,0.0042870864599598,0.5254266266896866,0.43370362192569945,-0.009787839779129372,0.011815434779079346,0.38095238095238093
1.1575682163238525,1.1581177711486816,1.1526447534561157,1.157755732536316,0,0.009815664723191437,-0.0015039167260879642,1,0.0001875162124633789,0.0001875162124633789,0.00036203861236572266,0.004923462867736816,0.005473017692565918,0.034261940956611725,0.06614972325825162,0.8995883175136814,0.011121034622192383,0.009700433477201714,1,1.1503231287002564,0.006461318172235053,1.153328287601471,0.0038388417955728116,1.1633374571800232,-0.0047980271835808,1.1730126738548279,-0.01300662964456556,1.1685783386230468,-0.009261344171891173,1.1676411241292954,-0.008466121557258788,1.1528365825324687,0.004266996708774284,1.1563048026134786,0.00125479875153367,1.1636745802343609,-0.0050863427783601756,1.168258502897354,-0.00899010829717184,-0.007369777620882312,-0.006660723446627014,-0.0007090541742552975,0,45.41444294517198,15.297686427349742,25.98296657877001,-10.685280151420269,0,0,1,0,0,39.31950286885623,0,0,55.54496729542965,32.90446395770712,22.640503337722528,-44.0468675912937,-44.45503236149203,0.0,0.48509716531917046,-0.26281762221321836,-1.7922186790734762,0.009836939130640142,0.008496558344168618,1.188489037321128,1.1381858770389184,1.1633374571800232,0.04324038563996947,0.38903829001405327,0,0.12158727125758909,0.10539594348273597,0.08303551519565566,0.07100366583702425,1.1807495204995613,1.1414017639770009,0.41562645403622167,0.0,0.0,0.0,0.0,0.0,0.0,11577557324.36316,4,20,3,1,12,0,0,0,-0.9510565162951536,0.30901699437494723,1.0,6.123233995736766e-17,-0.006521516092985272,1.1464471817016602,28.353287154865626,0.0034673611974542703,1.153948187828064,30.832336744124703,0.005618921196097603,1.1499539613723755,30.831190147116374,-0.0018682859083653618,1.1521666049957275,25.059211554298187,-0.002370782230656385,1.1608065366744995,25.112769585138906,-0.005330892187443716,1.1788839101791382,31.10321460610571,-0.0012858566235060044,0.005838893622340462,0.6914352557828506,-0.782526033710538,-0.0075411874205572795,0.009815664723191437,0.3333333333333333,-0.0005717930176939314,0.0047227119922557854,0.44445160227018954,-0.4696710003481135,-0.0075411874205572795,0.009815664723191437,0.3333333333333333,-0.00020177219396769143,0.004472810523302357,0.5365649068354503,0.25230768634978157,-0.009787839779129372,0.011815434779079346,0.3968253968253968
1.156376838684082,1.1637920141220093,1.1485011577606201,1.1560158729553223,0,-0.0015039167260879642,0.004054317443303889,3,-0.0003609657287597656,0.0003609657287597656,0.007415175437927246,0.0075147151947021484,0.01529085636138916,0.023606639017980307,0.4849417988227969,0.49145155561936676,-0.0013788938522338867,-0.0011910058515486846,0,1.1528241872787475,0.0027685796425143128,1.1536972761154174,0.002009709815308458,1.1619645535945893,-0.005119502759660444,1.172885558605194,-0.014383062034198035,1.1685351455211639,-0.01071364666501895,1.1676665365695953,-0.009977731953767277,1.1538963460067533,0.0018368433661484218,1.1562603518968393,-0.0002114394401699915,1.1631072685840618,-0.006096940428171105,1.1677783997623723,-0.010072567627930407,-0.006846916687222482,-0.0066979620947461085,-0.00014895459247637327,0,39.84061724087137,19.507020301795727,20.968489850567433,-1.4614695487717064,0,0,1,0,0,41.50184415101231,0,0,58.2221814281514,42.202976597698175,16.019204830453226,-39.973995131470694,-41.77781816893561,0.0,1.093587860968337,0.320211917328983,-1.775639753675473,0.01056412809474001,0.009138393633661165,1.1854291500139773,1.1384999571752012,1.1619645535945893,0.04038780072039179,0.37324135965799204,0,0.1007357195216493,0.09826977599989721,0.08301678506348231,0.07100397430979619,1.1817220156389079,1.1394655032599477,0.3916643547811744,0.0,0.0,0.0,0.0,0.0,0.0,11560158728.553223,0,23,3,1,13,0,0,0,0.0,1.0,1.0,6.123233995736766e-17,0.009815664723191437,1.157755732536316,39.31950286885623,-0.006521516092985272,1.1464471817016602,28.353287154865626,0.0034673611974542703,1.153948187828064,30.832336744124703,-0.0075411874205572795,1.1435105800628662,23.359648807926106,-0.0073325559743644625,1.152325987815857,22.24347297472778,-0.001672717262548906,1.1769136190414429,39.21788243345295,-0.0011395009507843292,0.0058014731895492605,0.6234849707901389,-0.7977716277654244,-0.0075411874205572795,0.009815664723191437,0.3333333333333333,-0.0007572491438613474,0.004643133361302781,0.5591844076248972,-0.21909790578202742,-0.0075411874205572795,0.009815664723191437,0.3,-0.00020183798894449494,0.004472829955260471,0.5365995777141183,0.2522838421539323,-0.009787839779129372,0.011815434779079346,0.3968253968253968
1.160779595375061,1.1616560220718384,1.1569254398345947,1.1607122421264648,0,0.004054317443303889,0.0006502102683339267,2,-6.73532485961914e-05,6.73532485961914e-05,0.0008764266967773438,0.003786802291870117,0.004730582237243652,0.01423783454014159,0.18526824697189553,0.8004938973489164,0.0047637224197387695,0.0041208105621840345,0,1.1549758434295654,0.004966682748419382,1.1535961508750916,0.00616861554657433,1.1610309481620789,-0.00027450270476514493,1.1727658462524415,-0.010277929105341865,1.1685698008537293,-0.006724081711551588,1.1676699703931808,-0.005958642889289378,1.1561683113799905,0.003930163628734773,1.1569452580860125,0.0032559742250541923,1.1629298592168325,-0.0019069225651067168,1.1675012955413564,-0.0058150286772590265,-0.00598460113082,-0.006555289901960887,0.000570688771140887,1,35.00996829714407,18.026372028964765,19.37691113681287,-1.3505391078481033,0,0,1,0,0,49.66687667756861,0,0,77.14446243875587,63.637203720778956,13.50725871797691,-6.533132449516437,-22.855537158331142,0.0,0.9355401272978181,-0.08704759850524102,-1.923295619659704,0.009907597564310157,0.00853579139072878,1.1830164753270056,1.1390454209971521,1.1610309481620789,0.037872422260296135,0.49275191168948557,0,0.09793971848501429,0.09108534848146808,0.08170599139109572,0.07076809730091639,1.1804202386425278,1.1407898483852872,0.5027049585328595,0.0,0.0,0.0,0.0,0.0,0.0,11607122420.264648,1,24,3,1,13,0,0,0,0.9510565162951535,0.30901699437494745,1.0,6.123233995736766e-17,-0.0015039167260879642,1.1560158729553223,41.50184415101231,0.009815664723191437,1.157755732536316,39.31950286885623,-0.006521516092985272,1.1464471817016602,28.353287154865626,0.005618921196097603,1.1499539613723755,30.831190147116374,0.008122175820436147,1.1617234945297241,32.75847199421605,0.005558699440543781,1.1834739446640015,54.6623982758746,-0.0005157966567152131,0.005824945065782672,0.3323019068522655,-1.1003650209649156,-0.0075411874205572795,0.009815664723191437,0.4,-0.0008420025547292244,0.004525993178540487,0.549825012411244,-0.08034557872405947,-0.0075411874205572795,0.009815664723191437,0.3,-0.0002157291018373018,0.004457971100367763,0.5407308630993014,0.28858094871388285,-0.009787839779129372,0.011815434779079346,0.3968253968253968
1.161386251449585,1.1631964445114136,1.1563634872436523,1.16146719455719,0,0.0006502102683339267,-0.004588832859259411,1,8.094310760498047e-05,8.094310760498047e-05,0.0017292499542236328,0.005022764205932617,0.0068329572677612305,0.011845984578636542,0.2530748929273957,0.7350791078590163,0.0006740093231201172,0.0005806859776263239,1,1.1564796447753907,0.004312699928529007,1.1536298751831056,0.006793616776057387,1.1602281391620637,0.0010679410826170965,1.1727101349830626,-0.009587143650870211,1.1686564302444458,-0.006151710289342138,1.1676989638805388,-0.005336794512607601,1.1579346057723905,0.0030507670009032317,1.1576409406200396,0.0033052164125868533,1.1628215136864886,-0.001164683670917488,1.1672646641302125,-0.004966713934449363,-0.005180573066448924,-0.006280346534858494,0.0010997734684095707,0,30.690906504762758,18.45972591627192,17.518182311479137,0.9415436047927841,0,0,1,0,0,48.60886039072393,0,0,80.18626378001281,71.85096921564,8.335294564372802,6.568633219305358,-19.81373581707421,0.0,0.6515896301443114,0.029044387297916252,-1.5191956894869185,0.0094976455247703,0.008177282637391712,1.1808054711415306,1.1396508071825968,1.1602281391620637,0.03547118240478913,0.5301072885287538,0,0.09706943365919965,0.09112054103947198,0.08133815485286308,0.07057452542757768,1.1796824441866178,1.1416918620875367,0.5205324931854175,0.0,0.0,0.0,0.0,0.0,0.0,11614671944.5719,2,25,3,1,13,0,0,0,0.5877852522924732,-0.8090169943749473,1.0,6.123233995736766e-17,0.004054317443303889,1.1607122421264648,49.66687667756861,-0.0015039167260879642,1.1560158729553223,41.50184415101231,0.009815664723191437,1.157755732536316,39.31950286885623,0.0034673611974542703,1.153948187828064,30.832336744124703,-0.0005110465032665204,1.1611299514770508,35.75823217004228,-0.0034615685408089184,1.1793843507766724,47.27957484581625,1.3939536234791923e-05,0.005517512173364712,0.21127066734547478,-0.8976979130846158,-0.0075411874205572795,0.009815664723191437,0.4666666666666667,-0.0007798804571926574,0.004533502728133625,0.5043872289261848,-0.13450399944384503,-0.0075411874205572795,0.009815664723191437,0.3333333333333333,-0.00024524026238628704,0.0044457772185184504,0.5620462383590051,0.33961506475699654,-0.009787839779129372,0.011815434779079346,0.3968253968253968
1.1564704179763794,1.1574074029922485,1.1523923873901367,1.1561496257781982,0,-0.004588832859259411,-0.0022865769599887727,1,-0.00032079219818115234,0.00032079219818115234,0.0009369850158691406,0.0037572383880615234,0.005015015602111816,0.06396633973569957,0.18683590870405004,0.7491977316201335,-0.004996776580810547,-0.004302124591892032,0,1.1584201335906983,-0.0019600038418412513,1.1538127183914184,0.0020253783385533186,1.158959800004959,-0.002424738396022308,1.1725404787063598,-0.013978922966350282,1.1686987817287444,-0.010737716377961504,1.1677040392160416,-0.009894984644063687,1.1573396124409931,-0.0010282087901426484,1.1574115075674487,-0.001090262089923022,1.1623272997673562,-0.005314917828965093,1.1668287802732706,-0.009152289328736019,-0.004915792199907454,-0.006007435667868287,0.001091643467960833,0,28.325084590150073,16.093963612675445,20.881231681010533,-4.787268068335088,0,0,1,0,0,47.00892834128564,0,0,58.76108891352804,72.03060504409889,-13.26951613057085,-32.90168078782484,-41.23891068355897,0.0,0.846305371184819,0.1583989008533182,-1.8151443309844306,0.009441267077074688,0.008166129076851283,1.1769805276431236,1.1409390723667945,1.158959800004959,0.031098106485716797,0.4220293895621537,1,0.08778557322565919,0.08897929152481632,0.0823958364333107,0.07109860177232666,1.1791375418284764,1.1413724735201776,0.39129155277191047,0.0,0.0,0.0,0.0,0.0,0.0,11561496256.781982,3,26,3,1,13,0,0,0,-0.587785252292473,-0.8090169943749475,1.0,6.123233995736766e-17,0.0006502102683339267,1.16146719455719,48.60886039072393,0.004054317443303889,1.1607122421264648,49.66687667756861,-0.0015039167260879642,1.1560158729553223,41.50184415101231,-0.006521516092985272,1.1464471817016602,28.353287154865626,-0.005881166978062398,1.1543211936950684,33.18241849003732,-0.0015791679800708249,1.1775233745574951,46.81034125805538,-0.0004260426696525191,0.005609272073723754,0.4239298830682977,-0.9124884713310655,-0.0075411874205572795,0.009815664723191437,0.4,-0.0008948167200141538,0.004586367909583981,0.546569764456634,-0.20119183855189218,-0.0075411874205572795,0.009815664723191437,0.3333333333333333,-0.00030441502399286476,0.004478790925095059,0.5754963707465962,0.2848335919013277,-0.009787839779129372,0.011815434779079346,0.3968253968253968
1.1535356044769287,1.1547343730926514,1.1502978801727295,1.1535090208053589,0,-0.0022865769599887727,-0.0037419809916972168,1,-2.658367156982422e-05,2.658367156982422e-05,0.0011987686157226562,0.0032111406326293945,0.004436492919921875,0.005992046296579624,0.2702063567641466,0.7238015743989477,-0.0026140213012695312,-0.0022609714545242794,0,1.1575707912445068,-0.0035088744200518773,1.1539469599723815,-0.0003795142083438119,1.157620096206665,-0.003551316631788204,1.1723926424980164,-0.01610690915870261,1.1687483322620391,-0.01303900175487871,1.1677302652597428,-0.01217853555418702,1.1560627485624484,-0.0022089872371063857,1.1568111249886657,-0.0028544886988821627,1.1616740939183194,-0.007028712489160371,1.1663064367647251,-0.010972601757877953,-0.004862968929653766,-0.005778542320225384,0.0009155733905716178,0,27.255560748238196,14.692925124521164,22.179343654080593,-7.48641852955943,0,0,1,0,0,50.821470508726364,0,0,48.12174870980433,62.35636713444837,-14.23461842464404,-52.920059942151276,-51.87825088728269,0.0,-0.3668055023708372,0.11651229985409906,-2.3704612059110897,0.008962664214193897,0.00776991254663907,1.172704595176614,1.142535597236716,1.157620096206665,0.026061225125713402,0.36373178698645436,1,0.05187043770281277,0.08927034353054152,0.08103438511582853,0.0711933385733304,1.1775378611628131,1.1416872043060375,0.3297517396563939,0.0,0.0,0.0,0.0,0.0,0.0,11535090207.053589,4,27,3,1,13,0,0,0,-0.9510565162951536,0.30901699437494723,1.0,6.123233995736766e-17,-0.004588832859259411,1.1561496257781982,47.00892834128564,0.0006502102683339267,1.16146719455719,48.60886039072393,0.004054317443303889,1.1607122421264648,49.66687667756861,0.009815664723191437,1.157755732536316,39.31950286885623,-0.0018682859083653618,1.1521666049957275,25.059211554298187,0.003385308042882381,1.181516408920288,54.335827131956286,-0.00042042898494134494,0.005607228548568506,0.42135560473874134,-0.9108387794970682,-0.0075411874205572795,0.009815664723191437,0.4,-0.0009496620148322489,0.0045930637043797,0.5815320882687547,-0.18824343851198946,-0.0075411874205572795,0.009815664723191437,0.3333333333333333,-0.0003236962954307333,0.004484758782606052,0.585168093119251,0.27785752413656056,-0.009787839779129372,0.011815434779079346,0.3968253968253968
1.1491875648498535,1.152339220046997,1.1443873643875122,1.149200677871704,0,-0.0037419809916972168,-0.002788683495005311,1,1.3113021850585938e-05,1.3113021850585938e-05,0.0031385421752929688,0.004800200462341309,0.007951855659484863,0.001649051774479801,0.39469304653185633,0.6036578891179831,-0.004321455955505371,-0.003746356445581651,1,1.1562077522277832,-0.006060393940424458,1.1545159697532654,-0.004603913778894575,1.1562828838825225,-0.0061249770353994926,1.1721267890930176,-0.019559412456648606,1.1687435746192931,-0.016721287090098236,1.1677375197410584,-0.01587415121497282,1.1537753916655338,-0.003964995203121213,1.1556402869706717,-0.005572330136820347,1.1607501371741256,-0.00994999615467973,1.165635622690489,-0.014099556154126613,-0.005109850203453892,-0.0056448038968710855,0.0005349536934171938,0,28.62156432006605,12.70382070280334,27.94878770477832,-15.24496700197498,0,0,1,0,0,40.6431307599132,0,0,33.43408227992305,46.77230663441845,-13.338224354495402,-102.485953072021,-66.56591728217816,0.0,-0.5895416527625486,0.4975990522558149,-2.6351213501530135,0.008983863174680935,0.007817488578702472,1.1690985778882585,1.1434671898767865,1.1562828838825225,0.02216705649329619,0.22369010878312112,1,0.056212412549633245,0.08187628779099693,0.0815299538375615,0.07151655231490886,1.1765886538587662,1.1406532011600425,0.23785637986910643,0.0,0.0,0.0,0.0,0.0,0.0,11492006777.717041,0,30,3,1,14,0,0,0,0.0,1.0,1.0,6.123233995736766e-17,-0.0022865769599887727,1.1535090208053589,50.821470508726364,-0.004588832859259411,1.1561496257781982,47.00892834128564,0.0006502102683339267,1.16146719455719,48.60886039072393,-0.0015039167260879642,1.1560158729553223,41.50184415101231,-0.0075411874205572795,1.1435105800628662,23.359648807926106,-0.0010274385937266125,1.1803030967712402,47.11496723197075,-0.00018105731943019525,0.005362368175164723,0.48405116423933586,-0.772728385973769,-0.0075411874205572795,0.009815664723191437,0.4,-0.0010716290918997436,0.004617770773110874,0.6487523266522306,-0.17593569878068405,-0.0075411874205572795,0.009815664723191437,0.3333333333333333,-0.0003832808699731902,0.004505119334523559,0.6109678577561753,0.25550362409545424,-0.009787839779129372,0.011815434779079346,0.38095238095238093
1.1457903385162354,1.1538816690444946,1.144924521446228,1.1460003852844238,0,-0.002788683495005311,0.00991608744961027,4,0.00021004676818847656,0.00021004676818847656,0.0078812837600708,0.0008658170700073242,0.008957147598266602,0.023450184731142156,0.8798876635244048,0.09666214058018473,-0.00341033935546875,-0.0029675751336031846,1,1.153265380859375,-0.006299500353429077,1.1541206121444703,-0.007035856455465783,1.1550965309143066,-0.00787479269970226,1.1717685174942016,-0.02199080443182011,1.1686543667316436,-0.01938467196989757,1.1677111321687699,-0.018592566589789916,1.1511837228718305,-0.004502615511297936,1.1541572251727874,-0.007067355997737446,1.1596575629600736,-0.011776905709657615,1.1648656133804471,-0.016195197092012004,-0.0055003377872862025,-0.005615910674954109,0.00011557288766790661,0,28.68689849422893,13.304467243734422,24.231890554828095,-10.927423311093673,0,0,1,0,0,39.11925903798849,0,0,19.952909284910547,33.83624675821262,-13.88333747330207,-98.43072941446175,-80.0470902651751,0.0,-1.2674852825785954,-0.3438029887068983,-2.546423599435599,0.00898030109782569,0.007836211237235546,1.1670347442775113,1.143158317551102,1.1550965309143066,0.020670503360825696,0.11903237255661246,1,0.03169475644089944,0.07793091554681623,0.0812488672767178,0.07158947160914347,1.1753795733026764,1.1394583689113738,0.1821212975927366,0.0,0.0,0.0,0.0,0.0,0.0,11460003851.844238,1,31,3,1,14,0,1,1,0.9510565162951535,0.30901699437494745,1.0,6.123233995736766e-17,-0.0037419809916972168,1.149200677871704,40.6431307599132,-0.0022865769599887727,1.1535090208053589,50.821470508726364,-0.004588832859259411,1.1561496257781982,47.00892834128564,0.004054317443303889,1.1607122421264648,49.66687667756861,0.005618921196097603,1.1499539613723755,30.831190147116374,-0.0036992518169130916,1.1759449243545532,29.894018242197703,-0.0009084479404596258,0.004873320012413204,0.7453946119365661,0.09340616715909916,-0.0075411874205572795,0.009815664723191437,0.3333333333333333,-0.001115170476647997,0.004627925108654327,0.6728724408177107,-0.17436854640158025,-0.0075411874205572795,0.009815664723191437,0.3333333333333333,-0.000393011465228789,0.004509712818293158,0.6143062086962768,0.24826583483993805,-0.009787839779129372,0.011815434779079346,0.38095238095238093
1.157112717628479,1.1626555919647217,1.1555883884429932,1.1574207544326782,0,0.00991608744961027,0.0014130283252829924,3,0.00030803680419921875,0.00030803680419921875,0.005234837532043457,0.0015243291854858398,0.007067203521728516,0.04358680189320459,0.7407226128236428,0.21569057113328446,0.011112332344055176,0.009696621821228763,1,1.1524560928344727,0.004307896438435321,1.1544678688049317,0.0025577892700880955,1.1549063503742218,0.0021771496515055055,1.1714612007141114,-0.01198541306504708,1.168684695959091,-0.009638135644623347,1.1677478045225143,-0.008843562067902488,1.153262733392113,0.0036054411712191925,1.154659306597386,0.0023915692873863748,1.1594918734395259,-0.0017862299461618436,1.1645736581275934,-0.0061420793303890164,-0.0048325668421398404,-0.0054592419083912555,0.0006266750662514151,0,25.90283509326397,22.045349866298015,18.852676903320667,3.1926729629773476,0,0,1,0,0,52.09045100289127,0,0,71.33478828076333,41.57392661519896,29.760861665564377,58.69222442240694,-28.665211269322324,0.0,-0.34839039307127395,0.3009291613993659,-1.0520989545355186,0.010003621842155311,0.008643029600928824,1.1665511164965099,1.1432615842519338,1.1549063503742218,0.020165732256137523,0.6079628380362029,1,0.09523308561643959,0.09218313913859306,0.08842115406962489,0.07449314454296938,1.177426384631874,1.1374118972632528,0.5000403212740414,0.0,0.0,0.0,0.0,0.0,0.0,11574207543.326782,2,1,4,2,14,1,0,0,0.5877852522924732,-0.8090169943749473,0.8660254037844387,-0.4999999999999998,-0.002788683495005311,1.1460003852844238,39.11925903798849,-0.0037419809916972168,1.149200677871704,40.6431307599132,-0.0022865769599887727,1.1535090208053589,50.821470508726364,0.0006502102683339267,1.16146719455719,48.60886039072393,0.0034673611974542703,1.153948187828064,30.832336744124703,-0.005301246967732852,1.1697274446487427,26.390599171997636,-0.00021330567693450645,0.005620458599857237,0.6441571960463051,-0.6406619069662841,-0.0075411874205572795,0.00991608744961027,0.4,-0.0007901667434851156,0.005044599458721801,0.6978774708149137,-0.36424469754680555,-0.0075411874205572795,0.00991608744961027,0.3333333333333333,-0.0002399021354237797,0.004692627019997268,0.6206762108463934,0.06890485974562893,-0.009787839779129372,0.011815434779079346,0.38095238095238093
1.159151554107666,1.1598775386810303,1.1510393619537354,1.159057378768921,0,0.0014130283252829924,-0.004221539738742763,1,-9.417533874511719e-05,9.417533874511719e-05,0.0007259845733642578,0.008018016815185547,0.008838176727294922,0.010655516469672308,0.08214189278519539,0.9072025794305816,0.001730799674987793,0.0014953936744348628,0,1.1530376434326173,0.005220762106136201,1.1557288885116577,0.0028799921764190994,1.1546811282634735,0.0037900077328274495,1.171296408176422,-0.01044913091256816,1.1687180495262146,-0.008266040607812553,1.1677435690164566,-0.007438439891480519,1.155194281851049,0.0033441100585671624,1.1553359330853143,0.0032210939491394974,1.1594596886491106,-0.00034698056697757274,1.1643573334468613,-0.0045518283994447906,-0.004123755563796294,-0.0051921446394722634,0.0010683890756759693,0,23.507933010485793,19.407438079443676,22.755637177301715,-3.348199097858039,0,0,1,0,0,54.68007552025312,0,0,78.69819593552751,56.661964500400444,22.036231435127064,35.18519349538375,-21.301803614558146,0.0,0.2515031727632566,1.0999370288078625,-0.18661221124280924,0.009848229160173926,0.008496757226794441,1.1657825943684401,1.1435796621585068,1.1546811282634735,0.019228626557187663,0.6971023644246105,1,0.0891206056374318,0.08398214388679145,0.08507524674504426,0.07418829388263841,1.1772716219175643,1.1378787052768686,0.5376264375512262,0.0,0.0,0.0,0.0,0.0,0.0,11590573786.689209,3,2,4,2,14,0,0,0,-0.587785252292473,-0.8090169943749475,0.8660254037844387,-0.4999999999999998,0.00991608744961027,1.1574207544326782,52.09045100289127,-0.002788683495005311,1.1460003852844238,39.11925903798849,-0.0037419809916972168,1.149200677871704,40.6431307599132,-0.004588832859259411,1.1561496257781982,47.00892834128564,-0.006521516092985272,1.1464471817016602,28.353287154865626,-0.007295832625916149,1.161224365234375,22.451158648748944,0.0002729740099551863,0.005406524231807152,0.5086485095817597,-0.5659096377717995,-0.0075411874205572795,0.00991608744961027,0.4666666666666667,-0.000565369393060892,0.004985189764866118,0.6091906947662329,-0.3887205373305043,-0.0075411874205572795,0.00991608744961027,0.36666666666666664,-0.00015548502875667154,0.0046734232334675165,0.5811598379557724,0.0687615877633892,-0.009787839779129372,0.011815434779079346,0.3968253968253968
1.1543878316879272,1.1548677682876587,1.1520869731903076,1.1541746854782104,0,-0.004221539738742763,-0.002754691613357004,1,-0.00021314620971679688,0.00021314620971679688,0.0004799365997314453,0.002087712287902832,0.0027807950973510742,0.076649373502887,0.17258969671287644,0.7507608938232999,-0.004669547080993652,-0.0040287453978770935,0,1.1531707763671875,0.0008705640409121251,1.1553707838058471,-0.001035250712843161,1.154349535703659,-0.00015147086738065418,1.170870680809021,-0.014259470070467906,1.168672310113907,-0.012405209406427087,1.1677083206176757,-0.011589910767397349,1.1548544163934362,-0.0005885858905831931,1.1551572796072982,-0.0008506151035438947,1.1590682069327476,-0.004221944424707136,1.163958013918679,-0.008405224606590878,-0.003910927325449398,-0.00493590117666769,0.0010249738512182922,0,21.432351205411095,17.501685867075313,20.52110185548464,-3.019415988409328,0,0,1,0,0,57.634138400756655,0,0,50.43801961990884,66.82366794539989,-16.385648325491047,-8.784233100125379,-49.56197986475075,0.0,0.05770779949225702,-0.30930937826241234,-0.8067586385516412,0.009464519349299174,0.008200248599766945,1.1650702868022196,1.1436287846050985,1.154349535703659,0.01857453183120436,0.4918452413909409,1,0.09386770101631607,0.07185037836757231,0.08587270075974049,0.07459946011112406,1.176180347236862,1.1383222698396653,0.418732716676355,0.0,0.0,0.0,0.0,0.0,0.0,11541746853.782104,4,3,4,2,14,0,0,0,-0.9510565162951536,0.30901699437494723,0.8660254037844387,-0.4999999999999998,0.0014130283252829924,1.159057378768921,54.68007552025312,0.00991608744961027,1.1574207544326782,52.09045100289127,-0.002788683495005311,1.1460003852844238,39.11925903798849,-0.0022865769599887727,1.1535090208053589,50.821470508726364,0.009815664723191437,1.157755732536316,39.31950286885623,0.0020109002290502544,1.1635618209838867,26.461789867629307,0.00011609042126335956,0.005506318011813256,0.5401698477144466,-0.6710397320989497,-0.0075411874205572795,0.00991608744961027,0.4666666666666667,-0.0006503301422673538,0.005026262768716771,0.6348904355535617,-0.4249707645745055,-0.0075411874205572795,0.00991608744961027,0.36666666666666664,-0.00023643413394138212,0.004699324271278979,0.6140124305531335,0.05144866789290664,-0.009787839779129372,0.011815434779079346,0.38095238095238093
1.151185154914856,1.1570056676864624,1.1506949663162231,1.150999665260315,0,-0.002754691613357004,0.002708418724149226,3,-0.00018548965454101562,0.00018548965454101562,0.005820512771606445,0.0003046989440917969,0.006310701370239258,0.029392874217829726,0.9223242137273485,0.04828289620872287,-0.002989530563354492,-0.0025901889902019623,0,1.1535305738449098,-0.0021940542728221546,1.1548691630363463,-0.0033505941621324586,1.1542832195758819,-0.0028446696266527516,1.1701737594604493,-0.01638568130884832,1.1685901200771331,-0.015052715758158142,1.1676214468479156,-0.014235591279218807,1.1535694993490626,-0.0022277237652130744,1.1545176466308391,-0.003047143957033316,1.158470537179234,-0.006448909815578996,1.163449843383057,-0.010701087195533532,-0.003952890548394983,-0.004739299051013149,0.0007864085026181664,0,18.72113676043767,19.02522864280235,18.611881762017486,0.41334688078486437,0,0,1,0,0,50.78533924619931,0,0,34.075857741310855,54.40402443224905,-20.328166690938197,-21.335836685133152,-65.92414174334874,0.0,0.15654249281704669,-0.43392204314491867,-0.8448325456780648,0.009044010285424517,0.007857526424730395,1.1650728620158284,1.1434935771359354,1.1542832195758819,0.018694965422742956,0.34783766614016853,1,0.09154464563927948,0.07270172956708562,0.08599473126009961,0.07465813380248924,1.1747439345112127,1.1385678933695145,0.3436465534672989,0.0,0.0,0.0,0.0,0.0,0.0,11509996651.60315,0,6,4,2,15,0,0,0,0.0,1.0,0.8660254037844387,-0.4999999999999998,-0.004221539738742763,1.1541746854782104,57.634138400756655,0.0014130283252829924,1.159057378768921,54.68007552025312,0.00991608744961027,1.1574207544326782,52.09045100289127,-0.0037419809916972168,1.149200677871704,40.6431307599132,-0.0015039167260879642,1.1560158729553223,41.50184415101231,-0.002370782230656385,1.1608065366744995,25.112769585138906,0.0004351901417433779,0.005158582645389364,0.6978726044978547,-0.5358660184366204,-0.006521516092985272,0.00991608744961027,0.4666666666666667,-0.00092744317739738,0.0048997140838437135,0.7892454220651709,-0.038803651643554926,-0.0075411874205572795,0.00991608744961027,0.3333333333333333,-0.0002439406302762593,0.00470302036641837,0.6163240930842897,0.046399243911839194,-0.009787839779129372,0.011815434779079346,0.38095238095238093
1.1540547609329224,1.1583458185195923,1.1525251865386963,1.1541212797164917,0,0.002708418724149226,0.012519593943219736,4,6.651878356933594e-05,6.651878356933594e-05,0.004224538803100586,0.0015295743942260742,0.005820631980895996,0.011428103107162274,0.7257869496623954,0.26278493005017767,0.003055095672607422,0.0026542976201917824,1,1.1551547527313233,-0.0008946620461878219,1.1542100667953492,-7.692462698438707e-05,1.1539031088352203,0.00018907201097051463,1.1695032167434691,-0.013152539390608786,1.168499368429184,-0.012304746754626228,1.1675459462404252,-0.011498191284044945,1.1537534261382056,0.00031883197043702793,1.154456667105555,-0.0002905154421041223,1.1581483699597717,-0.0034771799947118653,1.1630840173569172,-0.00770601057696807,-0.0036917028542167163,-0.004529779811653863,0.000838076957437147,0,17.124540893552858,18.9383244995992,16.544421514333035,2.393902985266166,1,0,1,0,0,50.131720161785815,0,0,50.16279815405272,44.89222517175745,5.2705729822952705,23.532070946583037,-49.83720133060687,0.0,0.7086292933533578,-0.5678377612265306,0.15579722401624085,0.008817629348604895,0.007640123705202733,1.1641089551838888,1.1436972624865518,1.1539031088352203,0.017689260510071914,0.5106885221837097,1,0.08806357111559254,0.07066002128933183,0.08277560145313362,0.07487440130769592,1.1740497789019664,1.138779261507547,0.4349813753476172,0.0,0.0,0.0,0.0,0.0,0.0,11541212796.164917,1,7,4,2,15,0,0,0,0.9510565162951535,0.30901699437494745,0.8660254037844387,-0.4999999999999998,-0.002754691613357004,1.150999665260315,50.78533924619931,-0.004221539738742763,1.1541746854782104,57.634138400756655,0.0014130283252829924,1.159057378768921,54.68007552025312,-0.002788683495005311,1.1460003852844238,39.11925903798849,0.004054317443303889,1.1607122421264648,49.66687667756861,-0.0073325559743644625,1.152325987815857,22.24347297472778,0.0002411566436134861,0.005002038258110496,0.8158219471279676,-0.07887068121895333,-0.006521516092985272,0.00991608744961027,0.4666666666666667,-0.0007217769352321086,0.0049191304506109815,0.665437434029837,-0.22158098699987427,-0.0075411874205572795,0.00991608744961027,0.36666666666666664,-0.00018537163546143565,0.00471664393869078,0.5766719870045376,-0.019235519358462527,-0.009787839779129372,0.011815434779079346,0.3968253968253968
1.1690436601638794,1.172333002090454,1.1666841506958008,1.1686612367630005,0,0.012519593943219736,-0.002334659504696524,1,-0.00038242340087890625,0.00038242340087890625,0.003289341926574707,0.001977086067199707,0.00564885139465332,0.06769931927594004,0.5823027795452038,0.3499978834761427,0.014922380447387695,0.012929646743677053,0,1.1574028491973878,0.009727285078352077,1.1549294710159301,0.011889700618516796,1.1542796730995177,0.012459340571786104,1.1688411569595336,-0.00015393049384548885,1.1685706353187562,7.753176530211903e-05,1.167525525689125,0.0009727504442420543,1.1587226963464707,0.008577151674864725,1.1566419855143928,0.01039150514860765,1.158927100834085,0.008399264993518507,1.1633027318434304,0.004606285769326979,-0.0022851153196921103,-0.004080846913261513,0.001795731593569403,0,20.807648259710255,32.89132700828702,12.555051484299018,20.336275523988004,1,0,1,0,0,65.2688975345884,0,0,86.86104266667665,57.03323285401339,29.82780981266326,253.8668969398973,-13.138956975485737,0.0,0.9711664740133186,0.619392630245863,0.5971939334914467,0.01007017508531923,0.008616847010644654,1.1660448827046472,1.1425144634943882,1.1542796730995177,0.02038537085647159,1.1111902819858612,1,0.10433804182027014,0.0967148711842689,0.08930672516792573,0.07899979475220772,1.1777212243333233,1.1374405239920462,0.7750786959742465,0.0,0.0,0.0,0.0,0.0,0.0,11686612366.630005,2,8,4,2,15,0,0,0,0.5877852522924732,-0.8090169943749473,0.8660254037844387,-0.4999999999999998,0.002708418724149226,1.1541212797164917,50.131720161785815,-0.002754691613357004,1.150999665260315,50.78533924619931,-0.004221539738742763,1.1541746854782104,57.634138400756655,0.00991608744961027,1.1574207544326782,52.09045100289127,0.0006502102683339267,1.16146719455719,48.60886039072393,0.008122175820436147,1.1617234945297241,32.75847199421605,0.0008446388266645171,0.005886875109795723,0.8785396353305354,-0.3533920479871922,-0.006521516092985272,0.012519593943219736,0.4666666666666667,-0.00025181820445575653,0.005476313995656495,0.728165807097158,-0.2004036173929742,-0.0075411874205572795,0.012519593943219736,0.4,3.909334888834017e-05,0.004976519298559218,0.628699145914274,-0.0036413180694714847,-0.009787839779129372,0.012519593943219736,0.4126984126984127
1.165813684463501,1.1706311702728271,1.1651073694229126,1.16593599319458,0,-0.002334659504696524,0.0027319920379856345,3,0.00012230873107910156,0.00012230873107910156,0.00469517707824707,0.0007063150405883789,0.005523800849914551,0.022142132236135988,0.8499902731505381,0.12786757650984965,-0.0028475522994995117,-0.002436593436728597,1,1.1587785720825194,0.006176694308887676,1.1559081077575684,0.008675330909822865,1.1548604130744935,0.009590405813324043,1.1682043385505676,-0.0019417368870653373,1.1686394214630127,-0.0023133126596199816,1.1674616205692292,-0.0013067902598584702,1.161127128629174,0.004141548626694469,1.1580718328498063,0.006790736136585318,1.1594462780459733,0.005597253767534838,1.163405996994456,0.002174645915907769,-0.001374445196167029,-0.0035395665698426167,0.0021651213736755878,0,23.028176547510316,30.331658117939718,13.799438594284883,16.532219523654835,1,0,1,0,0,56.37493861665232,0,0,77.10909645010643,71.37764575694526,5.731450693161179,179.606123925182,-22.89090319205596,0.0,0.5934662555675319,0.8464620147928148,0.4139107523163599,0.009463991853931939,0.008117076673471226,1.1677291319149747,1.1419916942340123,1.1548604130744935,0.022286189211573302,0.9303295520068818,1,0.10881093875785469,0.0939393556578338,0.08973356584260327,0.07891723823761808,1.1773045834926341,1.1394486160769062,0.6996882884229348,0.0,0.0,0.0,0.0,0.0,0.0,11659359930.9458,3,9,4,2,15,0,0,0,-0.587785252292473,-0.8090169943749475,0.8660254037844387,-0.4999999999999998,0.012519593943219736,1.1686612367630005,65.2688975345884,0.002708418724149226,1.1541212797164917,50.131720161785815,-0.002754691613357004,1.150999665260315,50.78533924619931,0.0014130283252829924,1.159057378768921,54.68007552025312,-0.004588832859259411,1.1561496257781982,47.00892834128564,-0.0005110465032665204,1.1611299514770508,35.75823217004228,0.0011237625992171004,0.00560518400481776,1.0172501710170685,-0.22267417289937186,-0.004588832859259411,0.012519593943219736,0.4666666666666667,-0.00044248378937505336,0.0054447993977689456,0.8404073560207546,-0.008578892651959746,-0.0075411874205572795,0.012519593943219736,0.36666666666666664,4.8599378162221494e-05,0.004971318726970825,0.6264976595724322,0.003065155265124955,-0.009787839779129372,0.012519593943219736,0.4126984126984127
1.1691941022872925,1.1741223335266113,1.1678149700164795,1.1691256761550903,0,0.0027319920379856345,-0.0013785918865958813,1,-6.842613220214844e-05,6.842613220214844e-05,0.004928231239318848,0.0013107061386108398,0.006307363510131836,0.010848610676611714,0.7813456689578482,0.2078057045110554,0.0032581090927124023,0.002794415054900208,0,1.1617687702178956,0.006332504389132243,1.1574697732925414,0.010070157364356458,1.1557083666324615,0.011609597895846147,1.1676553916931152,0.0012591766135017224,1.1687495005130768,0.0003218615638476141,1.1674044793844223,0.0014743790185114403,1.163793311137813,0.004581883110847063,1.1597724241275422,0.008064730400688447,1.1601632704985005,0.007725124371474212,1.1636302981380102,0.004722615013893483,-0.00039084637095831987,-0.0029098225300657576,0.0025189761591074378,0,25.902765363949346,31.777967110913018,12.178732802118645,19.599234308794372,1,0,1,0,0,59.99080492152551,0,0,83.19602273221527,82.38872061633278,0.8073021158824929,187.43720245010633,-16.803976931480356,0.0,1.295383694079666,1.3538390309967507,1.2825271285743067,0.009293638317678514,0.007949220948980975,1.1699873852180196,1.1414293480469033,1.1557083666324615,0.024710418296839464,0.9698260368964222,1,0.09767911215035358,0.09262711777712106,0.08731060380740699,0.07875594136701156,1.1779875979792052,1.1408130447084912,0.7616132240852628,0.0,0.0,0.0,0.0,0.0,0.0,11691256760.550903,4,10,4,2,15,0,0,0,-0.9510565162951536,0.30901699437494723,0.8660254037844387,-0.4999999999999998,-0.002334659504696524,1.16593599319458,56.37493861665232,0.012519593943219736,1.1686612367630005,65.2688975345884,0.002708418724149226,1.1541212797164917,50.131720161785815,-0.004221539738742763,1.1541746854782104,57.634138400756655,-0.0022865769599887727,1.1535090208053589,50.821470508726364,-0.005881166978062398,1.1543211936950684,33.18241849003732,0.0006515177535367135,0.005095833309612619,1.2691606403680493,1.041243136011003,-0.004588832859259411,0.012519593943219736,0.4666666666666667,-0.0003171694349846451,0.005474056013752451,0.7606586852510081,-0.15822184887402216,-0.0075411874205572795,0.012519593943219736,0.4,3.299631277423568e-05,0.00496115797918802,0.6360119115981465,0.03367201550297013,-0.009787839779129372,0.012519593943219736,0.4126984126984127
1.1672152280807495,1.1719481945037842,1.167147159576416,1.1675150394439697,0,-0.0013785918865958813,0.007994343068552718,4,0.00029981136322021484,0.00029981136322021484,0.004433155059814453,6.80685043334961e-05,0.004801034927368164,0.06244723512974779,0.923374862825074,0.014177881216336377,-0.0019104480743408203,-0.0016340827279239239,1,1.1650718450546265,0.0020970331567997658,1.159301209449768,0.007085155977186952,1.1569085896015168,0.00916792375548825,1.1673073267936707,0.00017794161444339984,1.168883969783783,-0.0011711431374572534,1.1673419320583343,0.00014829184223286163,1.1650338872398653,0.0021296823474976634,1.1609635957146849,0.005643108580581702,1.1607078459759428,0.005864691438969949,1.1637826409343224,0.003207126724566134,0.00025574973874209483,-0.002276708076304187,0.002532457815046282,0,27.921129663428367,29.438327933066624,12.306175853979164,17.13215207908746,1,0,0,0,1,55.44018210001347,0,0,77.77938114039299,79.36150010757154,-1.582118967178559,143.4303272809235,-22.22061852330264,0.0,1.4348721969366984,1.5936608744595793,1.3321367223882552,0.008694624532303801,0.007447119940913064,1.1709031756830093,1.1429140035200243,1.1569085896015168,0.02419307144240864,0.8789483194713736,1,0.09334180239012015,0.08970680927790425,0.08715202419215594,0.07868994342049124,1.1775624007037055,1.1427839025744901,0.7111042203859276,0.0,0.0,0.0,0.0,0.0,0.0,11675150393.439697,0,13,4,2,16,0,0,0,0.0,1.0,0.8660254037844387,-0.4999999999999998,0.0027319920379856345,1.1691256761550903,59.99080492152551,-0.002334659504696524,1.16593599319458,56.37493861665232,0.012519593943219736,1.1686612367630005,65.2688975345884,-0.002754691613357004,1.150999665260315,50.78533924619931,-0.0037419809916972168,1.149200677871704,40.6431307599132,-0.0018682859083653618,1.1521666049957275,25.059211554298187,0.0006598727428361856,0.005092148297262003,1.2672665534755636,1.0433169818459775,-0.004588832859259411,0.012519593943219736,0.4666666666666667,-0.00023981410397407146,0.005440911463243695,0.7375422795023512,-0.13596782938853666,-0.0075411874205572795,0.012519593943219736,0.4,4.441460986773077e-05,0.00495700049934198,0.6314152367351585,0.03763822917715396,-0.009787839779129372,0.012519593943219736,0.4126984126984127
1.176345944404602,1.1810559034347534,1.1756960153579712,1.176885962486267,0,0.007994343068552718,0.0025924501900808916,3,0.0005400180816650391,0.0005400180816650391,0.004169940948486328,0.0006499290466308594,0.0053598880767822266,0.1007517440390399,0.7779902884074207,0.12125794889643389,0.008830904960632324,0.007563846855524591,1,1.1696247816085816,0.006208128359830312,1.1623897671699523,0.012471027898293796,1.1582551896572113,0.01608520548305159,1.1672476172447204,0.008257326893047923,1.1691182720661164,0.0066440586081670805,1.1673406159877777,0.008177001868126199,1.168984578988666,0.00675918531257369,1.1634131906026206,0.011580384244663566,1.1619062249767076,0.012892380715638696,1.1642964966814575,0.010812937889628227,0.0015069656259130149,-0.0015199733358607467,0.0030269389617737616,0,31.859948112391727,36.748923023178975,9.927558247872245,26.82136477530673,1,0,0,0,0,60.83698239084822,0,0,88.62801424473966,83.20113937244928,5.426874872290384,200.45122310043888,-11.371985482546984,0.0,1.9724688531319368,2.695075638580846,2.9186771863156658,0.009340789793434454,0.007936869068356963,1.1744431775848088,1.1420672017296138,1.1582551896572113,0.02795236847760763,1.0754505379185757,0,0.1001351780314643,0.09131658747925275,0.0853970846221362,0.0802799727258301,1.1804464274971258,1.143083268323388,0.9047065296386396,0.0,0.0,0.0,0.0,0.0,0.0,11768859623.86267,1,14,4,2,16,0,0,0,0.9510565162951535,0.30901699437494745,0.8660254037844387,-0.4999999999999998,-0.0013785918865958813,1.1675150394439697,55.44018210001347,0.0027319920379856345,1.1691256761550903,59.99080492152551,-0.002334659504696524,1.16593599319458,56.37493861665232,0.002708418724149226,1.1541212797164917,50.131720161785815,-0.002788683495005311,1.1460003852844238,39.11925903798849,-0.0075411874205572795,1.1435105800628662,23.359648807926106,0.0009225411178527743,0.00537359230698802,1.0978405628815235,0.1671858043143507,-0.004588832859259411,0.012519593943219736,0.4666666666666667,0.0002033722305687809,0.0055547209708890835,0.5844126052515151,-0.4759718614981004,-0.0075411874205572795,0.012519593943219736,0.43333333333333335,0.00016613334188498961,0.005057162930752251,0.5847576752065023,-0.1629279409676693,-0.009787839779129372,0.012519593943219736,0.4126984126984127
1.179815649986267,1.1810559034347534,1.177398681640625,1.179940938949585,0,0.0025924501900808916,0.000826284997365757,2,0.0001252889633178711,0.0001252889633178711,0.001114964485168457,0.00241696834564209,0.003657221794128418,0.0342579605352958,0.3048665127370329,0.6608754993845122,0.0029296875,0.002489355462751771,1,1.1718807220458984,0.006878018087819626,1.164641785621643,0.013136359536045639,1.1595548272132874,0.017580981214603275,1.1672141551971436,0.010903554925789427,1.1694100689888,0.009005284065144448,1.1673499292135239,0.010785977126383406,1.172636698975639,0.00622890267693621,1.1659559211175383,0.011994465208807314,1.1632421297154394,0.014355402633839498,1.164910004221384,0.012903086566723454,0.0027137914020989307,-0.0006732203882688113,0.003387011790367742,0,35.27359076815885,34.38719589622888,9.289548159696636,25.097647736532245,1,0,0,0,0,67.27087242241439,0,0,96.95934277422027,87.78891271978428,9.170430054435997,175.17025758241184,-3.040656953066379,0.0,0.9651815112673212,1.9457215045314502,2.607667661879476,0.008651343280774704,0.007332013827525266,1.178264140005563,1.140845514421012,1.1595548272132874,0.03226982002330216,1.0448118767952068,0,0.06496534162708785,0.08194020779235771,0.08413393962404103,0.08012691384848578,1.180798590761266,1.1461932176381673,0.975216221303214,0.0,0.0,0.0,0.0,0.0,0.0,11799409388.49585,2,15,4,2,16,0,0,0,0.5877852522924732,-0.8090169943749473,0.8660254037844387,-0.4999999999999998,0.007994343068552718,1.176885962486267,60.83698239084822,-0.0013785918865958813,1.1675150394439697,55.44018210001347,0.0027319920379856345,1.1691256761550903,59.99080492152551,0.012519593943219736,1.1686612367630005,65.2688975345884,0.00991608744961027,1.1574207544326782,52.09045100289127,0.005618921196097603,1.1499539613723755,30.831190147116374,0.0010520237793025721,0.005389936825549203,1.0071713386278334,-0.013702411503954019,-0.004588832859259411,0.012519593943219736,0.4666666666666667,0.0005329816577686823,0.005385174974427293,0.547375594949713,-0.43766726236035647,-0.0075411874205572795,0.012519593943219736,0.4666666666666667,0.00025822385889025495,0.005047521127766446,0.5384117384178356,-0.18674956624977834,-0.009787839779129372,0.012519593943219736,0.42857142857142855
1.1807769536972046,1.182382583618164,1.176955223083496,1.1809163093566895,0,0.000826284997365757,-0.00224109749069271,1,0.00013935565948486328,0.00013935565948486328,0.0014662742614746094,0.003821730613708496,0.005427360534667969,0.02567650629197385,0.27016341094206875,0.7041600643407953,0.0008360147476196289,0.0007085225369780113,1,1.1748767852783204,0.005140559464220207,1.16682767868042,0.012074302686233107,1.161278283596039,0.01691069740678164,1.1672292041778565,0.01172615029564894,1.1696991586685181,0.00958977400648986,1.1673862415552139,0.011590052391136307,1.1753965691026558,0.0046960662457762314,1.168257519308177,0.01083561606770167,1.1645513282073838,0.014052606056524253,1.1655377024619842,0.013194431000302487,0.003706191100793177,0.00020266190954358642,0.0035035291912495904,0,38.52274096624,33.512029843880136,8.471889473125524,25.040140370754614,1,0,0,0,0,70.38876218418301,1,0,96.14089775686142,93.9094182586071,2.2314794982543162,149.3885832511286,-3.8591019799475745,0.0,1.284831778892448,1.8859230775085223,2.337030536820217,0.00822147891462714,0.0069619488263394725,1.1812138579343685,1.1413427092577093,1.161278283596039,0.03433384507093336,0.9925372434251696,0,0.0550371545105213,0.08209605482593017,0.08374388318423408,0.08010357752233692,1.1815979482343968,1.1487120325758884,0.9792726168031073,0.0,0.0,0.0,0.0,0.0,0.0,11809163092.566895,3,16,4,2,16,0,0,0,-0.587785252292473,-0.8090169943749475,0.8660254037844387,-0.4999999999999998,0.0025924501900808916,1.179940938949585,67.27087242241439,0.007994343068552718,1.176885962486267,60.83698239084822,-0.0013785918865958813,1.1675150394439697,55.44018210001347,-0.002334659504696524,1.16593599319458,56.37493861665232,0.0014130283252829924,1.159057378768921,54.68007552025312,0.0034673611974542703,1.153948187828064,30.832336744124703,0.0014130316364109165,0.005161648823328867,1.0118418839493053,0.11671501395302751,-0.004221539738742763,0.012519593943219736,0.5333333333333333,0.000493494483379199,0.005378303097626366,0.5723153277889174,-0.4041610721288327,-0.0075411874205572795,0.012519593943219736,0.4666666666666667,0.00024957990583435446,0.005046051077397308,0.5440351678288128,-0.17937626971186924,-0.009787839779129372,0.012519593943219736,0.42857142857142855
1.1778979301452637,1.1851149797439575,1.1772878170013428,1.1782727241516113,0,-0.00224109749069271,-0.0035286546942598735,1,0.00037479400634765625,0.00037479400634765625,0.006842255592346191,0.0006101131439208984,0.007827162742614746,0.04788376246717417,0.8741680389085229,0.07794818584828161,-0.0030183792114257812,-0.0025559636929855453,1,1.1767061948776245,0.001331283187488097,1.16923748254776,0.007727464811845497,1.1623041331768036,0.013738737063412554,1.1672389197349549,0.00945290987916736,1.169917048215866,0.007142109645956074,1.1674153220653534,0.009300376464238314,1.1763552874523078,0.0016299808566282437,1.1697983200533209,0.007244329088436086,1.1655677279069563,0.010900264171160412,1.1660371150772637,0.01049332719781182,0.004230592146364565,0.001008247956907782,0.0032223441894567825,0,41.92286015956833,33.690519694996304,7.389559663294157,26.300960031702147,1,0,0,0,0,72.17649087085084,1,0,82.97542261241604,92.02522104783255,-9.049798435416506,126.8809271240525,-17.024577138768677,0.0,0.7823836378825444,2.0879022020324767,2.7760147137971813,0.008168903425025489,0.006932947913407763,1.1835452756603344,1.1410629906932728,1.1623041331768036,0.03655005927518667,0.8758882296373667,0,0.06452588009482704,0.0785060604570578,0.08006739621410158,0.08023207566231004,1.1827421052310478,1.1500664915309458,0.8632196718085049,0.0,0.0,0.0,0.0,0.0,0.0,11782727240.516113,4,17,4,2,16,0,0,0,-0.9510565162951536,0.30901699437494723,0.8660254037844387,-0.4999999999999998,0.000826284997365757,1.1809163093566895,70.38876218418301,0.0025924501900808916,1.179940938949585,67.27087242241439,0.007994343068552718,1.176885962486267,60.83698239084822,0.0027319920379856345,1.1691256761550903,59.99080492152551,-0.004221539738742763,1.1541746854782104,57.634138400756655,-0.006521516092985272,1.1464471817016602,28.353287154865626,0.001416063601030654,0.005159333276929593,1.0122776073207893,0.119117462665893,-0.004221539738742763,0.012519593943219736,0.5333333333333333,0.0004978173080446548,0.005375973155380826,0.5712003035389942,-0.40176531104549773,-0.0075411874205572795,0.012519593943219736,0.4666666666666667,0.0001946212611616898,0.0050541456993569095,0.5730063038807472,-0.17153957613348714,-0.009787839779129372,0.012519593943219736,0.4126984126984127
1.1739156246185303,1.1791062355041504,1.1739156246185303,1.1741223335266113,0,-0.0035286546942598735,0.003669983273172088,3,0.0002067089080810547,0.0002067089080810547,0.0049839019775390625,0.0,0.005190610885620117,0.0398236178079447,0.9601763629265007,0.0,-0.004357099533081055,-0.0036978701478882986,1,1.1780276536941527,-0.0033151346277511262,1.1715497493743896,0.002195881185050652,1.163209456205368,0.009381695757447739,1.1670698022842407,0.006042938586846125,1.1700561320781708,0.003475219040022459,1.1674203491210937,0.005740849309324725,1.1756109694770758,-0.0012662658727997655,1.1704635528953655,0.003125924358671872,1.166201402397301,0.0067920781199100055,1.1663541824674344,0.006660198998967193,0.004262150498064443,0.0016590284651391142,0.002603122032925329,0,41.94131168047886,30.690366492431334,12.516865929066654,18.17350056336468,1,0,0,0,0,71.14524659381121,1,0,68.06321325676201,82.39317787534647,-14.329964618584455,83.52700467246933,-31.93678645270933,0.0,0.5659279631882397,2.0089205031234236,1.413648883814278,0.0077717977531047725,0.006619240202253338,1.1848615842578298,1.1415573281529063,1.163209456205368,0.03722825314923779,0.7520047271935939,0,0.07205766031643636,0.07992028788116334,0.07540111112737576,0.07913913629109695,1.1826829448534553,1.1515957538410362,0.7246257664165727,0.0,0.0,0.0,0.0,0.0,0.0,11741223334.266113,0,20,4,2,17,0,0,0,0.0,1.0,0.8660254037844387,-0.4999999999999998,-0.00224109749069271,1.1782727241516113,72.17649087085084,0.000826284997365757,1.1809163093566895,70.38876218418301,0.0025924501900808916,1.179940938949585,67.27087242241439,-0.0013785918865958813,1.1675150394439697,55.44018210001347,-0.002754691613357004,1.150999665260315,50.78533924619931,0.009815664723191437,1.157755732536316,39.31950286885623,0.0014302853541931437,0.005144371815040264,1.0214530488956581,0.1321537266361897,-0.004221539738742763,0.012519593943219736,0.5333333333333333,0.0006246140173814744,0.005227734204692347,0.650481637598055,-0.32976282301614995,-0.0075411874205572795,0.012519593943219736,0.4666666666666667,1.806821362966898e-05,0.004985296990444978,0.6454399042399677,0.005005163339485049,-0.009787839779129372,0.012519593943219736,0.3968253968253968
1.178383708000183,1.178828239440918,1.174315333366394,1.1784392595291138,0,0.003669983273172088,-0.0034116213946593916,1,5.555152893066406e-05,5.555152893066406e-05,0.0003889799118041992,0.0040683746337890625,0.004512906074523926,0.012309480140371918,0.0861927761760377,0.9014977215249201,0.004261374473571777,0.0036294126698104005,1,1.178338313102722,8.566837321732912e-05,1.1739815473556519,0.00379708870477824,1.1640958070755005,0.012321539400107717,1.1668304800987244,0.009948985330253235,1.170240672826767,0.0070058978396658755,1.167461170554161,0.009403386725745477,1.176553732827755,0.0016025843517293303,1.171690584685173,0.005759775517166998,1.1671079103329909,0.009708912941836623,1.1668281070580884,0.009951039317440902,0.004582674352182181,0.0022437576425477276,0.0023389167096344535,0,41.95730299860011,28.075024204578803,11.450215624198457,16.624808580380346,1,0,0,0,0,67.69423600545014,0,0,80.60512001407349,77.21458529441718,3.3905347196563156,83.46650215096139,-19.394879695397858,0.0,0.13198364942388352,2.107055838931915,1.939712688932782,0.007363012174598355,0.006248104952745457,1.1867458590448858,1.1414457551061152,1.1640958070755005,0.03891441207806111,0.8166317761949781,0,0.048927431016547895,0.08030747817396275,0.07565262727432052,0.0788830518689103,1.182941555618525,1.1534895069201316,0.8471313075626568,0.0,0.0,0.0,0.0,0.0,0.0,11784392594.291138,1,21,4,2,17,0,0,0,0.9510565162951535,0.30901699437494745,0.8660254037844387,-0.4999999999999998,-0.0035286546942598735,1.1741223335266113,71.14524659381121,-0.00224109749069271,1.1782727241516113,72.17649087085084,0.000826284997365757,1.1809163093566895,70.38876218418301,0.007994343068552718,1.176885962486267,60.83698239084822,0.002708418724149226,1.1541212797164917,50.131720161785815,-0.0015039167260879642,1.1560158729553223,41.50184415101231,0.0018608631387383035,0.005035158171646246,0.8483254232419822,-0.022541349186601913,-0.004221539738742763,0.012519593943219736,0.6,0.00047620759913933914,0.005068316218724627,0.6963729206990851,-0.04342894183476048,-0.0075411874205572795,0.012519593943219736,0.4666666666666667,0.000150794874444166,0.00496916518816537,0.589764804875653,-0.03489908546451639,-0.009787839779129372,0.012519593943219736,0.4126984126984127
1.1745774745941162,1.176110863685608,1.1713716983795166,1.174425721168518,0,-0.0034116213946593916,-0.003259636998088752,1,-0.00015175342559814453,0.00015175342559814453,0.0015333890914916992,0.003054022789001465,0.004739165306091309,0.03202112874201309,0.3235567784827293,0.6444220716744959,-0.0038617849349975586,-0.0032770335029511533,0,1.1772352695465087,-0.0023865649886910534,1.1745579957962036,-0.00011261659973171856,1.1647437334060669,0.008312547544949478,1.1665397596359253,0.006760130862901725,1.1703834640979767,0.0034537885182028827,1.1674922460317612,0.005938776090144815,1.1758443956080096,-0.0012065155429322738,1.17211137491338,0.0019745104471080577,1.1676499703948817,0.00580289542658452,1.1671260527094778,0.006254395865355589,0.004461404518498302,0.0026872870177378425,0.0017741175007604595,0,39.4205570871251,24.462566876330047,15.336061390476699,9.126505485853349,1,0,0,0,0,62.43985893927098,0,0,68.94464127149037,72.53765818077527,-3.5930169092848985,56.794088877499725,-31.05535843798098,0.0,-0.46741473229809927,0.4932553783921323,1.181471043755833,0.007323618704598197,0.0062359147726156975,1.1878146511133911,1.1416728156987426,1.1647437334060669,0.03961543993523294,0.7098310048671015,0,0.04948835768341406,0.05946500029283194,0.07616780347875055,0.07796267686306779,1.1834542153355903,1.1541597405171975,0.6918021472573458,0.0,0.0,0.0,0.0,0.0,0.0,11744257210.68518,2,22,4,2,17,0,0,0,0.5877852522924732,-0.8090169943749473,0.8660254037844387,-0.4999999999999998,0.003669983273172088,1.1784392595291138,67.69423600545014,-0.0035286546942598735,1.1741223335266113,71.14524659381121,-0.00224109749069271,1.1782727241516113,72.17649087085084,0.0025924501900808916,1.179940938949585,67.27087242241439,0.012519593943219736,1.1686612367630005,65.2688975345884,0.004054317443303889,1.1607122421264648,49.66687667756861,0.0009723492157869926,0.004675239099891988,1.1863055083768232,1.3476233070761892,-0.004221539738742763,0.012519593943219736,0.5333333333333333,0.00037952176942624344,0.005115248160727349,0.722187331745227,-0.0885090701492037,-0.0075411874205572795,0.012519593943219736,0.4666666666666667,-1.3986931879093495e-05,0.004911187012489681,0.6639535416433431,0.14136046434913938,-0.009787839779129372,0.012519593943219736,0.3968253968253968
1.1704941987991333,1.1716461181640625,1.167924165725708,1.1706037521362305,0,-0.003259636998088752,-0.0018946143927692446,1,0.00010955333709716797,0.00010955333709716797,0.0010423660278320312,0.002570033073425293,0.003721952438354492,0.02943437240755425,0.2800589252792757,0.6905066754455518,-0.003931522369384766,-0.0033476126230769696,1,1.175172758102417,-0.003887944163354695,1.1750247716903686,-0.0037624905961785027,1.1654664397239685,0.004407945297024485,1.1661997103691102,0.003776404356462093,1.1704818403720856,0.00010415510939987271,1.1675121158361434,0.0026480549177068102,1.17409751445075,-0.002975700375156931,1.1718794329476647,-0.001088576926481788,1.1678687690423892,0.0023418581488823254,1.1672624330791543,0.0028625259085703902,0.004010663905275491,0.0029519623952453723,0.0010587015100301188,0,34.69857956465711,21.523013994910475,19.865118930550707,1.6578950643597672,1,0,0,0,0,63.53081022459734,0,0,57.84072630873767,69.13016253143383,-11.289436222696153,28.060391296609115,-42.159273400733674,0.0,-0.8732674058906653,0.4003443558561859,0.786639314640647,0.007214010269693112,0.006162640650956421,1.1883082502038105,1.1426246292441264,1.1654664397239685,0.039197714664854756,0.6124541409611618,0,0.048813085026119876,0.060861043207967806,0.07730472619645534,0.07613255157069967,1.183406119819098,1.1545500787403253,0.556336653959127,0.0,0.0,0.0,0.0,0.0,0.0,11706037520.362305,3,23,4,2,17,0,0,0,-0.587785252292473,-0.8090169943749475,0.8660254037844387,-0.4999999999999998,-0.0034116213946593916,1.174425721168518,62.43985893927098,0.003669983273172088,1.1784392595291138,67.69423600545014,-0.0035286546942598735,1.1741223335266113,71.14524659381121,0.000826284997365757,1.1809163093566895,70.38876218418301,-0.002334659504696524,1.16593599319458,56.37493861665232,0.0006502102683339267,1.16146719455719,48.60886039072393,0.0006608381942288764,0.004797841564293181,1.266128496431653,1.3103176774821645,-0.004221539738742763,0.012519593943219736,0.4666666666666667,0.0004669061020920316,0.0050262254327480575,0.7627342034294765,-0.005743929274667944,-0.0075411874205572795,0.012519593943219736,0.4666666666666667,-0.0002053424653485933,0.0047958999555445525,0.7282708276757004,0.3843873484523141,-0.009787839779129372,0.012519593943219736,0.38095238095238093
1.1684017181396484,1.17205810546875,1.1673243045806885,1.16838800907135,0,-0.0018946143927692446,0.0019297471030215495,3,-1.3709068298339844e-05,1.3709068298339844e-05,0.0036563873291015625,0.001063704490661621,0.0047338008880615234,0.0028959959096112454,0.7723998829530098,0.2247041000127056,-0.0022020339965820312,-0.0018811096345586083,0,1.1731958150863648,-0.004098042332558949,1.1749510049819947,-0.005585761433674952,1.1662103891372682,0.0018672615629038436,1.1658305716514588,0.0021936612247603904,1.1705378139019011,-0.0018365958833924667,1.1675503599643706,0.0007174414360451298,1.17219434599095,-0.0032471893694875353,1.1713422908128472,-0.002522133678956373,1.1679072312667567,0.0004116574430579334,1.1673065733141423,0.0009264367063783752,0.0034350595460905797,0.003048581825414414,0.00038647772067616553,0,30.190422068127464,19.54943676187293,19.205525866574206,0.3439108952987233,1,1,0,0,0,64.5507781788429,0,0,48.67420417205575,58.48652391742792,-9.812319745372164,18.614008720013594,-51.32579552109971,0.0,-0.8389157176984186,-0.06309561912678507,1.0585466638813434,0.006883315685475567,0.005891292645460634,1.1883714785041422,1.1440492997703942,1.1662103891372682,0.03800530259616007,0.5491316072761262,0,0.04865708206033536,0.06032554411621747,0.07567190893799725,0.07612441690401359,1.1826885315831999,1.1551552688412974,0.4806092291362576,0.0,0.0,0.0,0.0,0.0,0.0,11683880089.713501,4,24,4,2,17,0,0,0,-0.9510565162951536,0.30901699437494723,0.8660254037844387,-0.4999999999999998,-0.003259636998088752,1.1706037521362305,63.53081022459734,-0.0034116213946593916,1.174425721168518,62.43985893927098,0.003669983273172088,1.1784392595291138,67.69423600545014,-0.00224109749069271,1.1782727241516113,72.17649087085084,0.0027319920379856345,1.1691256761550903,59.99080492152551,-0.004588832859259411,1.1561496257781982,47.00892834128564,0.000815966550627111,0.004664468450840997,1.3436690582980666,1.5461282927170379,-0.0035286546942598735,0.012519593943219736,0.4666666666666667,0.0004660284859452356,0.00502664951529532,0.7629756525503876,-0.006165901579806429,-0.0075411874205572795,0.012519593943219736,0.4666666666666667,-0.00025952701362827625,0.004795387519710034,0.7620124551220963,0.42176821134365433,-0.009787839779129372,0.012519593943219736,0.36507936507936506
1.1705901622772217,1.1756407022476196,1.1705901622772217,1.1706448793411255,0,0.0019297471030215495,0.0014527001495131038,3,5.4717063903808594e-05,5.4717063903808594e-05,0.004995822906494141,0.0,0.005050539970397949,0.010833903531330116,0.9891660766688073,0.0,0.002202153205871582,0.0018847790191148948,1,1.1725003242492675,-0.001582468652340685,1.1752639889717102,-0.003930274196721761,1.1672825992107392,0.002880433609111943,1.1655085396766662,0.004406951462958331,1.1705774211883544,5.7628014639821146e-05,1.1675857073068618,0.002620083403605422,1.1716778571076754,-0.0008816227602113091,1.1712349967402746,-0.0005038420989307291,1.1681100200130061,0.0021700517797751395,1.167437487275985,0.002747377910871762,0.0031249767272685247,0.0030638608057852366,6.111592148328815e-05,0,28.546218268203702,23.71285149474805,16.526541183611084,7.1863103111369675,1,1,0,0,0,64.03020274110983,0,0,27.677017903088935,44.7306494612941,-17.053631558205165,35.88840981819449,-72.32298159710125,0.0,-0.2961747755057975,0.2680770518079356,1.4855417882907007,0.006932566017581429,0.005922006015087245,1.1880070199764285,1.1465581784450498,1.1672825992107392,0.03550883184230929,0.5811187948336028,0,0.05100083027140672,0.06059103588996585,0.0751221532843568,0.07221826108386008,1.1829511254977807,1.155220861427455,0.5562160468047681,0.0,0.0,0.0,0.0,0.0,0.0,11706448792.411255,0,27,4,2,18,0,0,0,0.0,1.0,0.8660254037844387,-0.4999999999999998,-0.0018946143927692446,1.16838800907135,64.5507781788429,-0.003259636998088752,1.1706037521362305,63.53081022459734,-0.0034116213946593916,1.174425721168518,62.43985893927098,-0.0035286546942598735,1.1741223335266113,71.14524659381121,-0.0013785918865958813,1.1675150394439697,55.44018210001347,-0.0022865769599887727,1.1535090208053589,50.821470508726364,0.0011282624650523479,0.004564065381768753,1.2377214994887955,1.493795040928075,-0.0035286546942598735,0.012519593943219736,0.5333333333333333,0.0007817263033978631,0.0047986563040129,0.8378974389788657,0.05984648726950555,-0.006521516092985272,0.012519593943219736,0.5,-0.0004164426910260191,0.004549322832033993,0.6897527887176496,0.4724373439432692,-0.009787839779129372,0.012519593943219736,0.36507936507936506
1.1723191738128662,1.1728830337524414,1.1678286790847778,1.1723467111587524,0,0.0014527001495131038,-0.00048057391518446503,2,2.753734588623047e-05,2.753734588623047e-05,0.0005363225936889648,0.004490494728088379,0.005054354667663574,0.005448241596020749,0.1061109910844041,0.8884407475346562,0.0016742944717407227,0.0014302326018288682,1,1.1712818145751953,0.0009091718749620892,1.1748100638389587,-0.0020968093956796885,1.1685999155044555,0.003206226103789289,1.1652557039260865,0.006085365734032289,1.1706580889225007,0.0014424554462881822,1.1676397001743317,0.004031218605632159,1.1719008084580345,0.00038049517285232426,1.171406029727733,0.0008030361011184262,1.168423848986765,0.0033573964405582135,1.167630005859623,0.004039554632079723,0.002982180740967788,0.0030475247928217473,-6.534405185395923e-05,1,25.044314327425454,21.3213381771693,20.369968119100996,0.9513700580683029,1,1,0,0,0,54.001800178629,0,0,36.1829403086796,37.511387461274744,-1.328447152595146,19.407493548963423,-63.81705919151058,0.0,-0.5170014764100617,-0.3857001844023267,2.0140984714623,0.006682137837592381,0.005699796633043605,1.1868273605846,1.150372470424311,1.1685999155044555,0.03119535580441388,0.6027789571589623,0,0.040716363621653,0.04380810020288612,0.07338518193954362,0.07206843253457708,1.1827608136802918,1.1560322623299222,0.6103753455971378,0.0,0.0,0.0,0.0,0.0,0.0,11723467110.587524,1,28,4,2,18,0,0,0,0.9510565162951535,0.30901699437494745,0.8660254037844387,-0.4999999999999998,0.0019297471030215495,1.1706448793411255,64.03020274110983,-0.0018946143927692446,1.16838800907135,64.5507781788429,-0.003259636998088752,1.1706037521362305,63.53081022459734,0.003669983273172088,1.1784392595291138,67.69423600545014,0.007994343068552718,1.176885962486267,60.83698239084822,-0.0037419809916972168,1.149200677871704,40.6431307599132,0.0010445478934099398,0.004544486010479351,1.3141267148491176,1.7094551124704214,-0.0035286546942598735,0.012519593943219736,0.5333333333333333,0.0006428522685117133,0.00471336741378465,0.9391163711142348,0.3861186748986286,-0.006521516092985272,0.012519593943219736,0.5,-0.00034063159771488197,0.004539884520588745,0.6478553228166256,0.45218365088017054,-0.009787839779129372,0.012519593943219736,0.38095238095238093
1.1719344854354858,1.172195553779602,1.1683608293533325,1.171783447265625,0,-0.00048057391518446503,-0.002831679949436621,1,-0.00015103816986083984,0.00015103816986083984,0.00026106834411621094,0.0034226179122924805,0.0038347244262695312,0.039386967388703585,0.06808007780683573,0.8925329287269682,-0.00041222572326660156,-0.00035162441222187033,0,1.1707533597946167,0.0008798500233226925,1.1739943146705627,-0.0018832012021878786,1.169318050146103,0.002108405851601436,1.164987668991089,0.00583334772962707,1.1707356989383697,0.0008949485593681139,1.1676832443475724,0.003511399891665379,1.1718616880605648,-6.676632210977917e-05,1.1714640939643317,0.00027261031977965366,1.1686727081185324,0.0026617709348535357,1.1677928859147602,0.0034171823605495533,0.002791385845799299,0.002996297003417258,-0.00020491115761795894,0,22.009330912084238,19.529167510658713,18.65776511207306,0.8714023985856514,1,1,0,0,0,56.66213759590633,0,0,25.803283983112532,29.88774739829367,-4.084463415181137,12.37134290133438,-74.19671546033693,0.0,-0.22498433534511308,-0.6913474577144529,2.2498301320206027,0.00632263703330272,0.005395738476693042,1.1868078108627467,1.1518282894294591,1.169318050146103,0.029914462900769805,0.5704811547286589,0,0.0348384589211004,0.04055229921509337,0.07233173995152979,0.0720563907771156,1.1822691367631903,1.1569785886299795,0.5853909729091668,0.0,0.0,0.0,0.0,0.0,0.0,11717834471.65625,2,29,4,2,18,0,0,0,0.5877852522924732,-0.8090169943749473,0.8660254037844387,-0.4999999999999998,0.0014527001495131038,1.1723467111587524,54.001800178629,0.0019297471030215495,1.1706448793411255,64.03020274110983,-0.0018946143927692446,1.16838800907135,64.5507781788429,-0.0034116213946593916,1.174425721168518,62.43985893927098,0.0025924501900808916,1.179940938949585,67.27087242241439,-0.002788683495005311,1.1460003852844238,39.11925903798849,0.00017787003618299302,0.0032570286683996194,0.9013079470710497,0.6868795546537992,-0.0035286546942598735,0.007994343068552718,0.4666666666666667,0.0005112544314237554,0.004686826125984937,1.0368421797434724,0.5936078088925076,-0.006521516092985272,0.012519593943219736,0.4666666666666667,-0.00033229764389210896,0.0045391259611699064,0.6425433876626845,0.44952877929423424,-0.009787839779129372,0.012519593943219736,0.38095238095238093
1.168770432472229,1.17384672164917,1.165623426437378,1.168470025062561,0,-0.002831679949436621,0.0037930034813586453,3,-0.00030040740966796875,0.00030040740966796875,0.005076289176940918,0.0028465986251831055,0.008223295211791992,0.03653126858246138,0.6173059563678385,0.3461627628891251,-0.003013014793395996,-0.0025713068401587193,0,1.1703266143798827,-0.0015863857100667511,1.17274968624115,-0.0036492538249496276,1.1697886824607848,-0.001127261289053605,1.1647793912887574,0.0031685259037792513,1.1707789564132691,-0.0019721326881244616,1.167678325176239,0.0006780118883638053,1.170731133727897,-0.00193136468314703,1.1710034679794439,-0.0021634803704193573,1.1686576945588307,-0.00016058559929688077,1.1678194403911444,0.0005570934588510212,0.002345773420613151,0.002866192286856437,-0.0005204188662432862,0,20.79595743616594,16.273030248914033,21.09715915080966,-4.824128901895627,1,1,0,0,0,49.25510030810498,0,0,14.604267632266827,25.5301639746863,-10.925896342419472,-10.78016592182321,-85.39573185469042,0.0,-0.18227577604937872,-1.053951426998967,0.954645973606949,0.006576058123767956,0.005627921968176355,1.1866096818119418,1.1529676831096278,1.1697886824607848,0.02875903930671331,0.4608032371687414,1,0.0327333406205767,0.040869426193784,0.06585450460163203,0.06964908462844621,1.1826660896456422,1.1563618571505705,0.4603125321458372,0.0,0.0,0.0,0.0,0.0,0.0,11684700249.62561,3,30,4,2,18,0,1,0,-0.587785252292473,-0.8090169943749475,0.8660254037844387,-0.4999999999999998,-0.00048057391518446503,1.171783447265625,56.66213759590633,0.0014527001495131038,1.1723467111587524,54.001800178629,0.0019297471030215495,1.1706448793411255,64.03020274110983,-0.003259636998088752,1.1706037521362305,63.53081022459734,0.000826284997365757,1.1809163093566895,70.38876218418301,0.00991608744961027,1.1574207544326782,52.09045100289127,0.00014473533986698655,0.0032868071595343693,0.8854740225182474,0.6139624796100375,-0.0035286546942598735,0.007994343068552718,0.4666666666666667,0.0006342489695420437,0.004542084263535956,1.17451120409447,0.7362950361406482,-0.004588832859259411,0.012519593943219736,0.4666666666666667,-0.00022188240850016058,0.004387479927860957,0.7971659850148378,0.5024896637756414,-0.0075411874205572795,0.012519593943219736,0.38095238095238093
1.1730204820632935,1.1784532070159912,1.1719344854354858,1.172910451889038,0,0.0037930034813586453,-0.00021111912782637615,2,-0.0001100301742553711,0.0001100301742553711,0.005432724952697754,0.0009759664535522461,0.006518721580505371,0.016879102935844454,0.8334034215549722,0.14971746016875248,0.004550457000732422,0.003894372044417099,0,1.1712311029434204,0.0014338321798781362,1.1722134590148925,0.0005945954371415763,1.1707254707813264,0.0018663478860392324,1.1646993279457092,0.007049994488368627,1.1708797478675843,0.0017343402898364335,1.1676732993125916,0.00448511795129769,1.1714575731149441,0.0012402315775779105,1.1712968501193814,0.001377619746313119,1.1689727136203276,0.0033685458372918475,1.1680190879008656,0.004187743110041442,0.0023241364990538305,0.002757781129295916,-0.00043364463024208547,0,19.671639997950976,21.928363252636878,17.102724768034076,4.825638484602802,1,1,0,0,0,55.75949909180992,0,0,37.3855551666823,25.93103559402054,11.454519572661763,42.35621159449422,-62.61444432027495,0.0,0.38706686328306983,-0.455096019169432,1.1952016676543664,0.007030341301056252,0.005993928427472105,1.1858904629222056,1.1555604786404472,1.1707254707813264,0.025906999579436714,0.5720402961706051,1,0.04006988173998051,0.046782404650530116,0.06680118989916092,0.06961155256598517,1.1838981301422125,1.1557767649379873,0.6092764972715067,0.0,0.0,0.0,0.0,0.0,0.0,11729104517.89038,4,1,5,2,18,1,0,0,-0.9510565162951536,0.30901699437494723,0.49999999999999994,-0.8660254037844387,-0.002831679949436621,1.168470025062561,49.25510030810498,-0.00048057391518446503,1.171783447265625,56.66213759590633,0.0014527001495131038,1.1723467111587524,54.001800178629,-0.0018946143927692446,1.16838800907135,64.5507781788429,-0.00224109749069271,1.1782727241516113,72.17649087085084,0.0014130283252829924,1.159057378768921,54.68007552025312,0.00021546943609185393,0.0033571281496058225,0.8260903117557012,0.27565482016969484,-0.0035286546942598735,0.007994343068552718,0.4666666666666667,0.000433493594814284,0.004245710238561149,1.2317281586430557,1.3347537210542444,-0.004588832859259411,0.012519593943219736,0.4666666666666667,-9.392472502967982e-05,0.00438511563015945,0.7338934308162571,0.4129780776960103,-0.0075411874205572795,0.012519593943219736,0.3968253968253968
1.1726078987121582,1.17384672164917,1.1690847873687744,1.1726628541946411,0,-0.00021111912782637615,-0.0029623965157234036,1,5.4955482482910156e-05,5.4955482482910156e-05,0.0011838674545288086,0.003523111343383789,0.004761934280395508,0.011540579540355986,0.24861061912207225,0.7398487803377025,-0.0003025531768798828,-0.0002579507893094557,1,1.1716346979141234,0.0008775398870146667,1.1720675110816956,0.000507942594830002,1.1718086302280426,0.0007289789855526863,1.164483106136322,0.007024359490071408,1.170905133485794,0.0015011639785575959,1.1676494812965392,0.004293559735157659,1.1718593334748433,0.0006856800955339359,1.1715070045924985,0.0009866347341611625,1.169246057366573,0.002922222150118836,1.1682011963829746,0.0038192545300406167,0.0022609472259254026,0.0026584143486218133,-0.00039746712269641063,0,17.46418609173689,19.858938387931307,21.136239790262536,-1.2773014023312292,0,1,0,0,0,44.40142193836422,0,0,36.11527316692443,29.368365321957835,6.7469078449665965,-5.583003847377238,-63.884726320032826,0.0,0.1723814701731996,-0.12430385576488456,1.6018518642843427,0.006727887031634819,0.005737273084924017,1.1838048756915946,1.1598123847644906,1.1718086302280426,0.020474751854650107,0.5356038026911629,1,0.03904440211024402,0.043533053779050486,0.06458779108829725,0.06953865609762391,1.183562307951421,1.1566507598248816,0.5949897135226433,0.0,0.0,0.0,0.0,0.0,0.0,11726628540.946411,0,4,5,2,19,0,0,0,0.0,1.0,0.49999999999999994,-0.8660254037844387,0.0037930034813586453,1.172910451889038,55.75949909180992,-0.002831679949436621,1.168470025062561,49.25510030810498,-0.00048057391518446503,1.171783447265625,56.66213759590633,0.0019297471030215495,1.1706448793411255,64.03020274110983,-0.0035286546942598735,1.1741223335266113,71.14524659381121,-0.004221539738742763,1.1541746854782104,57.634138400756655,0.0002933009533431543,0.0033309630943882717,0.7736721253423527,0.2970634794699921,-0.0035286546942598735,0.007994343068552718,0.4666666666666667,0.00047658684808967036,0.004231906163083512,1.2145032782274814,1.336608327817118,-0.004588832859259411,0.012519593943219736,0.4666666666666667,-0.00012070204688109767,0.004380523584284718,0.7543768890176917,0.4470802824737748,-0.0075411874205572795,0.012519593943219736,0.38095238095238093
1.1691941022872925,1.1716461181640625,1.1677467823028564,1.1691941022872925,0,-0.0029623965157234036,0.002036381673895108,3,0.0,0.0,0.0024520158767700195,0.0014473199844360352,0.0038993358612060547,0.0,0.628829088122896,0.3711708862317118,-0.003468751907348633,-0.0029580129486024296,0,1.1710041761398315,-0.0015457450872219392,1.1711429953575134,-0.0016640949719889386,1.1725622713565826,-0.0028724863926469224,1.1642793011665344,0.004221324741762178,1.1708576428890227,-0.0014207881818010248,1.167617385983467,0.0013503706116557712,1.170970923078993,-0.001517391129471246,1.1711511734686206,-0.001671066319615,1.1692422088421819,-4.114344703043393e-05,1.1682401338694186,0.0008165858115425362,0.0019089646264387472,0.0025085244041852,-0.0005995597777464527,0,16.448208408414175,17.85208715799794,21.750728293904043,-3.8986411359061037,0,1,0,0,0,35.907519276860626,0,0,18.319093278164424,30.606640537257032,-12.287547259092609,-64.07860617582989,-81.68090620879283,0.0,-0.2689143784387782,-0.7845255635420267,1.5807508530302217,0.006486311679654799,0.005547677384286211,1.1813427034167514,1.1637818392964139,1.1725622713565826,0.014976487430832169,0.308200264119722,1,0.0434787706087395,0.039929421535197115,0.06473391591645562,0.06973713934428487,1.18299225899976,1.157047012281141,0.46818170939250753,0.0,0.0,0.0,0.0,0.0,0.0,11691941021.872925,1,5,5,2,19,0,0,0,0.9510565162951535,0.30901699437494745,0.49999999999999994,-0.8660254037844387,-0.00021111912782637615,1.1726628541946411,44.40142193836422,0.0037930034813586453,1.172910451889038,55.75949909180992,-0.002831679949436621,1.168470025062561,49.25510030810498,0.0014527001495131038,1.1723467111587524,54.001800178629,0.003669983273172088,1.1784392595291138,67.69423600545014,-0.002754691613357004,1.150999665260315,50.78533924619931,-0.00043714835227525383,0.0026541690310468236,0.34237756219411647,-1.4277567448752957,-0.0035286546942598735,0.0037930034813586453,0.4,0.00024269638278876052,0.004221240099262681,1.35954721919037,1.7041111752889726,-0.004588832859259411,0.012519593943219736,0.43333333333333335,-0.00014823148416704874,0.004393026853572279,0.7631284833282166,0.42947790802117214,-0.0075411874205572795,0.012519593943219736,0.38095238095238093
1.1715089082717896,1.1796625852584839,1.1712619066238403,1.1715774536132812,0,0.002036381673895108,0.00269835650450373,3,6.854534149169922e-05,6.854534149169922e-05,0.008085131645202637,0.00024700164794921875,0.008400678634643555,0.008159500399536185,0.9624379053873786,0.029402582309285177,0.0023148059844970703,0.0019798303632995035,1,1.1709629774093628,0.0005247613423486897,1.1708581686019897,0.0006143228364619002,1.1727080821990967,-0.0009641177569091886,1.16416038274765,0.006371176063806772,1.1708357775211333,0.0006334585996807807,1.1675968623161317,0.003409217106761009,1.171173099923756,0.0003452551885942956,1.1712167550293375,0.0003079690265392898,1.1694151899363372,0.0018490127333448125,1.1683710091534918,0.002744371723018224,0.0018015650930003346,0.002367132541948227,-0.0005655674489478922,0,17.693332166100962,29.533032723720233,17.424312705142505,12.108720018577728,0,1,0,0,0,38.18992465762414,0,0,30.546704265722976,28.327023570270594,2.2196806954523822,19.002898052380615,-69.45329522123427,0.0,-0.01757949839831241,-0.24252428262580006,1.512507758376791,0.007017267851859681,0.005989589360582735,1.1813108053674244,1.164105359030769,1.1727080821990967,0.014671550913952953,0.4342865853566736,1,0.04720252255228315,0.039265267624154956,0.06451883191443741,0.06976694442350051,1.1842025349606298,1.1561334635531912,0.5502137844494509,0.0,0.0,0.0,0.0,0.0,0.0,11715774535.132812,2,6,5,2,19,0,0,0,0.5877852522924732,-0.8090169943749473,0.49999999999999994,-0.8660254037844387,-0.0029623965157234036,1.1691941022872925,35.907519276860626,-0.00021111912782637615,1.1726628541946411,44.40142193836422,0.0037930034813586453,1.172910451889038,55.75949909180992,-0.00048057391518446503,1.171783447265625,56.66213759590633,-0.0034116213946593916,1.174425721168518,62.43985893927098,0.002708418724149226,1.1541212797164917,50.131720161785815,-0.0004742195866876394,0.00261238608434292,0.34960878619274244,-1.3601696465685842,-0.0035286546942598735,0.0037930034813586453,0.4,0.00028890209630746657,0.004233423500939257,1.3155364323673286,1.5808680543666187,-0.004588832859259411,0.012519593943219736,0.43333333333333335,-8.390661358800154e-05,0.0043949043970820684,0.720123954650613,0.37748248200354473,-0.0075411874205572795,0.012519593943219736,0.3968253968253968
1.1748120784759521,1.177994966506958,1.1746740341186523,1.1747430562973022,0,0.00269835650450373,-0.0013500463548999234,1,-6.902217864990234e-05,6.902217864990234e-05,0.0031828880310058594,6.902217864990234e-05,0.003320932388305664,0.020783975251817716,0.9584320193843402,0.020783975251817716,0.0032346248626708984,0.0027609142292887657,0,1.1722175836563111,0.002154440076643782,1.171272099018097,0.002963408060192574,1.1731484353542327,0.0013592660526815514,1.1640249156951905,0.009207827389837053,1.1708285975456239,0.0033433234032289594,1.167672199010849,0.006055515573495374,1.1723630853816047,0.002030062908983332,1.1717592629167166,0.0025464217563799796,1.169809846703816,0.004217103751489981,1.1686208933552098,0.005238792902282796,0.0019494162129005677,0.002283589276138695,-0.0003341730632381275,0,18.772439422761813,25.890335916671397,15.275143371609607,10.61519254506179,0,1,0,0,0,45.594487239911345,0,0,64.95852003081323,37.941439191566865,27.01708083924637,44.51860508985597,-35.04147925689338,0.0,0.5368585500860723,0.3536042109482329,0.5204091094137331,0.006937300524101958,0.005905376913124515,1.181173845396515,1.1651230253119504,1.1731484353542327,0.013681832238347454,0.5993482497924301,1,0.04267089470474263,0.0378120179209376,0.04897491882241036,0.06949088039688203,1.184478320023247,1.1567291179268393,0.6491695956864302,0.0,0.0,0.0,0.0,0.0,0.0,11747430561.973022,3,7,5,2,19,0,0,0,-0.587785252292473,-0.8090169943749475,0.49999999999999994,-0.8660254037844387,0.002036381673895108,1.1715774536132812,38.18992465762414,-0.0029623965157234036,1.1691941022872925,35.907519276860626,-0.00021111912782637615,1.1726628541946411,44.40142193836422,-0.002831679949436621,1.168470025062561,49.25510030810498,-0.003259636998088752,1.1706037521362305,63.53081022459734,0.012519593943219736,1.1686612367630005,65.2688975345884,-0.0003494148195451079,0.0027213985136859864,0.2719750182415406,-1.6122948682637417,-0.0035286546942598735,0.0037930034813586453,0.4,0.0005318084084329045,0.004152180272999687,1.273131978807901,1.5339332391350633,-0.004221539738742763,0.012519593943219736,0.4666666666666667,-0.00010551630492817266,0.004377513998025793,0.7341842966374972,0.43782148802415505,-0.0075411874205572795,0.012519593943219736,0.3968253968253968
1.1730892658233643,1.178467035293579,1.172525405883789,1.1731581687927246,0,-0.0013500463548999234,0.0031725334606293554,3,6.890296936035156e-05,6.890296936035156e-05,0.005308866500854492,0.0005638599395751953,0.005941629409790039,0.011596645204286124,0.8935034559302392,0.09489988203507503,-0.0016537904739379883,-0.0014077891032698053,1,1.1722671270370484,0.0007601012047930844,1.1717491149902344,0.001202521669821488,1.1733500599861144,-0.0001635413845513245,1.1638820171356201,0.00797001020699395,1.1708106791973114,0.0020050120287782303,1.1677625173330306,0.00462050398017122,1.1726281131853113,0.00045202353705153797,1.1719744792053333,0.0010099959583531604,1.1700578705622537,0.0026496964023805525,1.1687988257253084,0.0037297633015143106,0.0019166086430795204,0.00221019314952686,-0.00029358450644733974,0,17.967741861613355,22.876060492276547,17.70692174775504,5.169138744521508,0,1,0,0,0,48.71424574244701,0,0,53.66947121041008,49.72489850231542,3.944572708094661,18.72842831668681,-46.33052807729654,0.0,0.02111984792083632,0.40826845913677356,0.6194315674530548,0.006804544375527036,0.005800193491342644,1.1811493674245859,1.165550752547643,1.1733500599861144,0.013294084525634324,0.4876981870715158,1,0.0372814841973659,0.03699567058058114,0.048436713309234984,0.06818074876985397,1.1844560886611144,1.1572379111590063,0.5849126957157207,0.0,0.0,0.0,0.0,0.0,0.0,11731581686.927246,4,8,5,2,19,0,0,0,-0.9510565162951536,0.30901699437494723,0.49999999999999994,-0.8660254037844387,0.00269835650450373,1.1747430562973022,45.594487239911345,0.002036381673895108,1.1715774536132812,38.18992465762414,-0.0029623965157234036,1.1691941022872925,35.907519276860626,0.0037930034813586453,1.172910451889038,55.75949909180992,-0.0018946143927692446,1.16838800907135,64.5507781788429,-0.002334659504696524,1.16593599319458,56.37493861665232,-0.00029001141049225543,0.0026866602588425125,0.23062325460730349,-1.5551594916682194,-0.0035286546942598735,0.0037930034813586453,0.4,0.0005630260952691995,0.004133739538161158,1.2741957512566793,1.5694814273768047,-0.004221539738742763,0.012519593943219736,0.4666666666666667,-0.0002316586243605556,0.004294983463028729,0.8046410555596375,0.7115845434872083,-0.0075411874205572795,0.012519593943219736,0.38095238095238093
1.176885962486267,1.1789672374725342,1.174936294555664,1.176885962486267,0,0.0031725334606293554,0.0009418770087463499,2,0.0,0.0,0.00208127498626709,0.0019496679306030273,0.004030942916870117,0.0,0.516324586469378,0.48367538872253146,0.0037277936935424805,0.003177571270769846,0,1.1731117486953735,0.0032172669779917396,1.1723732233047486,0.0038492341785261175,1.1738186061382294,0.0026131433185130337,1.1639008378982545,0.011156555665296386,1.1708372128009796,0.0051661746984454915,1.1679322695732117,0.007666277442236025,1.17404739628563,0.002417761079642755,1.1727300920177846,0.0035437569108316413,1.1705636551492178,0.005401079393416941,1.1691159683433852,0.006646042182818945,0.002166436868566768,0.002201441893334842,-3.5005024768074156e-05,0,17.58577977092316,21.219971435416998,15.651294489356182,5.568676946060815,0,1,0,0,0,47.89554766592449,0,0,80.22229901506049,66.28343008542792,13.938868929632562,59.692784807082056,-19.777700272646133,0.0,0.36012979148438706,0.5331320586866806,0.6637683603612166,0.006671814282764707,0.005669040582405328,1.1812596461801235,1.1663775660963354,1.1738186061382294,0.012678347407936514,0.7061107224364455,1,0.04311529648625899,0.038904347072155405,0.048739195694217835,0.06848764333370719,1.184765767768562,1.158078510637503,0.7047352856806811,0.0,0.0,0.0,0.0,0.0,0.0,11768859623.86267,0,11,5,2,20,0,0,0,0.0,1.0,0.49999999999999994,-0.8660254037844387,-0.0013500463548999234,1.1731581687927246,48.71424574244701,0.00269835650450373,1.1747430562973022,45.594487239911345,0.002036381673895108,1.1715774536132812,38.18992465762414,-0.00021111912782637615,1.1726628541946411,44.40142193836422,0.0019297471030215495,1.1706448793411255,64.03020274110983,0.0027319920379856345,1.1691256761550903,59.99080492152551,0.00015673446650035983,0.002666735368199704,-0.021835937004378088,-1.6558075587839902,-0.0034116213946593916,0.0037930034813586453,0.4666666666666667,0.000793509910346752,0.004077816494459126,1.1986180560656752,1.4639266877249555,-0.004221539738742763,0.012519593943219736,0.5,-0.00016203979708448517,0.0043143160033780915,0.7522504361893908,0.5961445747285941,-0.0075411874205572795,0.012519593943219736,0.3968253968253968
1.1775649785995483,1.1778563261032104,1.1723054647445679,1.177994966506958,0,0.0009418770087463499,-0.003785844789707131,1,0.00042998790740966797,0.00042998790740966797,-0.0001386404037475586,0.005259513854980469,0.005550861358642578,0.07746327495531087,-0.0249763761499935,0.9475130831794609,0.00067901611328125,0.0005769599900648635,1,1.1748719215393066,0.0026582002770938473,1.172938048839569,0.004311325369622754,1.173874056339264,0.003510521461044913,1.1640661883354186,0.011965623784898849,1.1708914959430694,0.006066719664370446,1.168110374212265,0.008462036132940609,1.1753632530260727,0.002239063858671564,1.1735400727084266,0.0037961155326124985,1.1711141226571986,0.005875468168345055,1.1694641643497998,0.007294624595163723,0.002425950051228032,0.0022463435249134803,0.00017960652631455153,1,15.395584776949407,18.812065297583874,19.253364415706702,-0.44129911812282785,1,1,0,0,0,55.248808279854174,0,0,88.12166126975853,74.00447716507635,14.117184104682181,43.56600104764012,-11.878338017948083,0.0,0.7527290979699952,0.4817905227560981,0.8976267293292706,0.006522353892881757,0.005536826623010489,1.1814270262224407,1.1663210864560873,1.173874056339264,0.012868450140362144,0.7728006435980086,1,0.02856903951743475,0.03864942630377658,0.04838478942934382,0.06849333807317773,1.185092830541551,1.1590034149700237,0.7279408544845574,0.0,0.0,0.0,0.0,0.0,0.0,11779949664.06958,1,12,5,2,20,0,0,0,0.9510565162951535,0.30901699437494745,0.49999999999999994,-0.8660254037844387,0.0031725334606293554,1.176885962486267,47.89554766592449,-0.0013500463548999234,1.1731581687927246,48.71424574244701,0.00269835650450373,1.1747430562973022,45.594487239911345,-0.0029623965157234036,1.1691941022872925,35.907519276860626,0.0014527001495131038,1.1723467111587524,54.001800178629,-0.0013785918865958813,1.1675150394439697,55.44018210001347,-2.5139284461356062e-05,0.002497685300588068,-0.0008489030214932428,-1.5013051317393247,-0.0034116213946593916,0.0037930034813586453,0.4666666666666667,0.0009178619271384741,0.004021301187564574,1.1765567171849602,1.5387127918834134,-0.004221539738742763,0.012519593943219736,0.5333333333333333,-0.00012898230528510623,0.004314674738245243,0.7287972199378342,0.5707155458922406,-0.0075411874205572795,0.012519593943219736,0.4126984126984127
1.173626184463501,1.1742602586746216,1.1696317195892334,1.1735436916351318,0,-0.003785844789707131,-0.0016533716024024717,1,-8.249282836914062e-05,8.249282836914062e-05,0.0006340742111206055,0.0039119720458984375,0.004628539085388184,0.01782264880236121,0.13699229621352496,0.8451850333790252,-0.004368782043457031,-0.003708659346856692,0,1.1752651691436768,-0.001464756766043518,1.1731140732765197,0.0003662203602889935,1.1735541939735412,-8.94925727534801e-06,1.1643125748634338,0.007928383554551832,1.1709188389778138,0.002241703241691262,1.1681847524642945,0.004587407136648292,1.1747567325624257,-0.0010325891255330566,1.1735406294663813,2.609256700036866e-06,1.171294090729638,0.00192061141869182,1.1696241458119696,0.003351115601419208,0.0022465387367431866,0.0022463825672794217,1.5616946376492344e-07,0,15.370539533585198,15.712489850986524,21.34865431766432,-5.636164466677796,1,1,0,0,0,54.244806685621185,0,0,56.415524906174184,74.91982839699772,-18.50430349082353,-31.82904416580667,-43.58447438153243,0.0,0.16782825717467365,0.15021925541058856,-0.2839927535608022,0.006767806296194137,0.005766982809295888,1.1805463816341728,1.1665620063129096,1.1735541939735412,0.011916258654167308,0.49924899124251126,1,0.04616322998572565,0.04412480456542756,0.041946151550926014,0.06887660150695032,1.1857261704795417,1.1586549452947652,0.5499842058770552,0.0,0.0,0.0,0.0,0.0,0.0,11735436915.351318,2,13,5,2,20,0,0,0,0.5877852522924732,-0.8090169943749473,0.49999999999999994,-0.8660254037844387,0.0009418770087463499,1.177994966506958,55.248808279854174,0.0031725334606293554,1.176885962486267,47.89554766592449,-0.0013500463548999234,1.1731581687927246,48.71424574244701,0.002036381673895108,1.1715774536132812,38.18992465762414,-0.00048057391518446503,1.171783447265625,56.66213759590633,0.007994343068552718,1.176885962486267,60.83698239084822,-5.0087510797872014e-05,0.0025355100170994954,-0.03930802470598482,-1.4544601640682588,-0.003785844789707131,0.0037930034813586453,0.4666666666666667,0.0004611308524945606,0.0037317543719321807,1.2757065330288746,2.5167671135626053,-0.004221539738742763,0.012519593943219736,0.5,-0.0001788970144003636,0.004338818065206838,0.7423987448418837,0.5330986192596242,-0.0075411874205572795,0.012519593943219736,0.4126984126984127
1.171783447265625,1.1721543073654175,1.1672425270080566,1.1716049909591675,0,-0.0016533716024024717,-0.00461711155495012,1,-0.00017845630645751953,0.00017845630645751953,0.00037086009979248047,0.00436246395111084,0.00491178035736084,0.036332305160358555,0.07550420932122609,0.8881634651591993,-0.001760244369506836,-0.0014999393562452228,0,1.1746375560760498,-0.0025817029269475933,1.1734275698661805,-0.001553209634460484,1.1730886280536652,-0.0012647272839332313,1.1644734382629394,0.0061242724490597755,1.1708689379692077,0.0006286381558413545,1.1682507127523423,0.0028711971410961823,1.1737061520280063,-0.0017901935378197287,1.17324283892681,-0.0013960009071958268,1.17131712037627,0.0002457664776387425,1.1697018260138206,0.0016270512731180187,0.0019257185505399121,0.00218224976393152,-0.0002565312133916077,1,16.793856990771104,13.743843321098227,23.424492722617295,-9.680649401519068,1,1,0,0,0,54.68227085840613,0,0,42.606288278403106,62.381158151445256,-19.77486987304215,-75.8130117480243,-57.393711009303516,0.0,-0.26712780478359566,0.26829664684282495,-0.7064716305070662,0.006705587406978278,0.005723419973583603,1.179201502927303,1.1669757531800273,1.1730886280536652,0.010421846614026058,0.3786465318666468,1,0.042306395530688996,0.04225200995439267,0.04103577989597395,0.06893929423193292,1.1855459644222541,1.1587236147943412,0.48024786401995107,0.0,0.0,0.0,0.0,0.0,0.0,11716049908.591675,3,14,5,2,20,0,0,0,-0.587785252292473,-0.8090169943749475,0.49999999999999994,-0.8660254037844387,-0.003785844789707131,1.1735436916351318,54.244806685621185,0.0009418770087463499,1.177994966506958,55.248808279854174,0.0031725334606293554,1.176885962486267,47.89554766592449,0.00269835650450373,1.1747430562973022,45.594487239911345,-0.002831679949436621,1.168470025062561,49.25510030810498,0.0025924501900808916,1.179940938949585,67.27087242241439,5.699684891454667e-05,0.002421638476040614,-0.030333728173081134,-1.3162564326054036,-0.003785844789707131,0.0037930034813586453,0.4666666666666667,0.0003589175215717119,0.003746747163750627,1.3409165626204838,2.590260566854131,-0.004221539738742763,0.012519593943219736,0.4666666666666667,-0.00020382404491988893,0.0043427673356667635,0.7575075052972217,0.5382862784826773,-0.0075411874205572795,0.012519593943219736,0.4126984126984127
1.1662487983703613,1.1664528846740723,1.1618314981460571,1.166208028793335,0,-0.00461711155495012,-0.004096754388778186,1,-4.076957702636719e-05,4.076957702636719e-05,0.0002040863037109375,0.004376530647277832,0.004621386528015137,0.008821935991942212,0.04416127022866979,0.9470167721408609,-0.005356192588806152,-0.004571671023664714,0,1.1732475280761718,-0.006000012114902864,1.17275732755661,-0.005584530327652604,1.1724853932857513,-0.005353895773737016,1.1645814681053162,0.0013966911138689753,1.1707355046272279,-0.003867206483114005,1.1682921695709227,-0.0017839209503345277,1.1712067776164492,-0.004268032783126929,1.172160560444737,-0.005078256300174111,1.1709386691479045,-0.004040041189866894,1.1695648143581154,-0.002870115125971684,0.001221891296832478,0.0019901780705117115,-0.0007682867736792335,0,20.49629024746494,11.226492697157912,29.27465902919555,-18.04816633203764,1,1,0,0,0,44.08307282142911,0,0,24.544384731783268,41.18873263878683,-16.644347907003564,-196.46359250826998,-75.45561470739842,0.0,-0.5924299198753369,-0.5714351922526117,-1.2454972843390477,0.007114641461129221,0.006100662390294647,1.1788213281675066,1.166149458403996,1.1724853932857513,0.01080769946900444,0.00462207945392828,1,0.05160729124128736,0.04367426453516471,0.0433571966184007,0.06945871023725808,1.1857996191196072,1.1573410532750905,0.3115749238922179,0.0,0.0,0.0,0.0,0.0,0.0,11662080286.93335,4,15,5,2,20,0,0,0,-0.9510565162951536,0.30901699437494723,0.49999999999999994,-0.8660254037844387,-0.0016533716024024717,1.1716049909591675,54.68227085840613,-0.003785844789707131,1.1735436916351318,54.244806685621185,0.0009418770087463499,1.177994966506958,55.248808279854174,-0.0013500463548999234,1.1731581687927246,48.71424574244701,0.0037930034813586453,1.172910451889038,55.75949909180992,0.000826284997365757,1.1809163093566895,70.38876218418301,-0.00012450296189751167,0.002667864728492806,-0.19776433516825923,-1.214603833159543,-0.00461711155495012,0.0037930034813586453,0.4666666666666667,0.0003457317943647999,0.0037640787475633833,1.3149578555150523,2.5394431471366876,-0.00461711155495012,0.012519593943219736,0.4666666666666667,-0.00025358070527532403,0.004375487468454311,0.759197710848624,0.4834102776760089,-0.0075411874205572795,0.012519593943219736,0.4126984126984127
1.1617100238800049,1.1659088134765625,1.1609008312225342,1.161440134048462,0,-0.004096754388778186,0.0035020685475766573,3,-0.00026988983154296875,0.00026988983154296875,0.004198789596557617,0.0005393028259277344,0.00500798225402832,0.053891929416619216,0.8384194072050185,0.10768864341024087,-0.004498004913330078,-0.0038569490192915485,0,1.170158362388611,-0.007450468859281356,1.171635055541992,-0.008701448069888928,1.171851283311844,-0.008884360593154783,1.1647637510299682,-0.0028534688500410077,1.1705645418167114,-0.007794878062262978,1.1682677865028381,-0.005844253032286417,1.1679512297604535,-0.005574801109434646,1.1705112640760793,-0.0077497162182395,1.170235073955353,-0.007515532735156372,1.1692461994440115,-0.006676152121421364,0.0002761901207262163,0.0016473804805546125,-0.0013711903598283962,0,24.054966848333372,10.0707511005003,28.066184763169375,-17.995433662669075,0,1,0,0,0,36.55465393039556,0,0,2.8744797635652164,23.34171759125051,-20.467237827685295,-209.0004614547858,-97.12551970343557,0.0,-1.3124320393094524,-0.9570287065916117,-1.4285818349286994,0.006873648942418763,0.005918212002772184,1.179824404017782,1.1638781626059058,1.171851283311844,0.013607734733582247,-0.15289048241418735,1,0.03650042436214677,0.047001651490769306,0.04469965032291888,0.06987601509712192,1.1843528529251495,1.1568582571554746,0.166646453532378,0.0,0.0,0.0,0.0,0.0,0.0,11614401339.48462,0,18,5,2,21,0,0,0,0.0,1.0,0.49999999999999994,-0.8660254037844387,-0.00461711155495012,1.166208028793335,44.08307282142911,-0.0016533716024024717,1.1716049909591675,54.68227085840613,-0.003785844789707131,1.1735436916351318,54.244806685621185,0.0031725334606293554,1.176885962486267,47.89554766592449,-0.00021111912782637615,1.1726628541946411,44.40142193836422,-0.00224109749069271,1.1782727241516113,72.17649087085084,-0.000526269728017494,0.002787505553963229,0.05775711948923263,-1.3530827326529304,-0.00461711155495012,0.0037930034813586453,0.4,0.0003009963685174272,0.0038098936366200756,1.2671684525052103,2.3889541349475603,-0.00461711155495012,0.012519593943219736,0.4666666666666667,-0.00032124308374360995,0.004401775203694749,0.7822062242797242,0.4574325283060413,-0.0075411874205572795,0.012519593943219736,0.3968253968253968
1.1654061079025269,1.1655012369155884,1.1593127250671387,1.1655147075653076,0,0.0035020685475766573,0.0035020685475766573,2,0.00010859966278076172,0.00010859966278076172,-1.3470649719238281e-05,0.006093382835388184,0.006188511848449707,0.01754859062815047,-0.00217671870579693,0.9846281119186732,0.003965973854064941,0.0034147036402979924,1,1.1676623106002808,-0.0018392330687502234,1.1712671160697936,-0.004911269619945591,1.1712050557136535,-0.004858541397255833,1.16483957529068,0.0005795924081659631,1.17044695019722,-0.0042139823002314,1.1682570350170136,-0.0023473666062120424,1.1671390556954049,-0.0013917349625407471,1.1697425630744223,-0.0036143470727791893,1.16988541718572,-0.0037360152163902205,1.1690998664291603,-0.0030665977017826362,-0.00014285411129777437,0.0012893335621841353,-0.0014321876734819097,0,27.73952013335741,8.845542599309102,27.77371151461782,-18.928168915308717,0,1,0,0,0,42.88778509533351,0,0,30.476781704524257,19.298548733290897,11.17823297123336,-168.49096125189592,-69.52321780407188,0.0,-1.0594492588247073,-0.3146949437041191,-0.7331115093816232,0.006782297329889556,0.005819143495387944,1.1790235111390999,1.1633866002882072,1.1712050557136535,0.013351129909552431,0.1360951203075664,1,0.053092480365878554,0.050378080714311414,0.04568852892267286,0.06953439663088147,1.1836853070834241,1.156556117763866,0.3302195897892623,0.0,0.0,0.0,0.0,0.0,0.0,11655147074.653076,1,19,5,2,21,0,0,0,0.9510565162951535,0.30901699437494745,0.49999999999999994,-0.8660254037844387,-0.004096754388778186,1.161440134048462,36.55465393039556,-0.00461711155495012,1.166208028793335,44.08307282142911,-0.0016533716024024717,1.1716049909591675,54.68227085840613,0.0009418770087463499,1.177994966506958,55.248808279854174,-0.0029623965157234036,1.1691941022872925,35.907519276860626,-0.0035286546942598735,1.1741223335266113,71.14524659381121,-0.0003896451681465905,0.002937610963476304,0.0755619244973606,-1.48310961123593,-0.00461711155495012,0.0037930034813586453,0.4,0.00032745136263167494,0.003829889621368552,1.2376169500450873,2.244764804981239,-0.00461711155495012,0.012519593943219736,0.4666666666666667,-0.0001810373577909056,0.0043802552631009494,0.730580380492712,0.4022299227177343,-0.0075411874205572795,0.012519593943219736,0.4126984126984127
